{"type":"FeatureCollection","features":[{"properties":{"name":"上越線","uri":"https://uedayou.net/jrslod/東日本旅客鉄道/上越線","color":"00BFFF"},"type":"Feature","geometry":{"type":"MultiLineString","coordinates":[[[138.83722,37.28953],[138.83736,37.28926],[138.83757,37.28887],[138.83783,37.28843],[138.83819,37.2879],[138.83837,37.28769],[138.83871,37.28738],[138.83905,37.28716],[138.83939,37.28688],[138.83967,37.28656],[138.8397,37.28652],[138.83984,37.28634],[138.84042,37.28565]],[[138.9345,37.19118],[138.93366,37.19031],[138.93319,37.18981],[138.93293,37.18953],[138.93245,37.18892],[138.93173,37.18793],[138.93099,37.18693],[138.9301,37.18571],[138.92926,37.18453],[138.92782,37.18254],[138.92639,37.18053],[138.92537,37.17916],[138.9246,37.17809],[138.92416,37.17743],[138.92403,37.17723],[138.92397,37.17707],[138.92393,37.17687],[138.92391,37.17662],[138.92389,37.17644],[138.92364,37.17372],[138.92351,37.17242],[138.92326,37.16971],[138.92321,37.16923],[138.92317,37.16874],[138.92316,37.16859]],[[138.83946,37.42127],[138.83825,37.41968],[138.8378,37.41911],[138.83771,37.419],[138.83763,37.41889]],[[138.93572,37.19233],[138.9345,37.19118]],[[138.9079,37.11896],[138.90839,37.11983],[138.90877,37.12056],[138.90897,37.12093]],[[138.83528,37.41594],[138.83546,37.41616],[138.83572,37.4165],[138.83591,37.41674],[138.83615,37.41704],[138.83625,37.41717],[138.8373,37.41846],[138.83763,37.41889]],[[138.83465,37.41312],[138.83464,37.41332],[138.83465,37.41382],[138.83467,37.41415],[138.8347,37.41438],[138.83479,37.41479],[138.8349,37.4151],[138.83513,37.41566],[138.83528,37.41594]],[[138.8276,37.02862],[138.82775,37.02867],[138.82806,37.02877],[138.82842,37.02888]],[[138.84754,37.04119],[138.84932,37.04178]],[[138.84042,37.28565],[138.84112,37.28483],[138.84178,37.28408],[138.84233,37.28346],[138.84271,37.28309],[138.84306,37.28279],[138.84341,37.28249],[138.84384,37.28218],[138.84407,37.28204],[138.84431,37.28189],[138.84466,37.28172],[138.84561,37.28133],[138.84565,37.28132],[138.84577,37.28129],[138.84615,37.28118],[138.84695,37.28099],[138.84758,37.28086],[138.84806,37.28077],[138.84834,37.28072],[138.84868,37.28065],[138.84899,37.28056],[138.8494,37.2804],[138.84974,37.28027],[138.85002,37.28017],[138.85038,37.27997],[138.8506,37.2798],[138.85062,37.27978],[138.85149,37.27908],[138.85198,37.27867],[138.8522,37.27848],[138.85221,37.27847],[138.85246,37.2782],[138.85267,37.27796],[138.85282,37.27778],[138.85288,37.27768],[138.85313,37.27725],[138.85357,37.27649],[138.85376,37.27616],[138.85404,37.27571],[138.85442,37.27524],[138.8547,37.27493],[138.85479,37.27483],[138.85493,37.27473],[138.85526,37.27451],[138.85561,37.27429],[138.85625,37.27392],[138.8565,37.27378],[138.85673,37.27367],[138.85693,37.2736],[138.8571,37.27355],[138.85726,37.27351],[138.85748,37.27347],[138.85769,37.27344],[138.85846,37.27337],[138.86014,37.27322]],[[138.82764,37.33359],[138.82794,37.33392],[138.82818,37.33418],[138.82828,37.3343],[138.82834,37.33438],[138.82844,37.33449],[138.82851,37.33459],[138.82856,37.33465],[138.82866,37.33484],[138.82877,37.33508],[138.82888,37.33537],[138.8289,37.33543],[138.829,37.33578],[138.82907,37.33615],[138.82909,37.33636],[138.82909,37.33663],[138.82908,37.3369],[138.82906,37.3371],[138.82892,37.33764],[138.82862,37.33848],[138.82843,37.33915],[138.82831,37.3396],[138.8283,37.3397],[138.82833,37.34019],[138.82834,37.34112],[138.82833,37.34122],[138.82818,37.34215],[138.82812,37.34245],[138.82807,37.34271],[138.82804,37.34294],[138.82802,37.3434],[138.82806,37.34375],[138.82814,37.34412],[138.82829,37.3445],[138.82863,37.34505],[138.82875,37.34529],[138.82923,37.3461],[138.82946,37.34649],[138.82975,37.34698],[138.83027,37.34789],[138.83041,37.34813],[138.83058,37.34843],[138.83076,37.34872],[138.83153,37.3501],[138.83162,37.35019]],[[138.89546,37.2563],[138.89717,37.25518]],[[138.92292,37.16615],[138.92305,37.16753],[138.92316,37.16859]],[[138.86413,37.27169],[138.8648,37.27115],[138.86552,37.27053],[138.86627,37.26989],[138.86665,37.26956],[138.86679,37.26944],[138.86742,37.26897],[138.86796,37.26859],[138.86849,37.26827],[138.87002,37.26758],[138.87143,37.26693],[138.8718,37.26673],[138.87337,37.26599],[138.87789,37.26395],[138.87797,37.26391],[138.8788,37.26352],[138.88052,37.26276],[138.88061,37.26272],[138.88141,37.26242],[138.88209,37.26222],[138.88343,37.26191],[138.88564,37.26142],[138.88845,37.26072],[138.88862,37.26067],[138.88874,37.26063],[138.88909,37.26048],[138.88933,37.26037],[138.8907,37.25949],[138.89546,37.2563]],[[138.81393,37.30846],[138.81404,37.30822],[138.81445,37.30731],[138.81482,37.30651],[138.8155,37.30497],[138.81624,37.30334],[138.81695,37.30171],[138.81776,37.29992],[138.818,37.29945],[138.81831,37.29887],[138.81873,37.29827],[138.81891,37.29808],[138.81917,37.29782],[138.82011,37.2971],[138.82016,37.29707],[138.8212,37.2962],[138.82159,37.29592],[138.82305,37.29476],[138.8234,37.29459],[138.82393,37.29438],[138.82467,37.29418],[138.82551,37.29403],[138.82616,37.29397],[138.82681,37.29398],[138.827,37.29398],[138.82719,37.29398],[138.82982,37.294],[138.83046,37.29398],[138.83103,37.29395],[138.83167,37.29391],[138.83195,37.29388],[138.83238,37.29379],[138.83285,37.29367],[138.83336,37.29349],[138.83389,37.29323],[138.83449,37.29288],[138.83515,37.29239],[138.83568,37.29189],[138.83582,37.29174],[138.83609,37.2914],[138.83645,37.29089],[138.8365,37.2908],[138.83698,37.29],[138.83722,37.28953]],[[138.93803,37.1945],[138.93842,37.19483],[138.93973,37.19602],[138.9401,37.19637],[138.94042,37.19666],[138.9419,37.19802],[138.94198,37.19812],[138.94276,37.19891],[138.94315,37.19931],[138.94548,37.20165],[138.94653,37.20271],[138.94726,37.20345],[138.94862,37.20483],[138.94918,37.20543],[138.94978,37.20616],[138.94998,37.20641],[138.95087,37.20749],[138.95104,37.20772],[138.95108,37.20779],[138.9512,37.20798],[138.95137,37.20823],[138.95154,37.20856],[138.95164,37.20882],[138.95174,37.20921],[138.95182,37.20951],[138.95186,37.20966],[138.95189,37.20978]],[[138.87656,37.06779],[138.88113,37.07259],[138.88144,37.07289],[138.88322,37.07476],[138.88486,37.07646],[138.88544,37.07704],[138.88701,37.07867],[138.88828,37.07998],[138.88842,37.08012],[138.88958,37.08132],[138.88966,37.08144],[138.88993,37.0817],[138.89056,37.08234],[138.8908,37.08259],[138.89109,37.0829],[138.89137,37.08317],[138.89148,37.08329],[138.89157,37.08337],[138.89163,37.08345],[138.8917,37.08354],[138.89181,37.08371],[138.8919,37.08382],[138.8921,37.08418],[138.8922,37.08442],[138.89231,37.08471],[138.89238,37.08491],[138.89247,37.08519],[138.8926,37.08564],[138.89268,37.08594],[138.89275,37.08622],[138.89279,37.08639],[138.89288,37.08677],[138.89293,37.08697],[138.89298,37.08724],[138.8932,37.08827],[138.89336,37.08924],[138.89359,37.09023],[138.8939,37.09122],[138.89414,37.09191],[138.89437,37.09237],[138.89466,37.09296],[138.89493,37.0934],[138.89554,37.09436],[138.89589,37.09484],[138.89607,37.09509],[138.89623,37.09533],[138.8964,37.09558],[138.897,37.09644],[138.898,37.09783],[138.89807,37.09794],[138.89823,37.09816],[138.89851,37.09858],[138.89859,37.0987],[138.89876,37.09896],[138.89886,37.0991],[138.8989,37.09917],[138.89893,37.09923],[138.89904,37.09953],[138.89905,37.09958],[138.89917,37.10006],[138.8992,37.10024],[138.89923,37.10064],[138.89924,37.10167],[138.89924,37.1027],[138.8993,37.10376],[138.89931,37.10389],[138.89934,37.10421],[138.8994,37.10458],[138.89942,37.10464],[138.89946,37.10481],[138.8995,37.1049],[138.89951,37.10494],[138.89996,37.10597],[138.9004,37.10695],[138.90081,37.1079],[138.90096,37.10815],[138.90129,37.10876],[138.9014,37.10898],[138.90152,37.10915],[138.90172,37.10945],[138.90214,37.10996],[138.9023,37.11016],[138.90268,37.11058],[138.90299,37.1109],[138.90323,37.11116],[138.90333,37.11127],[138.90349,37.11147],[138.90397,37.11211],[138.90409,37.11228],[138.90424,37.1125],[138.90463,37.11318],[138.90521,37.11419],[138.90587,37.11537],[138.90646,37.11637],[138.90698,37.1173],[138.90727,37.11784],[138.90776,37.1187],[138.9079,37.11896]],[[138.84078,37.423],[138.84038,37.42247],[138.83984,37.42177],[138.83946,37.42127]],[[138.83465,37.41312],[138.83456,37.41424],[138.83457,37.41461],[138.83457,37.41473],[138.83463,37.41515],[138.83465,37.41527],[138.83473,37.41559],[138.83486,37.41603],[138.83499,37.41629],[138.83521,37.41662],[138.8356,37.41708],[138.83595,37.41739],[138.8364,37.41779],[138.8367,37.41805],[138.8372,37.41846],[138.83763,37.41889]],[[138.9546,37.23247],[138.95499,37.23198],[138.95512,37.23183],[138.9558,37.23107],[138.956,37.23082],[138.95601,37.23081],[138.9564,37.23018],[138.95664,37.22967],[138.95683,37.2291],[138.95695,37.22857],[138.95698,37.2281],[138.95697,37.22776],[138.95687,37.22743],[138.95669,37.2269],[138.95625,37.22584],[138.95595,37.22513],[138.95587,37.22495],[138.95542,37.2243],[138.9553,37.22409],[138.95517,37.22386],[138.95505,37.22352],[138.95476,37.22227],[138.95465,37.22181],[138.95394,37.21872],[138.95311,37.21529],[138.9527,37.21341],[138.95231,37.2116],[138.95189,37.20978]],[[138.89717,37.25518],[138.89796,37.25465],[138.89898,37.25397],[138.90041,37.25303],[138.90052,37.25296],[138.90072,37.25281],[138.90193,37.25195],[138.9035,37.25069],[138.90418,37.25013],[138.90442,37.24994],[138.90461,37.24978],[138.90499,37.24949],[138.90576,37.24893],[138.90603,37.24876],[138.90666,37.24838],[138.90721,37.24809],[138.90789,37.24776],[138.90846,37.24751],[138.90971,37.24696],[138.91098,37.24641],[138.91283,37.24561],[138.91315,37.24547],[138.91376,37.24521],[138.91401,37.2451],[138.91426,37.24499],[138.91629,37.24412],[138.91665,37.24396],[138.91708,37.24378],[138.91803,37.24337],[138.92049,37.24232],[138.92301,37.24122],[138.92331,37.24109],[138.9243,37.24066],[138.92465,37.24052],[138.92581,37.24002],[138.9261,37.2399],[138.92702,37.2395]],[[138.83162,37.35019],[138.83199,37.35085],[138.83278,37.35219],[138.83355,37.35355],[138.83367,37.35377],[138.83405,37.35442],[138.83433,37.35492],[138.83441,37.35507],[138.83453,37.35532],[138.8346,37.35553],[138.8347,37.35581],[138.83482,37.3563],[138.83486,37.35645],[138.83497,37.35694],[138.83503,37.35735],[138.83505,37.35771],[138.83506,37.35855],[138.83506,37.35911],[138.83505,37.36051],[138.83504,37.36191],[138.83503,37.3633],[138.83502,37.3647],[138.835,37.36609],[138.83498,37.36748],[138.83498,37.36757]],[[138.90897,37.12093],[138.90921,37.12134],[138.90963,37.12214],[138.91039,37.1235],[138.91097,37.12455],[138.91163,37.12575],[138.91228,37.12692],[138.91257,37.12744],[138.91292,37.12807],[138.91365,37.12938],[138.91423,37.13043],[138.91446,37.13085],[138.91455,37.13102],[138.91484,37.13156],[138.91488,37.13163],[138.91502,37.13188],[138.91512,37.13205],[138.91523,37.13224],[138.91555,37.13282],[138.91621,37.13402],[138.91677,37.13503],[138.91686,37.13521],[138.91756,37.13645],[138.91781,37.13691],[138.91821,37.13763],[138.9191,37.13921],[138.9198,37.14041],[138.92018,37.14109],[138.92034,37.14134],[138.92042,37.14158],[138.92051,37.14194],[138.92056,37.14225],[138.92059,37.14265],[138.92066,37.14339],[138.9207,37.14368],[138.92071,37.14379],[138.92075,37.14426],[138.92078,37.14466],[138.92081,37.14497],[138.92089,37.14574],[138.92091,37.14599],[138.92093,37.14618],[138.92095,37.14631],[138.92109,37.14755],[138.92117,37.14849],[138.92118,37.14863],[138.92121,37.14892],[138.9213,37.14986],[138.92143,37.15107],[138.92155,37.1523],[138.92166,37.15353],[138.92172,37.15413],[138.92174,37.15434],[138.92178,37.15475],[138.9219,37.15597],[138.92202,37.1572],[138.92211,37.15815],[138.92214,37.15843],[138.92214,37.15847],[138.92226,37.15965],[138.92237,37.16088],[138.92252,37.16223],[138.92265,37.16348],[138.92282,37.16517],[138.9229,37.16594],[138.92292,37.16615]],[[138.92955,37.23841],[138.93038,37.23804],[138.93057,37.23796],[138.93158,37.2376],[138.93239,37.23736],[138.93318,37.23717],[138.93374,37.23708],[138.93396,37.23705],[138.93409,37.23703],[138.93463,37.23698],[138.93585,37.23689],[138.93806,37.23674],[138.93841,37.23671],[138.94054,37.23656],[138.94101,37.23654],[138.94324,37.23661],[138.9437,37.23662],[138.94484,37.23665],[138.94605,37.23669],[138.9476,37.23674],[138.94872,37.23678],[138.94945,37.23675],[138.94995,37.23668],[138.95029,37.23659],[138.95066,37.23645],[138.95097,37.23627],[138.95148,37.2358],[138.95242,37.23484],[138.95262,37.23467]],[[138.93572,37.19233],[138.93701,37.19353],[138.93803,37.1945]],[[138.87656,37.06779],[138.87638,37.06759],[138.87593,37.06711],[138.87564,37.0668],[138.8754,37.06651],[138.87526,37.06634],[138.87512,37.06613],[138.87499,37.06593],[138.8749,37.06579],[138.87483,37.06567],[138.87477,37.06556]],[[138.83722,37.28953],[138.83741,37.2889],[138.83761,37.28842],[138.83774,37.28808],[138.83801,37.28766],[138.83817,37.28744],[138.83823,37.28737],[138.83843,37.28717],[138.83865,37.28696],[138.83897,37.28668],[138.83936,37.28641],[138.83946,37.28635],[138.83961,37.28627],[138.83992,37.28607],[138.84042,37.28565]],[[138.83498,37.36757],[138.83497,37.36888],[138.83497,37.36972]],[[138.82842,37.02888],[138.82906,37.02907],[138.82935,37.02916],[138.82989,37.02934],[138.83045,37.02954],[138.8308,37.02969],[138.83129,37.02995],[138.83158,37.03013],[138.83179,37.03026],[138.83191,37.03034],[138.83213,37.03051],[138.83307,37.0313],[138.83389,37.03197],[138.8353,37.03315],[138.83603,37.03376],[138.83737,37.0349],[138.83758,37.03507],[138.83941,37.03662],[138.84014,37.03722],[138.84089,37.03786],[138.84159,37.03845],[138.84186,37.03867],[138.84211,37.03885],[138.84235,37.03902],[138.84257,37.03917],[138.84307,37.03949],[138.84335,37.03965],[138.84406,37.03998],[138.84455,37.04019],[138.84513,37.04042],[138.84553,37.04056],[138.84592,37.0407],[138.84638,37.04085],[138.84688,37.041],[138.84754,37.04119]],[[138.82764,37.33359],[138.82788,37.33372],[138.82802,37.3338],[138.82814,37.33387],[138.82835,37.334],[138.82856,37.33414],[138.8286,37.33418],[138.8288,37.33437],[138.8288,37.33439],[138.82886,37.33448],[138.8289,37.33455],[138.82897,37.33473],[138.8291,37.33496],[138.82924,37.33539],[138.82932,37.33569],[138.82936,37.33586],[138.82945,37.33636],[138.82948,37.33697],[138.82959,37.3379],[138.82965,37.33841],[138.82984,37.33983],[138.83003,37.34126],[138.83024,37.34296],[138.83031,37.34349],[138.83041,37.34427],[138.83055,37.34556],[138.83057,37.34569],[138.83074,37.34686],[138.83076,37.34698],[138.83104,37.34834],[138.83111,37.34865],[138.83123,37.34904],[138.83131,37.34923],[138.8315,37.3498],[138.83162,37.35019]],[[138.81304,37.31089],[138.81315,37.31048],[138.81328,37.31006],[138.81393,37.30846]],[[138.92702,37.2395],[138.92955,37.23841]],[[138.81304,37.31089],[138.81302,37.31093],[138.81294,37.31136],[138.81289,37.31181],[138.81288,37.3122],[138.81286,37.31235],[138.81292,37.31282],[138.81311,37.31343],[138.81329,37.31392],[138.81375,37.31495],[138.81393,37.31531],[138.81406,37.31555],[138.81469,37.31687],[138.81483,37.31717],[138.81548,37.31855],[138.81563,37.31878],[138.816,37.31934],[138.81605,37.3194],[138.8163,37.31969],[138.81677,37.32021],[138.81765,37.32124],[138.81882,37.32257],[138.81899,37.32276],[138.8198,37.32365],[138.82007,37.32402],[138.82044,37.32453],[138.8207,37.32492],[138.82103,37.32537],[138.82129,37.32571],[138.82146,37.32592],[138.82166,37.3262],[138.82215,37.32684],[138.82247,37.32727],[138.8225,37.32732],[138.82259,37.32743],[138.82269,37.32757],[138.82362,37.32884],[138.82482,37.33045],[138.82591,37.33193],[138.82606,37.33212],[138.82627,37.33232],[138.82644,37.33248],[138.82647,37.3325],[138.82664,37.33264],[138.82702,37.33297],[138.82764,37.33359]],[[138.84932,37.04178],[138.8494,37.04183],[138.85083,37.04224],[138.85148,37.04248],[138.85192,37.04265],[138.85236,37.04282],[138.85259,37.04293],[138.85283,37.04303],[138.85306,37.04316],[138.85326,37.04327],[138.85367,37.04348],[138.854,37.04369],[138.85431,37.04388],[138.85464,37.04409],[138.85485,37.04423],[138.85513,37.04443],[138.85541,37.04463],[138.85566,37.04481],[138.85599,37.04507],[138.85675,37.04563],[138.85697,37.04578],[138.85799,37.04652],[138.85965,37.04775],[138.86051,37.04839],[138.86165,37.04924],[138.86236,37.04978],[138.86391,37.05096],[138.86494,37.05173],[138.86603,37.05256],[138.8668,37.05314],[138.86742,37.05361],[138.86779,37.05393],[138.86791,37.05404],[138.86801,37.05415],[138.86808,37.05425],[138.86818,37.05442],[138.86836,37.0547],[138.86845,37.05486],[138.86859,37.0551],[138.86869,37.05525],[138.8691,37.05595],[138.87002,37.05751],[138.8711,37.05933],[138.8716,37.06019],[138.8718,37.06055],[138.87205,37.06101],[138.87259,37.06192],[138.87306,37.0627],[138.87322,37.06297],[138.87343,37.0633],[138.8736,37.0636],[138.87376,37.06387],[138.87393,37.06413],[138.87405,37.06433],[138.87436,37.06487],[138.87464,37.0653],[138.87477,37.06556]],[[138.83497,37.36972],[138.83496,37.37029],[138.83495,37.37166],[138.83495,37.37303],[138.83494,37.3744],[138.83494,37.37577],[138.83493,37.37648],[138.83492,37.37714],[138.83491,37.37851],[138.83492,37.37989],[138.83491,37.38125],[138.8349,37.38262],[138.83489,37.38396],[138.83487,37.38533],[138.83487,37.38549],[138.83485,37.38668],[138.83487,37.38805],[138.83486,37.38829],[138.83482,37.38944],[138.83482,37.39081],[138.83481,37.39219],[138.83481,37.39356],[138.83479,37.39451],[138.83479,37.39493],[138.83478,37.3963],[138.83477,37.39767],[138.83476,37.39903],[138.83475,37.4004],[138.83474,37.40176],[138.83473,37.40311],[138.83473,37.40352],[138.83472,37.40445],[138.8347,37.4058],[138.83469,37.40712],[138.83468,37.40844],[138.83468,37.40977],[138.83466,37.41107],[138.83467,37.41125],[138.83467,37.41254],[138.83466,37.41279],[138.83465,37.41299],[138.83465,37.41312]],[[138.93803,37.1945],[138.93829,37.19483],[138.93935,37.19595],[138.93944,37.19605],[138.9398,37.19644],[138.94018,37.19684],[138.94098,37.19766],[138.94103,37.19771],[138.94214,37.19893],[138.94277,37.19962],[138.94489,37.20192],[138.94555,37.20266],[138.94626,37.20341],[138.94765,37.20486],[138.94935,37.20664],[138.94949,37.20679],[138.95002,37.20735],[138.95066,37.20807],[138.95086,37.20826],[138.95093,37.20833],[138.95098,37.2084],[138.95108,37.20853],[138.9512,37.20866],[138.95132,37.20884],[138.95148,37.20908],[138.9516,37.20927],[138.95177,37.20955],[138.95186,37.20972],[138.95189,37.20978]],[[138.86299,37.27251],[138.86302,37.27247],[138.8633,37.27231],[138.86354,37.27216],[138.86385,37.27194],[138.86413,37.27169]],[[138.86014,37.27322],[138.86072,37.27319],[138.86109,37.27315],[138.86143,37.27309],[138.86174,37.27302],[138.86206,37.27294],[138.86219,37.2729],[138.86247,37.27278],[138.86262,37.27271],[138.86277,37.27264],[138.86299,37.27251]],[[138.95262,37.23467],[138.9546,37.23247]],[[138.80824,36.93694],[138.80879,36.93625],[138.81079,36.93397]],[[138.80824,36.93694],[138.80744,36.93787],[138.80646,36.93901]],[[138.82163,37.02177],[138.82205,37.02251],[138.82235,37.02305],[138.8231,37.02441],[138.82331,37.02477],[138.82361,37.02535],[138.82412,37.02619],[138.82428,37.02643],[138.82447,37.02666],[138.82465,37.02687],[138.82481,37.02701],[138.82501,37.02719],[138.82518,37.02735],[138.82538,37.0275],[138.82561,37.02768],[138.82584,37.02783],[138.82608,37.02797],[138.82634,37.02812],[138.82656,37.02824],[138.82678,37.02832],[138.82697,37.0284],[138.82726,37.02851],[138.82747,37.02859],[138.8276,37.02862]],[[139.04833,36.60097],[139.04817,36.60138],[139.04801,36.60166],[139.04784,36.60194],[139.0476,36.60227],[139.04728,36.60267],[139.04696,36.60308],[139.04673,36.60335]],[[138.96842,36.83027],[138.96876,36.82994],[138.96908,36.82964],[138.96952,36.82919],[138.96998,36.82873],[138.97065,36.82805],[138.97136,36.82733],[138.9716,36.82711],[138.97268,36.82605],[138.97353,36.82522],[138.97403,36.8248],[138.9747,36.8243],[138.97497,36.82412],[138.97553,36.82378],[138.97616,36.82342],[138.97695,36.823],[138.97796,36.82256],[138.97885,36.82218],[138.97943,36.82192],[138.98012,36.82162],[138.98019,36.8216],[138.98049,36.82149],[138.98114,36.82121],[138.98168,36.82097],[138.98203,36.82082],[138.98325,36.82032],[138.98409,36.81996],[138.98506,36.81955],[138.98532,36.81943],[138.98552,36.81935],[138.98619,36.81906],[138.98628,36.81903],[138.98634,36.81901],[138.98639,36.81899],[138.98668,36.81885],[138.98716,36.81866],[138.98736,36.81855],[138.98759,36.81838],[138.98792,36.8181],[138.98818,36.81776],[138.98838,36.81741],[138.98848,36.81716],[138.98853,36.8169],[138.98858,36.81649],[138.98855,36.81614],[138.98851,36.81559],[138.98844,36.81506],[138.98839,36.81461],[138.98827,36.81348],[138.98821,36.81291],[138.98819,36.81252],[138.98808,36.81149],[138.98806,36.81128],[138.988,36.81074],[138.98793,36.81014],[138.98789,36.80963],[138.9878,36.80895],[138.98776,36.80857],[138.98774,36.80824],[138.98774,36.80797],[138.98778,36.80769],[138.98784,36.80745],[138.98794,36.80719],[138.98802,36.80698],[138.98814,36.80676],[138.98824,36.8066],[138.98839,36.8064],[138.98858,36.80612],[138.98868,36.806],[138.98873,36.80593]],[[138.83788,36.92427],[138.83671,36.92444],[138.83577,36.9246],[138.83479,36.92476],[138.83412,36.92488],[138.83271,36.9251],[138.83178,36.92525],[138.83079,36.92533],[138.83038,36.92533],[138.82969,36.92525],[138.82913,36.92513],[138.82911,36.92513],[138.82844,36.92508],[138.82726,36.92519],[138.8266,36.92534],[138.82615,36.92547],[138.82569,36.92571],[138.82542,36.92586],[138.82521,36.926],[138.82489,36.92626],[138.82455,36.92657],[138.82413,36.92706],[138.8237,36.92784],[138.82344,36.9282],[138.82307,36.92871],[138.82268,36.92918],[138.82227,36.92949],[138.82184,36.92973],[138.82126,36.92998],[138.82083,36.93014],[138.82038,36.93029],[138.82016,36.93033],[138.81999,36.93039],[138.81956,36.93054],[138.81918,36.93071],[138.81885,36.93092],[138.81858,36.93113],[138.81777,36.93175],[138.81722,36.9321],[138.81669,36.93233],[138.81611,36.93252],[138.81539,36.93271],[138.81473,36.93292],[138.81394,36.93324],[138.81332,36.93348],[138.81296,36.93366],[138.81248,36.93399],[138.81138,36.93481],[138.81083,36.93526]],[[138.9696,36.78009],[138.96941,36.77967],[138.96919,36.77907],[138.96901,36.77808]],[[138.99929,36.68015],[138.99845,36.68079],[138.99799,36.68114],[138.99785,36.68125],[138.99772,36.68136],[138.99759,36.68147],[138.99748,36.68158],[138.99742,36.68164],[138.99739,36.68168],[138.99733,36.68175],[138.99727,36.68184],[138.9968,36.6824],[138.99666,36.6826],[138.99656,36.68283],[138.9964,36.68334],[138.99619,36.68401],[138.99599,36.6847],[138.99598,36.68476],[138.99583,36.6852],[138.99566,36.68571],[138.99524,36.68679],[138.99505,36.68725],[138.99489,36.68772],[138.99465,36.68832],[138.99448,36.68879],[138.99428,36.68925],[138.99411,36.68971],[138.9938,36.69029],[138.99352,36.69073],[138.99304,36.69151],[138.99276,36.69198],[138.99255,36.69241],[138.99235,36.69288],[138.99227,36.69317],[138.99221,36.69341],[138.99197,36.69405],[138.99174,36.69452],[138.99149,36.69491],[138.99117,36.69529],[138.99087,36.69559],[138.99045,36.69594],[138.99013,36.69616],[138.9898,36.69637],[138.98948,36.69653],[138.9892,36.69665],[138.98902,36.69672],[138.98849,36.69688],[138.98799,36.697],[138.98746,36.69712],[138.98678,36.69742],[138.98639,36.69759],[138.98523,36.69837],[138.98441,36.69892],[138.98416,36.69909],[138.98394,36.69926],[138.9839,36.69929],[138.98328,36.69987],[138.9829,36.70033],[138.98252,36.70089],[138.982,36.70186],[138.98192,36.702],[138.98161,36.70254],[138.981,36.70362],[138.98072,36.70415],[138.98061,36.70434],[138.98055,36.70446],[138.98023,36.70499],[138.98021,36.70503],[138.97988,36.70561],[138.97949,36.70667],[138.97943,36.70741],[138.97943,36.7079],[138.97949,36.7084],[138.97955,36.70887],[138.97972,36.71],[138.97982,36.71065],[138.97986,36.71083],[138.97989,36.71097],[138.97994,36.71114],[138.98013,36.71164],[138.98021,36.7119],[138.98025,36.71206],[138.98031,36.71234],[138.98036,36.713],[138.9804,36.71357],[138.98042,36.71387],[138.98046,36.71447],[138.98046,36.71462],[138.98055,36.71569],[138.9807,36.71649],[138.98085,36.71694],[138.98091,36.71714],[138.98101,36.71732],[138.98115,36.71759],[138.98135,36.71788],[138.98158,36.71817],[138.98194,36.71859],[138.98209,36.71879],[138.98223,36.71903],[138.98242,36.71939],[138.983,36.72066],[138.98305,36.72078],[138.98329,36.72128],[138.98343,36.72162],[138.98354,36.72196],[138.98359,36.72209],[138.98363,36.72225],[138.98366,36.7225],[138.98365,36.72284],[138.98363,36.72303],[138.98357,36.72321],[138.98351,36.72336],[138.98339,36.72361],[138.98332,36.72376],[138.98317,36.72402],[138.98294,36.72439],[138.98266,36.72492],[138.9825,36.72524],[138.98238,36.72557],[138.98227,36.72595],[138.98214,36.72642],[138.98211,36.72678],[138.98213,36.72719],[138.98221,36.72763],[138.98231,36.72795],[138.98238,36.72812],[138.98245,36.72828],[138.98256,36.72846],[138.98263,36.72856],[138.98285,36.72887],[138.98298,36.72906],[138.98316,36.72935],[138.98327,36.72954],[138.98338,36.72976],[138.98345,36.72992],[138.98353,36.73012],[138.98361,36.73036],[138.9837,36.73071],[138.98374,36.73091],[138.98394,36.73205],[138.98439,36.73466]],[[138.985699,36.801973],[138.985589,36.803079],[138.985462,36.803577],[138.985215,36.804196]],[[138.86419,36.87312],[138.86508,36.87266],[138.86569,36.87235],[138.86623,36.87213],[138.86686,36.87189],[138.86726,36.87176],[138.8676,36.87161],[138.86816,36.8714],[138.86883,36.87116],[138.86954,36.87089],[138.87021,36.87063],[138.87129,36.87023],[138.87181,36.87003],[138.87262,36.8697],[138.87318,36.86949],[138.87415,36.8691],[138.8749,36.8688],[138.87584,36.86842],[138.8766,36.86812],[138.87801,36.86756],[138.87919,36.86709],[138.87986,36.86682],[138.88131,36.86624],[138.88176,36.86606],[138.88234,36.86583],[138.88388,36.86522],[138.88562,36.86453],[138.88733,36.86386],[138.88903,36.86318],[138.89132,36.86228],[138.89173,36.86211],[138.89291,36.86164],[138.89479,36.86087],[138.89656,36.86018],[138.89738,36.85985],[138.89884,36.85928],[138.8998,36.8589],[138.90142,36.85825],[138.90168,36.85815],[138.90295,36.85764],[138.90397,36.85724],[138.90558,36.85661],[138.90659,36.85621],[138.90891,36.85528],[138.91045,36.85467],[138.91164,36.85419],[138.91318,36.85358],[138.9154,36.8527],[138.91621,36.85238],[138.91692,36.85209],[138.91899,36.85128],[138.91999,36.85087],[138.92142,36.85031],[138.92204,36.85008],[138.92333,36.84956],[138.92541,36.84873],[138.92617,36.84843],[138.92747,36.84791],[138.92869,36.84742],[138.9307,36.84663],[138.93158,36.84628],[138.93352,36.84549],[138.93542,36.84475],[138.93613,36.84447],[138.9375,36.84392],[138.94012,36.84289],[138.9415,36.84234],[138.94325,36.84164],[138.9457,36.84067],[138.94609,36.84052],[138.94761,36.83991],[138.94971,36.83908],[138.95103,36.83856],[138.95244,36.838],[138.95407,36.83734],[138.95579,36.83667],[138.95605,36.83656],[138.9564,36.83642],[138.95711,36.83611],[138.95804,36.83573],[138.9594,36.8352],[138.96016,36.8349],[138.96087,36.8346],[138.96178,36.83425],[138.96263,36.83392],[138.96333,36.83362],[138.96417,36.83332],[138.96466,36.83312],[138.96524,36.83285],[138.96561,36.83265],[138.96581,36.83251],[138.96638,36.83213],[138.96658,36.83199],[138.96695,36.8317],[138.96709,36.83156],[138.96748,36.83122]],[[138.98594,36.80201],[138.98588,36.80186],[138.98583,36.8017],[138.98579,36.80143],[138.98576,36.80112],[138.98572,36.8009]],[[138.98572,36.8009],[138.98572,36.8009]],[[139.03487,36.62466],[139.03475,36.62506],[139.03472,36.62517],[139.03471,36.62551],[139.03473,36.62579],[139.03476,36.62603],[139.03487,36.62633],[139.03508,36.62675],[139.03529,36.62713],[139.03552,36.62749],[139.03588,36.62801],[139.03614,36.62833],[139.03654,36.62881],[139.03682,36.6291],[139.03732,36.62959],[139.03762,36.62991],[139.03809,36.63038],[139.03893,36.63118],[139.03937,36.63163],[139.03994,36.63216]],[[139.03638,36.64124],[139.03491,36.64335]],[[138.96923,36.77657],[138.96939,36.77618],[138.96964,36.77567],[138.96971,36.77555],[138.96993,36.7752],[138.97003,36.77502],[138.97025,36.77464],[138.97052,36.77421],[138.97072,36.7739],[138.97095,36.77351],[138.97114,36.77311],[138.97128,36.77273],[138.97135,36.77255],[138.97141,36.77228],[138.97151,36.77184],[138.9716,36.77143],[138.97167,36.77116],[138.97179,36.77067],[138.97184,36.77042],[138.97188,36.77015],[138.97193,36.76985],[138.97198,36.76947],[138.97202,36.76906],[138.97203,36.76854],[138.97203,36.76831],[138.97198,36.76799],[138.97195,36.76783],[138.97191,36.76766],[138.97184,36.76743],[138.97179,36.76726],[138.97162,36.76692],[138.97149,36.76672],[138.97129,36.76643],[138.97125,36.7664],[138.97122,36.76634],[138.97117,36.76625],[138.97113,36.76618],[138.97107,36.76605],[138.97101,36.7659],[138.97085,36.76549],[138.97082,36.76516],[138.97082,36.7648],[138.97084,36.76438],[138.97084,36.76431],[138.97094,36.76377],[138.97098,36.7635],[138.97104,36.76311],[138.97113,36.7627],[138.97124,36.76236],[138.97136,36.76209],[138.97148,36.76182],[138.97159,36.76162],[138.97179,36.76137],[138.97197,36.76117],[138.97223,36.76091],[138.97253,36.76067],[138.97284,36.76047],[138.97308,36.76033],[138.97337,36.76021],[138.97365,36.76009],[138.97416,36.75989],[138.9747,36.75968],[138.97519,36.75943],[138.97563,36.75917],[138.97596,36.7589],[138.97631,36.75858],[138.97651,36.75838],[138.97677,36.75802],[138.97706,36.75755]],[[138.9786,36.78514],[138.9787,36.7853],[138.97907,36.78578],[138.97939,36.78622],[138.97988,36.78689],[138.98019,36.78729],[138.98065,36.78791],[138.98095,36.7883],[138.98133,36.78882],[138.98158,36.78917],[138.98181,36.78945],[138.98213,36.78981],[138.98228,36.78995],[138.98256,36.79019],[138.98297,36.79048],[138.98302,36.79052],[138.98341,36.7908],[138.98371,36.79096],[138.98438,36.79128],[138.98491,36.7915],[138.98524,36.79166],[138.98562,36.79183],[138.98595,36.79197],[138.98631,36.79213],[138.98649,36.79222],[138.98686,36.79246],[138.98705,36.79259],[138.98742,36.79289],[138.98769,36.79315],[138.98796,36.79351],[138.98812,36.79373],[138.98826,36.79397],[138.98837,36.7943],[138.98843,36.7946],[138.98846,36.79486],[138.98848,36.79534],[138.98842,36.79572],[138.98827,36.79622],[138.98805,36.79667],[138.98789,36.79694],[138.9877,36.79722],[138.98768,36.79725],[138.98751,36.79747],[138.98724,36.79775],[138.98703,36.79798],[138.98679,36.79825],[138.98657,36.79853],[138.98638,36.7988],[138.98625,36.79901],[138.98611,36.79924],[138.986,36.79951],[138.9859,36.79981],[138.98585,36.80004],[138.9858,36.80033],[138.98574,36.80064],[138.98572,36.8009]],[[139.00094,36.67895],[139.00055,36.67923],[138.99952,36.67998],[138.99929,36.68015]],[[139.03638,36.64124],[139.03649,36.64106],[139.0367,36.64075],[139.03691,36.64046],[139.03692,36.64043],[139.03696,36.6404],[139.03711,36.64018],[139.03725,36.63999],[139.03732,36.63988],[139.03741,36.63975],[139.03748,36.63966],[139.03855,36.63811],[139.03905,36.63734],[139.03906,36.63729],[139.03908,36.63728],[139.03926,36.63699],[139.0396,36.63637],[139.03972,36.63612],[139.03998,36.63553],[139.04005,36.63537],[139.04009,36.63525],[139.04019,36.63486],[139.04024,36.63469],[139.04031,36.6343],[139.04035,36.63388],[139.04036,36.63365],[139.04034,36.63334],[139.04032,36.63313],[139.0403,36.63309],[139.04029,36.63299],[139.04028,36.63292],[139.04024,36.63277],[139.04017,36.6326],[139.04011,36.63245],[139.03994,36.63216]],[[138.985699,36.801973],[138.985671,36.801641],[138.98567,36.80131],[138.98572,36.8009]],[[138.98572,36.8009],[138.98572,36.8009]],[[138.84856,36.90913],[138.84849,36.91055],[138.84847,36.91151]],[[138.84847,36.91151],[138.84844,36.91209],[138.84842,36.91271],[138.8484,36.91321],[138.84841,36.9136],[138.84843,36.91377],[138.84847,36.91397],[138.84854,36.91422],[138.84859,36.91437],[138.84875,36.91472],[138.84889,36.915],[138.84898,36.91521],[138.84921,36.91563],[138.84923,36.91567],[138.84934,36.91587],[138.84938,36.91595],[138.84961,36.91629],[138.84976,36.91653],[138.8499,36.91678],[138.85011,36.91717],[138.85021,36.91734],[138.85033,36.91756],[138.85042,36.91775],[138.85056,36.918],[138.85067,36.91821],[138.85082,36.91846],[138.85091,36.91866],[138.851,36.91891],[138.85106,36.91908],[138.85113,36.91936],[138.8512,36.91974],[138.85125,36.92008],[138.85126,36.92027],[138.85128,36.9206],[138.85127,36.92107],[138.85122,36.92163],[138.85116,36.92225],[138.85114,36.92265],[138.85119,36.92293],[138.85131,36.92334],[138.85155,36.92388],[138.8518,36.92435],[138.8521,36.92482],[138.85237,36.9254],[138.85247,36.92564],[138.85265,36.92638],[138.85263,36.92691],[138.85245,36.92754],[138.85212,36.92812],[138.85184,36.92847],[138.8515,36.92882],[138.85145,36.92888],[138.85092,36.92924],[138.85035,36.92954],[138.84986,36.92974],[138.84924,36.92994],[138.84885,36.93002],[138.84833,36.93008],[138.84773,36.93006],[138.84718,36.92997],[138.84676,36.92987],[138.84622,36.92971],[138.84576,36.92952],[138.84522,36.92922],[138.84496,36.92903],[138.8444,36.92854],[138.84409,36.92812],[138.84368,36.92741],[138.84349,36.92704],[138.84309,36.92638],[138.84294,36.92611],[138.84276,36.9258],[138.84263,36.92565],[138.84252,36.92552],[138.84224,36.92524],[138.8418,36.92491],[138.84132,36.92463],[138.84083,36.92442]],[[138.96748,36.83122],[138.96842,36.83027]],[[138.84231,36.89637],[138.84252,36.89659],[138.8429,36.89699],[138.84334,36.8974],[138.84375,36.89783],[138.84432,36.89847],[138.84481,36.89911],[138.84523,36.89981],[138.84554,36.90054],[138.84586,36.90116],[138.84647,36.90249],[138.84654,36.90261],[138.84681,36.90317],[138.84732,36.90423]],[[138.82103,37.02069],[138.82163,37.02177]],[[139.03487,36.62466],[139.03491,36.62448],[139.03498,36.6243],[139.03504,36.62416],[139.0352,36.62385],[139.03546,36.62346],[139.03576,36.62313],[139.03599,36.62294],[139.0362,36.6228],[139.03654,36.62257],[139.03689,36.62238],[139.03741,36.62212],[139.03805,36.62179],[139.03807,36.62178],[139.03851,36.62154],[139.03891,36.62131],[139.03926,36.62107],[139.0396,36.62077],[139.04002,36.62032],[139.04005,36.62029],[139.04016,36.62014],[139.04043,36.61975],[139.04051,36.61957],[139.04062,36.61931],[139.04069,36.61897],[139.04074,36.61866],[139.0408,36.61845],[139.04087,36.61825],[139.04097,36.61803],[139.04107,36.61786],[139.04127,36.61751],[139.04137,36.61733],[139.04143,36.61726],[139.04148,36.61713],[139.04158,36.61691],[139.04166,36.61669],[139.04178,36.61632],[139.04185,36.61605],[139.04187,36.61581],[139.04187,36.61555],[139.04185,36.61519],[139.04179,36.61476],[139.0417,36.61416],[139.04148,36.61273],[139.04139,36.61203],[139.04133,36.61158]],[[138.84231,36.89637],[138.84221,36.89626],[138.84208,36.89613],[138.84174,36.89578],[138.84143,36.89546],[138.84114,36.89516],[138.84076,36.89477],[138.84037,36.89437],[138.84006,36.89404],[138.83965,36.89365],[138.83937,36.89336],[138.83909,36.89312],[138.83875,36.89289],[138.83845,36.89276],[138.83787,36.89258],[138.83783,36.89257],[138.8374,36.89247],[138.83702,36.89242],[138.83662,36.89244],[138.83608,36.8925],[138.8355,36.89267],[138.83512,36.89282],[138.83478,36.893],[138.83442,36.89324],[138.8341,36.89357],[138.83383,36.89386],[138.83355,36.89425],[138.83335,36.89462],[138.83323,36.89484],[138.83309,36.89518],[138.83296,36.89548],[138.83282,36.89603],[138.8328,36.89621],[138.8328,36.89649],[138.83279,36.89674],[138.8328,36.89703],[138.83287,36.89748],[138.83295,36.89782],[138.83305,36.89812],[138.83313,36.89837],[138.83322,36.89858],[138.83339,36.89886],[138.83364,36.89918],[138.83398,36.89946],[138.83436,36.89971],[138.83458,36.89983],[138.83488,36.89999],[138.8352,36.90013],[138.83556,36.90026],[138.83596,36.90034],[138.83649,36.90043],[138.83699,36.90045],[138.83747,36.90043],[138.83813,36.90036],[138.83874,36.90024],[138.83892,36.90017],[138.83961,36.89987],[138.84011,36.8996],[138.84036,36.89944],[138.84057,36.89928],[138.84079,36.89911],[138.84093,36.89898],[138.84114,36.89871],[138.84133,36.89846],[138.84152,36.8981],[138.84172,36.89771],[138.84192,36.89723],[138.84215,36.89674],[138.84225,36.89652],[138.84231,36.89637]],[[138.84231,36.89637],[138.84251,36.89593],[138.84276,36.89543],[138.84297,36.89495],[138.84318,36.89451],[138.8433,36.89422],[138.8435,36.8938],[138.84368,36.89345],[138.84393,36.89291],[138.8441,36.89255],[138.84411,36.89252],[138.8443,36.89212],[138.84452,36.89166],[138.84472,36.89125],[138.84492,36.89084],[138.8451,36.89044],[138.84544,36.88976],[138.84566,36.8894],[138.84589,36.88908],[138.84611,36.88878],[138.84645,36.88839],[138.84676,36.88811],[138.84705,36.88782],[138.84741,36.88753],[138.84775,36.88723],[138.84811,36.88694],[138.84841,36.88669],[138.84864,36.88647],[138.84915,36.886],[138.84962,36.88558]],[[138.86249,36.87451],[138.86288,36.87417],[138.86351,36.87367],[138.86385,36.87336],[138.86419,36.87312]],[[138.84732,36.90423],[138.84699,36.90387],[138.84672,36.90363],[138.84641,36.90337],[138.84603,36.90308],[138.84591,36.903],[138.84584,36.90297],[138.84568,36.90288],[138.84559,36.90283],[138.84541,36.90274],[138.84525,36.90266],[138.84509,36.9026],[138.84498,36.90255],[138.84473,36.90244],[138.8445,36.90236],[138.84417,36.90225],[138.84389,36.90217],[138.84375,36.90213],[138.84361,36.90211],[138.84349,36.90209],[138.84339,36.90207],[138.84322,36.90205],[138.843,36.90204],[138.84286,36.90204],[138.84235,36.90205],[138.84182,36.90206],[138.84119,36.90206],[138.84052,36.90208],[138.84005,36.90211],[138.83907,36.9021],[138.83828,36.90196],[138.83772,36.90184],[138.83717,36.90169],[138.83672,36.90155],[138.83641,36.90144],[138.83609,36.90132],[138.83555,36.9011],[138.83522,36.90091],[138.83478,36.90064],[138.83464,36.90056],[138.83416,36.90018],[138.83385,36.89995],[138.83338,36.89954],[138.83292,36.89914],[138.8327,36.89893],[138.83231,36.89841],[138.83198,36.89802],[138.83166,36.89762],[138.83133,36.8972],[138.83107,36.8969],[138.83074,36.89652],[138.83051,36.89617],[138.83036,36.89591],[138.83013,36.89543],[138.82991,36.89491],[138.82977,36.89447],[138.82967,36.89414],[138.82961,36.89385],[138.82958,36.89345],[138.8296,36.89294],[138.82964,36.89245],[138.82971,36.89196],[138.82984,36.89147],[138.82996,36.89112],[138.83011,36.89076],[138.83014,36.89067],[138.83032,36.89027],[138.83048,36.88985],[138.83061,36.88955],[138.83081,36.88906],[138.831,36.88877],[138.83116,36.88855],[138.83149,36.88817],[138.83184,36.88785],[138.83211,36.88766],[138.83261,36.8873],[138.83298,36.88709],[138.83352,36.88684],[138.83393,36.88668],[138.8345,36.88651],[138.83494,36.88638],[138.83536,36.88631],[138.83598,36.88624],[138.83643,36.88621],[138.83695,36.88622],[138.83743,36.88627],[138.83788,36.88635],[138.83834,36.88642],[138.83839,36.88643],[138.83888,36.88652],[138.8394,36.88662],[138.83979,36.88669],[138.84031,36.8868],[138.84087,36.88692],[138.84157,36.88703],[138.84195,36.88706],[138.8423,36.88709],[138.84253,36.8871],[138.84318,36.8871],[138.84353,36.8871],[138.84392,36.88708],[138.84422,36.88707],[138.84489,36.88698],[138.84507,36.88697],[138.84555,36.88691],[138.84598,36.88682],[138.84663,36.88667],[138.84707,36.88654],[138.84748,36.88641],[138.8479,36.88628],[138.8482,36.88616],[138.84862,36.88599],[138.84906,36.88582],[138.8492,36.88575],[138.84932,36.88569],[138.84947,36.88562],[138.84962,36.88558]],[[138.96901,36.77808],[138.96899,36.7778],[138.96903,36.77723],[138.9692,36.77663],[138.96923,36.77657]],[[138.80428,36.99008],[138.8044,36.99133],[138.80454,36.99235],[138.80471,36.9934],[138.80496,36.99462],[138.80514,36.99545],[138.80518,36.99568],[138.80533,36.99649],[138.80562,36.99779],[138.80596,36.99954],[138.80619,37.00061],[138.80644,37.00119],[138.80679,37.00184],[138.80751,37.00306],[138.80756,37.00312],[138.80767,37.00326],[138.80817,37.00389],[138.80864,37.00448],[138.80912,37.00506],[138.80998,37.00618],[138.81019,37.00646],[138.81038,37.00672],[138.81053,37.00694],[138.8107,37.0072],[138.81081,37.00737],[138.81091,37.00752],[138.81106,37.00776],[138.81114,37.00792],[138.81124,37.00811],[138.81136,37.00832],[138.81146,37.00853],[138.81171,37.00914],[138.81183,37.00948],[138.81194,37.0097],[138.81206,37.00995],[138.81215,37.01014],[138.81229,37.01034],[138.81242,37.01053],[138.81253,37.0107],[138.81267,37.01088],[138.81277,37.01103],[138.81278,37.01105],[138.81289,37.01118],[138.81316,37.01149],[138.8133,37.01167],[138.81343,37.01186],[138.81354,37.01203],[138.81365,37.01219],[138.81381,37.01247],[138.81396,37.01272],[138.81414,37.01301],[138.81434,37.01332],[138.81453,37.01356],[138.81468,37.01375],[138.81482,37.01391],[138.81498,37.0141],[138.81524,37.01438],[138.81538,37.01456],[138.81575,37.01493],[138.81603,37.01522],[138.81637,37.01549],[138.81659,37.01567],[138.81683,37.01587],[138.81758,37.01652],[138.81873,37.01749],[138.81896,37.0177],[138.81917,37.0179],[138.81943,37.01817],[138.81953,37.01827],[138.81961,37.01836],[138.81971,37.01848],[138.81981,37.0186],[138.81992,37.01877],[138.82002,37.0189],[138.82011,37.01906],[138.82033,37.01948],[138.82103,37.02069]],[[138.96174,36.8304],[138.96172,36.83041],[138.96134,36.8308],[138.96089,36.83124],[138.96018,36.83195],[138.9596,36.83252],[138.95919,36.83293],[138.95846,36.83357],[138.95788,36.83403],[138.9574,36.83436],[138.95691,36.83467],[138.95625,36.83506],[138.9556,36.83543],[138.955,36.83573],[138.95464,36.83589],[138.95397,36.83621],[138.9536,36.83642],[138.95252,36.83686],[138.95175,36.83716],[138.95006,36.83785],[138.94886,36.83834],[138.94699,36.8391],[138.9462,36.83942],[138.9459,36.83954],[138.94429,36.8402],[138.94197,36.84113],[138.94022,36.84185],[138.93773,36.84285],[138.93597,36.84355],[138.93561,36.84369],[138.93307,36.84471],[138.93061,36.84572],[138.92803,36.84677],[138.92688,36.84723],[138.92605,36.84757],[138.92516,36.84793],[138.92268,36.84893],[138.92025,36.84991],[138.91791,36.85086],[138.91612,36.85158],[138.91563,36.85178],[138.91369,36.85256],[138.91152,36.85343],[138.9115,36.85344],[138.90958,36.85422],[138.90794,36.85488],[138.90573,36.85578],[138.90451,36.85628],[138.90376,36.85658],[138.90204,36.85728],[138.90158,36.85746],[138.90092,36.85772],[138.89963,36.85825],[138.89851,36.85869],[138.89711,36.85927],[138.89634,36.85957],[138.89491,36.86015],[138.89415,36.86046],[138.89298,36.86094],[138.89166,36.86148],[138.89154,36.86153],[138.89,36.86214],[138.88849,36.86276],[138.88673,36.86347],[138.88511,36.86412],[138.88354,36.86476],[138.88182,36.86544],[138.88173,36.86548],[138.88113,36.86572],[138.87941,36.86642],[138.87765,36.86714],[138.8755,36.86801],[138.8741,36.86858],[138.87279,36.86911],[138.87181,36.86951],[138.87136,36.86969],[138.8704,36.87005],[138.86958,36.87038],[138.86904,36.87058],[138.86858,36.87075],[138.86764,36.87111],[138.8671,36.87132],[138.86695,36.87139],[138.86645,36.87166],[138.86586,36.87198],[138.86556,36.87215],[138.86494,36.87255],[138.86456,36.87281],[138.86419,36.87312]],[[138.86069,36.87604],[138.86127,36.87554],[138.86161,36.87525],[138.86249,36.87451]],[[138.98653,36.8034],[138.98644,36.80315],[138.98629,36.80283],[138.98614,36.80248],[138.98594,36.80201]],[[138.98474,36.7366],[138.98477,36.73679],[138.98492,36.73751],[138.98499,36.73792],[138.98506,36.73831],[138.98507,36.73835],[138.98511,36.73858],[138.98517,36.73892],[138.9853,36.73937],[138.98541,36.73966],[138.98551,36.73986],[138.9857,36.74023],[138.98589,36.74057],[138.98611,36.74098],[138.98616,36.74111],[138.98627,36.74141],[138.9863,36.74152],[138.98636,36.74175],[138.9864,36.74196],[138.98643,36.74221],[138.98645,36.74255],[138.98644,36.74297],[138.98641,36.74338],[138.98637,36.74365],[138.98635,36.74372],[138.98632,36.74383],[138.98628,36.74394],[138.98618,36.74419],[138.98609,36.7444],[138.98587,36.74476],[138.9857,36.74497],[138.9855,36.74517],[138.98518,36.74546],[138.9851,36.74554],[138.98508,36.74556],[138.98498,36.74564],[138.9849,36.7457],[138.98469,36.74587],[138.98427,36.74618],[138.98396,36.74638],[138.98369,36.74654],[138.98353,36.74662],[138.9834,36.74669],[138.98321,36.74679],[138.98299,36.7469],[138.98263,36.74709],[138.98196,36.74745],[138.98133,36.7479],[138.98102,36.74815],[138.98078,36.74838],[138.98059,36.74857],[138.98039,36.74879],[138.9802,36.749],[138.97992,36.74939],[138.97922,36.75036],[138.97871,36.7511],[138.97839,36.75157],[138.97816,36.75187],[138.97806,36.75202],[138.97793,36.75233],[138.97789,36.75241],[138.97787,36.75246],[138.9778,36.75271],[138.97776,36.75287],[138.97771,36.75309],[138.97765,36.75343],[138.97762,36.75361],[138.9776,36.75382],[138.97759,36.75394],[138.97758,36.75414],[138.9776,36.7544],[138.97763,36.75456],[138.97764,36.75473],[138.97766,36.7549],[138.97769,36.75509],[138.97767,36.75539],[138.97763,36.75572],[138.97756,36.75603],[138.97741,36.7565],[138.97729,36.75692],[138.9771,36.75742],[138.97706,36.75755]],[[138.97151,36.78221],[138.97203,36.78238],[138.97252,36.78251],[138.97352,36.78271],[138.97401,36.78281],[138.97434,36.78287],[138.97471,36.78295],[138.97536,36.7831],[138.97612,36.78327],[138.97621,36.78329],[138.97648,36.78337],[138.97658,36.7834],[138.97682,36.78348],[138.97692,36.78352],[138.97716,36.78365],[138.97731,36.78373],[138.9775,36.78385],[138.97762,36.78393],[138.97773,36.78403],[138.978,36.78426],[138.97839,36.78473],[138.9786,36.78514]],[[138.80408,36.98777],[138.80428,36.99008]],[[138.79903,36.95154],[138.79996,36.94879]],[[138.97151,36.78221],[138.97172,36.78234],[138.972,36.78252],[138.97255,36.78272],[138.97295,36.78281],[138.97346,36.78291],[138.97405,36.78302],[138.97466,36.78313],[138.97489,36.78319],[138.97553,36.78332],[138.97605,36.78343],[138.97616,36.78346],[138.97644,36.78354],[138.97654,36.78358],[138.97668,36.78363],[138.97677,36.78366],[138.97707,36.78382],[138.97712,36.78384],[138.97741,36.78403],[138.97753,36.7841],[138.97771,36.78424],[138.97787,36.78436],[138.97832,36.78481],[138.9786,36.78514]],[[138.80646,36.93901],[138.8062,36.93947],[138.80612,36.93961],[138.80588,36.94002],[138.80529,36.94079],[138.80471,36.94143],[138.80408,36.94215],[138.80359,36.94263],[138.80345,36.94277],[138.80318,36.94299],[138.80289,36.94326],[138.80247,36.94364],[138.80155,36.94481],[138.80126,36.94536],[138.80106,36.94602],[138.80085,36.94669],[138.80082,36.9468],[138.80032,36.94787],[138.80016,36.94828],[138.79996,36.94879]],[[138.985215,36.804196],[138.985098,36.804504],[138.984918,36.80501],[138.984715,36.80555],[138.98449,36.806166],[138.984236,36.806844],[138.984034,36.807408],[138.983865,36.807896],[138.983712,36.808291],[138.98355,36.80861],[138.98266,36.80949],[138.9812,36.81095],[138.98088,36.81125],[138.98009,36.81206],[138.9794,36.81275],[138.97904,36.81312],[138.97827,36.8139],[138.97713,36.81505],[138.97662,36.81556],[138.97611,36.81607],[138.9754,36.81676],[138.97448,36.81769],[138.97401,36.81817],[138.97327,36.81891],[138.97252,36.81967],[138.9719,36.82028],[138.97065,36.82153],[138.97004,36.82214],[138.96962,36.82255],[138.96926,36.82291],[138.96779,36.82437],[138.96703,36.82513],[138.96592,36.82624],[138.96539,36.82677],[138.9648,36.82735],[138.96412,36.82803],[138.96338,36.82875],[138.96262,36.82953]],[[139.00094,36.67895],[139.00158,36.67847],[139.00272,36.67762],[139.00387,36.67679],[139.00415,36.67659],[139.00575,36.67543],[139.00718,36.67438],[139.00818,36.67365],[139.00918,36.67292],[139.0095,36.67269],[139.01051,36.67195],[139.01126,36.67137],[139.01249,36.67034],[139.01321,36.66977],[139.01328,36.66971],[139.01498,36.66824],[139.01563,36.66769],[139.01658,36.6669],[139.01693,36.6666],[139.01697,36.66657],[139.01748,36.66614],[139.01804,36.66569],[139.01817,36.66558],[139.01879,36.66505],[139.01969,36.6643],[139.01985,36.66416],[139.01998,36.66405],[139.02012,36.66394],[139.02021,36.66386],[139.02144,36.66284],[139.02166,36.66267],[139.02194,36.66242],[139.02257,36.6619],[139.02279,36.66173],[139.02292,36.66162],[139.02311,36.66147],[139.02323,36.66135],[139.02369,36.66097],[139.0238,36.66088],[139.02472,36.66012],[139.02505,36.65985],[139.02583,36.65915],[139.02612,36.65885],[139.02626,36.65867],[139.02637,36.65854],[139.02645,36.65843],[139.02655,36.6583],[139.02668,36.65811],[139.02672,36.65802],[139.02684,36.65776],[139.02695,36.65751],[139.02756,36.6562],[139.02765,36.656],[139.02775,36.65579],[139.0279,36.65547],[139.02802,36.65521],[139.0281,36.65504],[139.02817,36.65487],[139.02825,36.65473],[139.02831,36.6546],[139.02839,36.65441],[139.02847,36.65423],[139.02903,36.65302],[139.02913,36.65278],[139.02997,36.6509],[139.03002,36.6508],[139.03007,36.65066],[139.03038,36.64999],[139.03038,36.64998],[139.03041,36.64995],[139.03047,36.64984],[139.03071,36.64946],[139.03096,36.6491],[139.03111,36.64889],[139.0312,36.64874],[139.03165,36.64811],[139.0318,36.64788],[139.03187,36.64774],[139.03206,36.64748],[139.03222,36.64724],[139.03242,36.64696],[139.03249,36.64685],[139.03328,36.6457],[139.03358,36.64527],[139.03369,36.6451],[139.03382,36.64492],[139.03397,36.6447],[139.03409,36.64452],[139.0342,36.64436],[139.03439,36.64412],[139.03491,36.64335]],[[138.96262,36.82953],[138.9625,36.82966],[138.9622,36.82996],[138.96174,36.8304]],[[138.84083,36.92442],[138.84047,36.92431],[138.84017,36.92425],[138.83975,36.92416],[138.8393,36.92414],[138.83853,36.92418],[138.83788,36.92427]],[[139.03487,36.62466],[139.03484,36.62499],[139.03483,36.62518],[139.03483,36.62542],[139.03487,36.62567],[139.03495,36.62601],[139.03504,36.62623],[139.03528,36.62664],[139.03559,36.62716],[139.03581,36.62747],[139.03596,36.62768],[139.03616,36.62793],[139.03642,36.62824],[139.03672,36.6286],[139.03697,36.6289],[139.03739,36.62931],[139.0379,36.62982],[139.03828,36.63019],[139.03911,36.63101],[139.03947,36.63145],[139.03994,36.63216]],[[138.84732,36.90423],[138.84755,36.90463],[138.84779,36.90516],[138.8479,36.90542],[138.84808,36.9058],[138.84827,36.90626],[138.84841,36.90671],[138.8485,36.90714],[138.84856,36.90766],[138.84861,36.90811],[138.84856,36.90913]],[[138.98439,36.73466],[138.98474,36.7366]],[[138.81083,36.93526],[138.81074,36.93533],[138.81028,36.93572],[138.80962,36.93628],[138.80863,36.93711]],[[138.96923,36.77657],[138.96944,36.77628],[138.9698,36.77573],[138.96989,36.77561],[138.97017,36.77519],[138.97047,36.77464],[138.97087,36.77397],[138.97118,36.77349],[138.97152,36.7728],[138.97202,36.7717],[138.9722,36.77137],[138.97238,36.77088],[138.97267,36.76991],[138.97307,36.76858],[138.97322,36.76807],[138.97339,36.76748],[138.97388,36.76589],[138.97415,36.76497],[138.97419,36.76483],[138.97469,36.76326],[138.9751,36.76187],[138.97526,36.76137],[138.97543,36.76085],[138.97568,36.76028],[138.9761,36.75953],[138.97641,36.75883],[138.97648,36.75873],[138.97656,36.7586],[138.97664,36.75847],[138.97671,36.75836],[138.97679,36.75821],[138.97695,36.75784],[138.97706,36.75755]],[[138.9696,36.78009],[138.9698,36.78046],[138.97007,36.78083],[138.97015,36.78094],[138.97047,36.78133],[138.97082,36.78167],[138.97117,36.78197],[138.97151,36.78221]],[[138.84962,36.88558],[138.84992,36.88533],[138.85033,36.88497],[138.85071,36.88462],[138.85089,36.88443],[138.85106,36.88414],[138.85118,36.8839],[138.8513,36.88352],[138.85139,36.88314],[138.85142,36.88284],[138.85143,36.88275],[138.85142,36.88257],[138.85137,36.88209],[138.85137,36.88169],[138.85142,36.88099],[138.85149,36.88071],[138.85161,36.88044],[138.85177,36.88013],[138.85193,36.87989],[138.85202,36.87976],[138.85212,36.87964],[138.85227,36.87947],[138.8524,36.87935],[138.85248,36.87926],[138.85264,36.87912],[138.85283,36.87899],[138.85319,36.87876],[138.85364,36.87852],[138.85419,36.87828],[138.85437,36.87822],[138.85461,36.87815],[138.85489,36.8781],[138.85511,36.87807],[138.85564,36.87805],[138.85653,36.87799],[138.85731,36.87791],[138.85768,36.87784],[138.85802,36.87776],[138.8585,36.87759],[138.85867,36.87753],[138.85891,36.87741],[138.85907,36.87731],[138.85933,36.87711],[138.86022,36.87641],[138.86069,36.87604]],[[139.01249,36.32059],[139.01243,36.32143],[139.01224,36.32339],[139.01219,36.32395]],[[139.01219,36.32395],[139.01214,36.32452]],[[139.05106,36.38205],[139.05096,36.38197],[139.04998,36.38122],[139.0489,36.38041],[139.04829,36.37997]],[[139.04829,36.37997],[139.04571,36.37804]],[[139.01768,36.34697],[139.01678,36.3453]],[[139.04307,36.56067],[139.04345,36.55999],[139.04361,36.55968],[139.04393,36.5591],[139.04427,36.55845]],[[139.0083,36.48986],[139.00818,36.48948],[139.00809,36.48924],[139.00797,36.48889],[139.0079,36.48871],[139.00786,36.48858],[139.0078,36.48843],[139.00728,36.48702],[139.00694,36.4861],[139.00684,36.48579],[139.00678,36.48561],[139.00668,36.48519],[139.00665,36.48492],[139.00665,36.4846],[139.00671,36.48402],[139.00673,36.4839],[139.00682,36.48299],[139.00686,36.48263],[139.00689,36.4824],[139.00693,36.48204],[139.00697,36.48153],[139.0071,36.48022],[139.00713,36.47988],[139.00715,36.47976],[139.00716,36.47966],[139.00717,36.47956],[139.00725,36.47907],[139.0073,36.4788],[139.00735,36.47866],[139.00751,36.47814],[139.00771,36.47767],[139.00776,36.47755],[139.00781,36.47746],[139.00786,36.47738],[139.00804,36.47707],[139.00823,36.47684],[139.00841,36.47665],[139.00887,36.47621],[139.00983,36.47535],[139.01036,36.47489],[139.01062,36.47466],[139.0108,36.4745],[139.01124,36.47411],[139.01193,36.47351],[139.01248,36.47306],[139.01318,36.47257],[139.01374,36.47219],[139.01385,36.47212],[139.01397,36.47203],[139.01471,36.47152],[139.01483,36.47144],[139.01536,36.47108],[139.01547,36.47101],[139.01566,36.47088],[139.01591,36.47071],[139.01609,36.47058],[139.01639,36.47036],[139.0166,36.47022],[139.01669,36.47016],[139.01707,36.46986],[139.01739,36.46957],[139.01751,36.46946],[139.01758,36.46938],[139.01781,36.4691],[139.01804,36.46878],[139.01828,36.46834],[139.01832,36.46822],[139.01835,36.46818],[139.0184,36.46806],[139.01849,36.46778],[139.01855,36.46753],[139.01899,36.46521],[139.01901,36.4651]],[[139.0083,36.48986],[139.00928,36.4926]],[[139.0102,36.49523],[139.0104,36.49557],[139.01062,36.49578],[139.01076,36.49591],[139.01098,36.49612],[139.01117,36.49626],[139.01137,36.4964],[139.01156,36.49652],[139.01179,36.49664],[139.01205,36.49679],[139.01227,36.4969],[139.01246,36.49699],[139.01259,36.49704],[139.01285,36.49713],[139.01308,36.4972],[139.01334,36.49725],[139.01362,36.49729],[139.01417,36.49731],[139.01461,36.49731],[139.01572,36.49734],[139.01629,36.49735],[139.01662,36.49736],[139.01736,36.49736],[139.01759,36.49736],[139.0178,36.49737],[139.01805,36.49737],[139.01822,36.49738],[139.01853,36.49739],[139.01868,36.49742],[139.01895,36.49747],[139.01941,36.49762],[139.01974,36.49773],[139.02004,36.49786],[139.02036,36.49799],[139.02057,36.49809],[139.02075,36.49819],[139.02087,36.49829],[139.02102,36.49842],[139.02121,36.49862],[139.02151,36.49894]],[[139.0102,36.49523],[139.0104,36.49565],[139.01055,36.49589],[139.01066,36.49603],[139.01077,36.49616],[139.01096,36.49634],[139.01149,36.49674],[139.01192,36.497],[139.01235,36.49723],[139.01274,36.4974],[139.01314,36.49752],[139.01335,36.49757],[139.01352,36.49759],[139.01404,36.49761],[139.01455,36.49761],[139.01571,36.49763],[139.01629,36.49763],[139.01697,36.49764],[139.01747,36.49765],[139.01779,36.49765],[139.01802,36.49767],[139.0183,36.49768],[139.01856,36.4977],[139.01875,36.49772],[139.01897,36.49776],[139.01926,36.49783],[139.01967,36.49797],[139.01992,36.49806],[139.0202,36.49819],[139.02079,36.49847],[139.02116,36.49868],[139.02151,36.49894]],[[139.03378,36.53836],[139.03409,36.53675]],[[139.03378,36.53836],[139.03378,36.53844],[139.03364,36.53914],[139.03357,36.53952],[139.03347,36.54014],[139.0333,36.541],[139.03323,36.54142],[139.03315,36.54185],[139.03291,36.54313],[139.03285,36.54344],[139.03282,36.5437],[139.03282,36.54413],[139.03283,36.54433],[139.03287,36.54466],[139.03289,36.54486],[139.03295,36.54519],[139.03303,36.54543],[139.03313,36.54566],[139.03327,36.54589],[139.03349,36.54618],[139.03371,36.54641],[139.0341,36.5468],[139.03421,36.54688],[139.03431,36.54697]],[[139.03431,36.54697],[139.03432,36.54697]],[[139.00928,36.4926],[139.00935,36.4928],[139.0094,36.49292],[139.00944,36.49306],[139.0095,36.4932],[139.00954,36.49331],[139.00965,36.49363],[139.00981,36.49407],[139.00989,36.49429],[139.00998,36.49454],[139.01007,36.49479],[139.01012,36.49493],[139.01016,36.49506],[139.0102,36.49523]],[[139.03431,36.54697],[139.03445,36.54716],[139.03456,36.54729],[139.03482,36.54756],[139.03496,36.54777],[139.03514,36.54807],[139.03523,36.54822],[139.0353,36.54839],[139.03532,36.54851],[139.0354,36.54898],[139.03542,36.54922],[139.0355,36.54969],[139.0356,36.55007],[139.03578,36.55054],[139.03604,36.55107],[139.03618,36.55128],[139.03627,36.55141],[139.03668,36.55183],[139.03687,36.55197],[139.0371,36.55212],[139.03731,36.55222],[139.03759,36.55233],[139.03809,36.5525],[139.03859,36.55265],[139.03925,36.5528],[139.0394,36.55283],[139.03968,36.55289],[139.03978,36.55292],[139.03991,36.55294],[139.04087,36.55314],[139.0413,36.55323],[139.04154,36.5533],[139.04201,36.55352],[139.04232,36.5537],[139.04249,36.5538],[139.04261,36.55386],[139.04279,36.55399],[139.04294,36.55408],[139.04312,36.55418],[139.04331,36.5543],[139.04335,36.55433],[139.04355,36.55452],[139.04393,36.55492],[139.04403,36.55506],[139.04414,36.55521],[139.04429,36.55547],[139.04435,36.55562],[139.04445,36.55595],[139.04449,36.55617],[139.04452,36.55634],[139.04455,36.55657],[139.04457,36.55712],[139.04452,36.55759],[139.04448,36.55784],[139.04438,36.55811],[139.04427,36.55845]],[[139.03253,36.4142],[139.03257,36.41405],[139.03263,36.41382],[139.03283,36.41304],[139.03295,36.41257],[139.03318,36.4117],[139.03326,36.41139],[139.0334,36.41094],[139.03355,36.41054],[139.03373,36.41008],[139.03385,36.40985],[139.03405,36.40948],[139.03421,36.4092],[139.03449,36.40883],[139.0347,36.40855],[139.03504,36.40818],[139.03564,36.40756],[139.03604,36.40718],[139.03652,36.4067],[139.03719,36.40607],[139.03738,36.40589],[139.03757,36.40571],[139.03784,36.40545],[139.03827,36.40503],[139.03925,36.4041],[139.03946,36.4039],[139.03962,36.40375],[139.03991,36.40346],[139.04038,36.40302],[139.04071,36.40268],[139.04124,36.40216],[139.04169,36.40174],[139.04205,36.4014],[139.04258,36.40085],[139.04352,36.39995],[139.04387,36.39962],[139.0442,36.3993],[139.04464,36.39888],[139.0447,36.39882],[139.04533,36.39822],[139.04564,36.39791],[139.04607,36.39749],[139.04647,36.39711],[139.04741,36.39621],[139.04781,36.39582],[139.04827,36.39536],[139.04874,36.3949],[139.04906,36.39459],[139.04947,36.39414],[139.04995,36.39357],[139.05038,36.39296],[139.05056,36.39267],[139.05075,36.39235],[139.05103,36.39184],[139.05118,36.39156],[139.0512,36.39151],[139.05135,36.39112],[139.05146,36.3908],[139.05155,36.39049],[139.05167,36.39004],[139.05176,36.38964],[139.05191,36.38875],[139.05201,36.38823],[139.05212,36.38755],[139.05228,36.38661],[139.05237,36.38606],[139.05247,36.38546],[139.05253,36.38519],[139.05255,36.38484],[139.05254,36.38456],[139.0525,36.38429],[139.05242,36.38402],[139.05228,36.38365],[139.05221,36.38345],[139.05205,36.38316],[139.05175,36.38278],[139.05152,36.38252],[139.05106,36.38205]],[[139.04571,36.37804],[139.04478,36.37734],[139.04426,36.37694],[139.04338,36.37627],[139.04244,36.37558],[139.04126,36.37471],[139.04049,36.37412],[139.03991,36.37369],[139.03958,36.37344],[139.03934,36.37326],[139.0384,36.37256],[139.03801,36.37227],[139.03728,36.37172],[139.03671,36.3713],[139.03635,36.37103],[139.0363,36.37099],[139.03585,36.37064],[139.03507,36.37008],[139.0345,36.36964],[139.03364,36.369],[139.0332,36.36867],[139.03277,36.36835],[139.03163,36.3675],[139.0313,36.36725],[139.03075,36.36683],[139.02985,36.36617],[139.02953,36.36592],[139.02942,36.36583],[139.02901,36.36552],[139.02864,36.36523],[139.02838,36.36502],[139.02765,36.3644],[139.02736,36.36413],[139.02704,36.36382],[139.02685,36.36361],[139.02662,36.36334],[139.02647,36.36315],[139.02626,36.36287],[139.02609,36.36263],[139.02593,36.36241],[139.02566,36.3619],[139.02485,36.36038],[139.02405,36.35889],[139.02376,36.35836]],[[139.01678,36.3453],[139.01648,36.34473],[139.01614,36.34411],[139.0159,36.34368],[139.0157,36.34325],[139.01528,36.34249],[139.01516,36.34227],[139.01484,36.34166],[139.01461,36.34125],[139.01447,36.34099],[139.01433,36.34074],[139.01423,36.34057],[139.01411,36.34032],[139.01396,36.34004],[139.01388,36.3399],[139.01366,36.33951],[139.01343,36.33906],[139.01319,36.33865],[139.01286,36.33799],[139.01254,36.33742],[139.01202,36.33648],[139.0115,36.33547],[139.01147,36.3354],[139.01145,36.33533],[139.01134,36.33417],[139.01133,36.33406],[139.01133,36.33394],[139.01134,36.33372],[139.01135,36.33357],[139.01137,36.33322],[139.01143,36.33243],[139.0115,36.33188],[139.01159,36.33095],[139.01164,36.33034],[139.0117,36.32967],[139.01173,36.32936],[139.01176,36.32891],[139.01182,36.32821],[139.01184,36.32799],[139.01191,36.32712],[139.01194,36.32677],[139.01195,36.32658],[139.01198,36.32618],[139.012,36.32598],[139.01209,36.32508],[139.01214,36.32452]],[[139.03409,36.53675],[139.03419,36.53623],[139.03428,36.53572],[139.03439,36.53507],[139.03447,36.5346],[139.03456,36.53404],[139.03457,36.53399],[139.03461,36.53367],[139.03474,36.53294],[139.03483,36.53246],[139.03495,36.53181],[139.03497,36.53156],[139.03497,36.53132],[139.03494,36.53099],[139.03489,36.53075],[139.0348,36.53046],[139.03467,36.53013],[139.03458,36.52992],[139.03446,36.52972],[139.03425,36.52947],[139.03405,36.52925],[139.03386,36.52908],[139.03361,36.52889],[139.03343,36.52876],[139.03318,36.52859],[139.03305,36.52849],[139.03288,36.52834],[139.0327,36.52816],[139.03253,36.52795],[139.03239,36.52776],[139.03223,36.52751],[139.03206,36.52719],[139.03195,36.52693],[139.03182,36.5266],[139.03173,36.52635],[139.03159,36.52587],[139.03156,36.52575],[139.03152,36.52561],[139.03133,36.52493],[139.03118,36.52439],[139.03109,36.52403],[139.0309,36.52331],[139.03074,36.52263],[139.03061,36.52214],[139.03049,36.52168],[139.03042,36.52142],[139.03035,36.52124],[139.03006,36.52047],[139.02997,36.52023],[139.02986,36.51999],[139.02967,36.51953],[139.02953,36.51918],[139.02912,36.51814],[139.02911,36.5181],[139.02885,36.51741],[139.0287,36.51705],[139.02863,36.5168],[139.02851,36.51632],[139.02832,36.51566],[139.02809,36.51485],[139.02799,36.51449],[139.02797,36.51444],[139.02794,36.51431],[139.02788,36.51416],[139.02785,36.51406],[139.02779,36.51391],[139.02771,36.51373],[139.02754,36.51342],[139.02741,36.51319],[139.02725,36.51297],[139.02691,36.5126],[139.02668,36.51239],[139.0264,36.51216],[139.02625,36.51205],[139.02598,36.51188],[139.0252,36.51138],[139.02481,36.51111],[139.02439,36.5108],[139.02422,36.51063],[139.02409,36.51046],[139.02401,36.51035],[139.02393,36.51021],[139.02384,36.51008],[139.02372,36.50979],[139.02361,36.50937],[139.02357,36.50915],[139.02354,36.50875],[139.02356,36.50825],[139.02358,36.50814],[139.02361,36.50793],[139.02365,36.50771],[139.02367,36.50756],[139.02371,36.50743],[139.02375,36.50721],[139.02376,36.50698],[139.02374,36.50671],[139.02371,36.5066],[139.02368,36.50648],[139.02341,36.50525],[139.02335,36.50499],[139.02332,36.50487],[139.02327,36.50462],[139.02317,36.50416],[139.02315,36.50407],[139.02301,36.50346],[139.02295,36.50312],[139.02262,36.50202],[139.0225,36.50161],[139.02244,36.50138],[139.02241,36.50126],[139.02238,36.50108],[139.02236,36.501],[139.02228,36.50066],[139.02213,36.50003],[139.02206,36.49982],[139.02196,36.49962],[139.02186,36.4994],[139.02166,36.49913],[139.02151,36.49894]],[[139.01949,36.46248],[139.01901,36.4651]],[[139.03432,36.54697],[139.03471,36.54726],[139.03492,36.54745],[139.03506,36.54761],[139.0352,36.54781],[139.03536,36.54804],[139.03548,36.54826],[139.03554,36.54843],[139.03561,36.54872],[139.03566,36.54896],[139.03569,36.54922],[139.03575,36.54962],[139.0358,36.54986],[139.03587,36.55009],[139.03595,36.55028],[139.03605,36.55049],[139.03611,36.55062],[139.03621,36.5508],[139.03644,36.55113],[139.03666,36.55135],[139.03704,36.55167],[139.03715,36.55176],[139.03725,36.55182],[139.0376,36.55204],[139.03795,36.55222],[139.03853,36.55243],[139.03865,36.55247],[139.03922,36.55263],[139.04012,36.5528],[139.04026,36.55283],[139.04086,36.55292],[139.0414,36.55307],[139.0419,36.55327],[139.04246,36.55356],[139.04259,36.55368],[139.04269,36.55376],[139.04306,36.55404],[139.04361,36.5543],[139.04379,36.55446],[139.04418,36.55486],[139.04428,36.55497],[139.0444,36.55515],[139.0445,36.55535],[139.04458,36.55556],[139.04468,36.55589],[139.04474,36.55629],[139.04476,36.55683],[139.04476,36.55709],[139.04465,36.55767],[139.04455,36.55795],[139.04442,36.55823],[139.04427,36.55845]],[[139.02376,36.35836],[139.02278,36.35652]],[[139.04266,36.56139],[139.04307,36.56067]],[[139.03204,36.41682],[139.03253,36.4142]],[[139.01949,36.46248],[139.0195,36.46242],[139.01964,36.46165],[139.01966,36.46148],[139.0197,36.46133],[139.01973,36.46117],[139.01986,36.46041],[139.01991,36.46019],[139.01997,36.45985],[139.02005,36.45943],[139.02014,36.45894],[139.02014,36.45886],[139.02024,36.45839],[139.02038,36.45771],[139.0205,36.45706],[139.02061,36.45641],[139.02065,36.45627],[139.02076,36.45557],[139.02081,36.45503],[139.02081,36.45461],[139.02077,36.45427],[139.02068,36.45384],[139.02064,36.4537],[139.0206,36.45355],[139.02051,36.45324],[139.02023,36.45226],[139.02021,36.45224],[139.02017,36.45207],[139.02013,36.45187],[139.02005,36.45149],[139.02001,36.45133],[139.01999,36.45114],[139.01998,36.45106],[139.01997,36.4509],[139.01996,36.45087],[139.01996,36.4508],[139.01996,36.45013],[139.01998,36.44984],[139.02008,36.44931],[139.02021,36.4489],[139.02027,36.44873],[139.02046,36.44838],[139.0207,36.44802],[139.02154,36.44689],[139.02201,36.44626],[139.02208,36.44617],[139.02241,36.44573],[139.02249,36.44561],[139.02254,36.44554],[139.0226,36.44546],[139.02292,36.44504],[139.0232,36.44477],[139.02357,36.44447],[139.02422,36.44392],[139.02438,36.44377],[139.02467,36.44352],[139.02513,36.44305],[139.02538,36.44277],[139.02564,36.44234],[139.02582,36.442],[139.02596,36.44165],[139.02597,36.44158],[139.0261,36.4413],[139.02653,36.44018],[139.02683,36.43946],[139.0269,36.43929],[139.02696,36.43913],[139.02733,36.43818],[139.02738,36.43808],[139.02741,36.43797],[139.02772,36.43718],[139.02789,36.43663],[139.02795,36.43635],[139.028,36.43613],[139.02801,36.43604],[139.02813,36.43547],[139.02835,36.43446],[139.02863,36.4332],[139.02874,36.43272],[139.02874,36.43267],[139.02876,36.43262],[139.02881,36.4324],[139.02885,36.43218],[139.02887,36.4321],[139.02888,36.43203],[139.02897,36.43165],[139.02905,36.4312],[139.02913,36.43085],[139.02937,36.4297],[139.02965,36.42837],[139.02991,36.42716],[139.02999,36.42678],[139.03017,36.42592],[139.03029,36.42529],[139.03034,36.42509],[139.0304,36.42476],[139.03041,36.42472],[139.03042,36.42466],[139.03045,36.42455],[139.03064,36.42364],[139.03067,36.4235],[139.03075,36.42314],[139.03091,36.42234],[139.03121,36.42086],[139.03142,36.4198],[139.03154,36.41927],[139.03162,36.41892],[139.03169,36.41859],[139.03185,36.41774],[139.03188,36.41762],[139.03194,36.41731],[139.03199,36.41705],[139.03204,36.41682]],[[139.02278,36.35652],[139.0226,36.35618],[139.02242,36.35583],[139.02219,36.35545],[139.02177,36.3546],[139.02154,36.3542],[139.02118,36.35352],[139.02104,36.35326],[139.02098,36.35314],[139.0209,36.353],[139.02064,36.35251],[139.02038,36.35205],[139.02024,36.35175],[139.02002,36.35137],[139.01959,36.35057],[139.01934,36.3501],[139.01878,36.34907],[139.01838,36.34829],[139.01786,36.34731],[139.01768,36.34697]],[[138.98653,36.8034],[138.98673,36.80381],[138.98692,36.80417],[138.98698,36.80425],[138.98737,36.80472],[138.98751,36.80487],[138.98788,36.80523],[138.98817,36.80547],[138.98844,36.80568],[138.98858,36.80579],[138.98873,36.80593]],[[138.98873,36.80593],[138.98879,36.80599],[138.98928,36.80639],[138.99013,36.80712],[138.99126,36.8081],[138.99242,36.80909],[138.99312,36.80969],[138.99356,36.81003],[138.99407,36.81033],[138.99447,36.8105],[138.9949,36.81064],[138.99536,36.81073],[138.99579,36.81077],[138.99613,36.81077],[138.99639,36.81075],[138.99664,36.8107],[138.9968,36.81066],[138.99691,36.81066],[138.99704,36.81064],[138.99719,36.81061],[138.99734,36.81058],[138.99743,36.81056],[138.99753,36.81053],[138.99766,36.81048],[138.99774,36.81044],[138.99785,36.81039],[138.99798,36.81032],[138.99813,36.81022],[138.99824,36.81013],[138.99836,36.81003],[138.99848,36.8099],[138.99854,36.8098],[138.99865,36.80968],[138.99872,36.80957],[138.99878,36.80948],[138.99889,36.80929],[138.99897,36.80915],[138.99908,36.80894],[138.99914,36.80881],[138.9992,36.80864],[138.99928,36.80842],[138.99934,36.80824],[138.99937,36.80802],[138.9994,36.8078],[138.99943,36.80751],[138.99943,36.80706],[138.9994,36.80668],[138.99932,36.80621],[138.99916,36.80558],[138.99892,36.80488],[138.99872,36.80442],[138.99863,36.80427],[138.99852,36.80414],[138.99836,36.80394],[138.99818,36.80373],[138.998,36.80355],[138.99781,36.80339],[138.9976,36.80322],[138.99745,36.8031],[138.99721,36.80291],[138.9968,36.80265],[138.99673,36.80258],[138.99628,36.80239],[138.99599,36.80227],[138.99523,36.80208],[138.99491,36.80203],[138.99427,36.80196],[138.99361,36.802],[138.99345,36.80201],[138.99318,36.80207],[138.99262,36.80224],[138.99215,36.80242],[138.99168,36.80266],[138.99121,36.80294],[138.99081,36.80324],[138.9903,36.80374],[138.98996,36.80418],[138.98962,36.80464],[138.98931,36.80509],[138.98893,36.80564],[138.98873,36.80593]],[[138.80408,36.98777],[138.80396,36.98652],[138.80395,36.9864],[138.80388,36.98589],[138.80381,36.98562],[138.80369,36.98525],[138.80355,36.98491],[138.80345,36.9847],[138.80293,36.98406],[138.80225,36.98344],[138.80155,36.9829],[138.80127,36.98266],[138.80102,36.98236],[138.80075,36.9819],[138.80054,36.98135],[138.80041,36.98083],[138.80038,36.98033],[138.80052,36.97967],[138.80077,36.97909]],[[138.80088,36.97473],[138.80094,36.97517],[138.801,36.97557],[138.80107,36.97612],[138.80111,36.97637],[138.80111,36.97654],[138.80111,36.97686],[138.80092,36.97818],[138.80084,36.97858],[138.80077,36.97909]],[[138.80077,36.97909],[138.80095,36.97864],[138.80126,36.97794],[138.80135,36.97754],[138.80139,36.97716],[138.80144,36.97672],[138.80144,36.97653],[138.80135,36.9761],[138.80096,36.97504],[138.80088,36.97473]],[[138.80088,36.97473],[138.80083,36.97452],[138.80077,36.97422],[138.80076,36.97399],[138.80081,36.97362],[138.80089,36.97335],[138.80117,36.97277],[138.80168,36.97204],[138.80191,36.97176],[138.80235,36.9712],[138.80268,36.97071],[138.80293,36.97008],[138.80301,36.96968],[138.80305,36.96902],[138.80295,36.96854],[138.8027,36.96782],[138.80236,36.96691],[138.80226,36.96649],[138.80228,36.96609],[138.80242,36.96533],[138.8026,36.96444],[138.80265,36.9642],[138.80271,36.96369],[138.80256,36.96298],[138.80248,36.96278],[138.80234,36.96245],[138.80213,36.96212],[138.80185,36.96171],[138.80163,36.96139],[138.80147,36.96116],[138.801,36.96047],[138.80077,36.9601],[138.8002,36.95911],[138.80007,36.95884],[138.7999,36.95853],[138.79976,36.95827],[138.79965,36.95809],[138.79952,36.95779],[138.79941,36.95746],[138.79938,36.95717],[138.79937,36.95686],[138.7994,36.95656],[138.79949,36.95552],[138.79958,36.95455],[138.79967,36.95355],[138.79969,36.9533],[138.79976,36.9528],[138.79997,36.95224],[138.80015,36.95189],[138.8002,36.9518],[138.8003,36.95163],[138.80063,36.95121],[138.80112,36.95066],[138.80164,36.94996],[138.80193,36.94936],[138.80202,36.94904],[138.80208,36.94862],[138.80208,36.94839],[138.802,36.94789],[138.80182,36.94697],[138.80175,36.94653],[138.8017,36.9462],[138.80175,36.94567],[138.80184,36.94516],[138.80187,36.94502],[138.80197,36.94474],[138.80213,36.94448],[138.80231,36.94425],[138.80256,36.94398],[138.80301,36.94355],[138.80373,36.94285],[138.80469,36.94191],[138.80505,36.94156],[138.80543,36.94114],[138.8058,36.94067],[138.8062,36.94001],[138.80656,36.93948],[138.80682,36.93912],[138.807,36.93887],[138.80774,36.93796],[138.80826,36.93741],[138.80863,36.93711]],[[139.04133,36.61158],[139.04125,36.61114],[139.04125,36.61093],[139.04129,36.61068],[139.04133,36.61028],[139.04143,36.60988],[139.04151,36.60962],[139.04159,36.60941],[139.04173,36.60914],[139.04192,36.60878],[139.04214,36.6084],[139.04237,36.60805],[139.04272,36.6075],[139.04295,36.60716],[139.04346,36.60639],[139.04375,36.60603],[139.04407,36.60565],[139.04446,36.60526],[139.0448,36.60495],[139.04495,36.60482],[139.04511,36.60475],[139.04536,36.6046],[139.04562,36.60442],[139.04606,36.60411]],[[139.04133,36.61158],[139.04133,36.61115],[139.04137,36.61077],[139.04145,36.61046],[139.04158,36.61012],[139.04184,36.6095],[139.04198,36.6092],[139.04218,36.60891],[139.04254,36.60837],[139.04268,36.60817],[139.04296,36.60778],[139.04393,36.6065],[139.04429,36.60605],[139.04477,36.60555],[139.04486,36.60547],[139.04509,36.60527],[139.04563,36.60463],[139.04606,36.60411]],[[139.04606,36.60411],[139.04673,36.60335]],[[139.05557,36.58616],[139.05552,36.5864],[139.05553,36.58645],[139.05548,36.58656],[139.05536,36.58682],[139.05528,36.58693],[139.05479,36.58753],[139.05455,36.58782],[139.05428,36.58813],[139.05399,36.58841],[139.05365,36.58868],[139.05334,36.58888],[139.05272,36.58927],[139.05166,36.58989],[139.05118,36.59023],[139.05021,36.59129],[139.04962,36.59195],[139.04949,36.5921],[139.04915,36.59247],[139.04906,36.5926],[139.04899,36.59278],[139.04885,36.59334],[139.04875,36.59384],[139.04872,36.59427],[139.04865,36.5963],[139.04861,36.59735],[139.04856,36.59846],[139.04852,36.59899],[139.04849,36.59959],[139.04844,36.60013],[139.04839,36.60057],[139.04833,36.60097]],[[139.0533,36.57506],[139.05351,36.57568],[139.0536,36.576],[139.05365,36.57619],[139.0537,36.57638],[139.05376,36.57661],[139.0538,36.57678],[139.05386,36.57709],[139.05396,36.57747],[139.05416,36.57833],[139.05458,36.58043],[139.05488,36.58205],[139.05513,36.58351],[139.05523,36.58403],[139.05528,36.58427],[139.05531,36.58442],[139.05542,36.58486],[139.05552,36.58548],[139.05557,36.58616]],[[139.04266,36.56139],[139.04219,36.56224],[139.04169,36.56301],[139.04161,36.56314],[139.04149,36.56329],[139.04138,36.56347],[139.04127,36.56363],[139.04104,36.56392],[139.04096,36.56405],[139.04034,36.56503],[139.0402,36.56525],[139.04004,36.56549],[139.0399,36.56577],[139.03973,36.56616],[139.03968,36.56634],[139.03961,36.56662],[139.03959,36.56695],[139.03961,36.5673],[139.03965,36.56754],[139.03971,36.56783],[139.03983,36.56817],[139.03993,36.56843],[139.04003,36.56861],[139.04013,36.56877],[139.04029,36.56899],[139.04072,36.56944],[139.04105,36.56974],[139.04137,36.56999],[139.04176,36.57023],[139.04199,36.57034],[139.04234,36.57047],[139.04257,36.57055],[139.04278,36.5706],[139.04284,36.57061],[139.04315,36.57064],[139.04339,36.57066],[139.04363,36.57064],[139.04402,36.5706],[139.04435,36.57057],[139.04449,36.57054],[139.04479,36.57051],[139.04515,36.57045],[139.046,36.57033],[139.04627,36.57028],[139.04675,36.57021],[139.04704,36.5702],[139.04753,36.5702],[139.04794,36.57024],[139.04798,36.57025],[139.0481,36.57026],[139.04848,36.57033],[139.04894,36.57045],[139.04922,36.57055],[139.04947,36.57067],[139.04961,36.57075],[139.0497,36.57081],[139.05002,36.571],[139.05044,36.57127],[139.05071,36.57148],[139.05101,36.57176],[139.05134,36.5721],[139.05135,36.57212],[139.05176,36.57261],[139.05191,36.57279],[139.05216,36.57314],[139.05222,36.57324],[139.05241,36.57356],[139.05244,36.57361],[139.05309,36.57468],[139.0533,36.57506]],[[139.0533,36.57506],[139.05366,36.57564],[139.0541,36.5764],[139.05428,36.57676],[139.05436,36.57694],[139.05452,36.57739],[139.05466,36.57773],[139.05477,36.5781],[139.05486,36.57841],[139.05504,36.57901],[139.05529,36.57994],[139.05553,36.58086],[139.0558,36.58205],[139.05599,36.58316],[139.05602,36.58345],[139.05601,36.58364],[139.05597,36.58403],[139.05595,36.58436],[139.05589,36.58474],[139.05586,36.585],[139.05583,36.58526],[139.05579,36.58549],[139.05568,36.58587],[139.05557,36.58616]]]}},{"properties":{"name":"両毛線","uri":"https://uedayou.net/jrslod/東日本旅客鉄道/両毛線","color":"FFD400"},"type":"Feature","geometry":{"type":"MultiLineString","coordinates":[[[139.37495,36.37456],[139.3739,36.37542]],[[139.73046,36.37176],[139.73158,36.37211]],[[139.6588,36.32657],[139.66016,36.32655],[139.66064,36.32655],[139.66096,36.32658],[139.6612,36.32664],[139.66148,36.32672],[139.66173,36.32682],[139.66212,36.327],[139.66254,36.32725],[139.66433,36.32836],[139.6656,36.32915],[139.66739,36.33026],[139.66842,36.33089],[139.6709,36.33242],[139.67319,36.33384],[139.67443,36.3346],[139.67501,36.33495],[139.6775,36.33649],[139.67756,36.33653],[139.6789,36.33739],[139.67967,36.33788],[139.67973,36.33791],[139.67981,36.33794],[139.67982,36.33796],[139.68016,36.33815],[139.68077,36.33845],[139.68101,36.33855],[139.68109,36.33858],[139.68158,36.33878],[139.6833,36.33939],[139.68344,36.33944],[139.68359,36.33949],[139.6838,36.33957],[139.68397,36.33962],[139.68479,36.33992],[139.68642,36.34049],[139.6869,36.34067],[139.68731,36.34081],[139.68768,36.34094],[139.68774,36.34096],[139.68864,36.34127],[139.68926,36.34147],[139.69017,36.34181],[139.69075,36.34201],[139.69082,36.34204],[139.69105,36.34212],[139.69114,36.34214],[139.69125,36.34219],[139.69158,36.34231],[139.69165,36.34232],[139.69204,36.34247],[139.69347,36.34297],[139.69389,36.34311],[139.69407,36.34318],[139.69494,36.34348],[139.69628,36.34396],[139.69645,36.34402]],[[139.69804,36.34465],[139.69878,36.34496],[139.69954,36.34532],[139.70019,36.34569],[139.70034,36.34579],[139.70036,36.3458],[139.70058,36.34595],[139.70067,36.34602],[139.70069,36.34603],[139.70079,36.34609],[139.70123,36.34643],[139.70279,36.34778],[139.70315,36.34808],[139.7033,36.34821],[139.70363,36.34849],[139.70444,36.34924],[139.70449,36.3493],[139.70454,36.34935],[139.7046,36.3494],[139.70607,36.35074],[139.70641,36.35106],[139.70652,36.35116],[139.70664,36.35128],[139.70678,36.35143],[139.70686,36.35151],[139.70697,36.35165],[139.70714,36.35187],[139.7075,36.35246],[139.70769,36.35277],[139.70774,36.35285],[139.70895,36.35486],[139.70987,36.35639],[139.71028,36.35708],[139.7103,36.3571],[139.71032,36.35714],[139.71033,36.35716],[139.71046,36.35738],[139.71055,36.35753],[139.71075,36.35788],[139.71136,36.35884],[139.7115,36.35908],[139.71194,36.35979],[139.7124,36.36045],[139.71257,36.36067],[139.7128,36.3609],[139.71284,36.36093],[139.71287,36.36097],[139.71343,36.36149],[139.71417,36.36208],[139.7143,36.36217],[139.71442,36.36226],[139.71484,36.36255],[139.71542,36.36294],[139.71627,36.36351],[139.71648,36.36365],[139.71702,36.36402],[139.7172,36.36415],[139.71734,36.36424],[139.71821,36.36484],[139.71823,36.36485],[139.71903,36.36539],[139.71911,36.36544],[139.71915,36.36547],[139.71995,36.36601],[139.72096,36.36669],[139.72117,36.36683],[139.72153,36.36708],[139.72162,36.36713],[139.7233,36.3683],[139.72365,36.36854],[139.72413,36.36887],[139.72459,36.36917],[139.72474,36.36928],[139.7253,36.36962],[139.72595,36.37001],[139.7269,36.3705],[139.72715,36.37061],[139.72744,36.37073],[139.72746,36.37075],[139.7276,36.37079],[139.72769,36.37082],[139.72796,36.37091],[139.72837,36.37106],[139.72853,36.37112],[139.72906,36.3713],[139.73039,36.37173],[139.73046,36.37176]],[[139.69804,36.34465],[139.69645,36.34402]],[[139.8103,36.31972],[139.81042,36.32032],[139.81065,36.32121],[139.81081,36.32199],[139.81094,36.32347],[139.81094,36.32491],[139.81081,36.32613],[139.81042,36.32705],[139.81013,36.32761],[139.80953,36.32846],[139.80662,36.33261],[139.8054,36.33438],[139.80426,36.33594],[139.80386,36.33649],[139.80321,36.33748],[139.80298,36.33785],[139.80222,36.3389],[139.80162,36.33976],[139.80104,36.34047],[139.80056,36.34096],[139.80031,36.34118],[139.80004,36.34142],[139.79968,36.34162],[139.79925,36.34185],[139.79886,36.34205],[139.79724,36.34288],[139.79445,36.34429],[139.79137,36.34585],[139.79128,36.3459],[139.78935,36.34687],[139.78587,36.34865],[139.78319,36.34999],[139.78187,36.35068]],[[139.8084,36.3165],[139.8103,36.31972]],[[139.80689,36.31309],[139.80745,36.31407],[139.80782,36.31478],[139.80797,36.31515],[139.80805,36.31538],[139.80808,36.31547],[139.80817,36.31581],[139.8082,36.31594],[139.80826,36.31613],[139.8084,36.3165]],[[139.80593,36.31138],[139.80608,36.31166],[139.80675,36.31285],[139.80689,36.31309]],[[139.78187,36.35068],[139.78038,36.35142]],[[139.73158,36.37211],[139.73165,36.37213],[139.73217,36.3723],[139.73359,36.37277],[139.73367,36.37279],[139.73367,36.3728],[139.73379,36.37284],[139.73415,36.37295],[139.73456,36.37308],[139.73512,36.37327],[139.73525,36.37332],[139.73613,36.37361],[139.73628,36.37366],[139.73653,36.37373],[139.73688,36.37385],[139.73708,36.3739],[139.73743,36.37399],[139.73793,36.3741],[139.73846,36.37415],[139.73943,36.37415],[139.73968,36.37413],[139.73992,36.37409],[139.74037,36.37398],[139.74044,36.37397],[139.74058,36.37392],[139.74098,36.37378],[139.74105,36.37375],[139.74112,36.37371],[139.74133,36.37361],[139.7418,36.37335],[139.74194,36.37326],[139.74238,36.373],[139.74242,36.37297],[139.74288,36.37268],[139.7444,36.37171],[139.74485,36.37144],[139.74594,36.37076],[139.74618,36.37061],[139.74625,36.37057],[139.74648,36.37044],[139.74666,36.37033],[139.74674,36.37028],[139.74791,36.36954],[139.7491,36.36877],[139.75074,36.36776],[139.75278,36.36644],[139.75509,36.36496],[139.75547,36.36472],[139.75693,36.3638],[139.75842,36.36283],[139.76031,36.36164],[139.76073,36.3614],[139.76143,36.36104],[139.76292,36.36029],[139.76405,36.35969],[139.76447,36.35948],[139.76616,36.35862],[139.76707,36.35816],[139.76838,36.3575],[139.77173,36.35581],[139.77527,36.35401],[139.77648,36.3534],[139.77892,36.35217],[139.78038,36.35142]],[[139.65704,36.32656],[139.6588,36.32657]],[[139.45715,36.33164],[139.45555,36.3321]],[[139.5297,36.31617],[139.52788,36.31619]],[[139.41069,36.34779],[139.4093,36.34875],[139.4073,36.35016],[139.40421,36.35233],[139.40122,36.35443],[139.40092,36.35465],[139.3987,36.35622],[139.39576,36.3583],[139.39295,36.36031],[139.39257,36.36058],[139.39241,36.36069],[139.39221,36.36083],[139.39102,36.36169],[139.39027,36.36223],[139.38828,36.3638],[139.38603,36.3656],[139.38567,36.36589],[139.38313,36.36793],[139.37993,36.3705],[139.37816,36.37195],[139.37777,36.37226],[139.37495,36.37456]],[[139.45555,36.3321],[139.45544,36.33213],[139.45379,36.33263],[139.45368,36.33266],[139.45353,36.33271],[139.45257,36.33298],[139.45218,36.3331],[139.45203,36.33314],[139.4518,36.3332],[139.45151,36.3333],[139.45005,36.33372],[139.44985,36.33378],[139.4496,36.33385],[139.44891,36.33405],[139.44872,36.33412],[139.44864,36.33413],[139.44796,36.33433],[139.4479,36.33435],[139.44708,36.33458],[139.44685,36.33465],[139.44663,36.33472],[139.44628,36.33483],[139.4452,36.33513],[139.4443,36.33537],[139.44375,36.33547],[139.44352,36.33551],[139.4432,36.33554],[139.44289,36.33558],[139.44247,36.33562],[139.44199,36.33565],[139.44119,36.3357],[139.44018,36.33571],[139.43971,36.33569],[139.43934,36.33565],[139.43909,36.33562],[139.43896,36.33561],[139.43885,36.3356],[139.43838,36.33556],[139.43833,36.33555],[139.43769,36.33548],[139.43735,36.33545],[139.43723,36.33544],[139.4371,36.33542],[139.43623,36.33531],[139.43523,36.3352],[139.43468,36.33514],[139.43431,36.33512],[139.4339,36.33512],[139.43368,36.33514],[139.43327,36.33522],[139.43281,36.33534],[139.4325,36.33545],[139.43241,36.33549],[139.43232,36.33553],[139.43218,36.33561],[139.43203,36.3357],[139.43166,36.33595],[139.43156,36.33601],[139.43128,36.33623],[139.43117,36.3363],[139.431,36.33642],[139.43093,36.33648],[139.43049,36.33684],[139.43007,36.33719],[139.4285,36.3385],[139.42652,36.34008],[139.42582,36.34062],[139.42545,36.34086],[139.42476,36.34128],[139.42444,36.34144],[139.42408,36.34159],[139.42131,36.3425],[139.42032,36.34282],[139.41721,36.34386],[139.41605,36.34426],[139.41562,36.34444],[139.41514,36.34469],[139.41471,36.34496],[139.41382,36.34559],[139.41185,36.34699]],[[139.57739,36.31653],[139.576,36.31651],[139.57451,36.31647],[139.57111,36.31634],[139.56963,36.31628],[139.56888,36.31626],[139.56791,36.31624],[139.56656,36.3162],[139.56539,36.31616],[139.56495,36.31615],[139.56443,36.31614],[139.56229,36.31607],[139.56031,36.31601],[139.55826,36.31596],[139.55685,36.31594],[139.55583,36.31593],[139.55548,36.31594],[139.55474,36.31593],[139.55417,36.31593],[139.55265,36.31595],[139.5504,36.31598],[139.54788,36.31601],[139.54558,36.31603],[139.54322,36.31604],[139.54308,36.31605],[139.5426,36.31605],[139.54238,36.31605],[139.54144,36.31607],[139.54027,36.31608],[139.53996,36.31609],[139.53834,36.31609],[139.53597,36.31612],[139.53435,36.31615],[139.53328,36.31617],[139.53293,36.31618],[139.53069,36.31618],[139.5297,36.31617]],[[139.58041,36.31659],[139.57739,36.31653]],[[139.41185,36.34699],[139.41069,36.34779]],[[139.45715,36.33164],[139.45722,36.33163],[139.45741,36.33158],[139.45869,36.33123],[139.4598,36.33094],[139.46012,36.33084],[139.46187,36.33035],[139.46214,36.33028],[139.4628,36.33009],[139.46284,36.33008],[139.46289,36.33007],[139.46304,36.33002],[139.4631,36.33],[139.46382,36.3298],[139.46386,36.32978],[139.46399,36.32974],[139.46629,36.32906],[139.46656,36.32897],[139.46746,36.32871],[139.46794,36.32858],[139.46908,36.32825],[139.4697,36.32808],[139.47049,36.32785],[139.47055,36.32784],[139.47102,36.3277],[139.47122,36.32765],[139.47135,36.3276],[139.47249,36.32729],[139.47258,36.32726],[139.47284,36.32719],[139.47338,36.32704],[139.47374,36.32695],[139.47402,36.32686],[139.47456,36.3267],[139.47491,36.3266],[139.47519,36.32652],[139.47543,36.32646],[139.47592,36.3263],[139.47596,36.32629],[139.47627,36.32619],[139.47707,36.32588],[139.47719,36.32584],[139.47739,36.32577],[139.47793,36.32556],[139.47805,36.32552],[139.47828,36.32543],[139.47886,36.32517],[139.47937,36.32492],[139.48029,36.32434],[139.48133,36.32368],[139.48147,36.32359],[139.48151,36.32357],[139.48168,36.32345],[139.48179,36.32339],[139.48208,36.3232],[139.48224,36.3231],[139.48225,36.32309],[139.48268,36.32281],[139.48331,36.3224],[139.4835,36.32227],[139.4838,36.32208],[139.48418,36.32185],[139.48423,36.32183],[139.48457,36.32159],[139.48475,36.32149],[139.48588,36.32077],[139.48594,36.32072],[139.48635,36.32047],[139.48713,36.31997],[139.48806,36.31939],[139.489,36.3188],[139.4898,36.31835],[139.4907,36.31795],[139.4908,36.31791],[139.49101,36.31782],[139.49196,36.31739],[139.4936,36.31668],[139.49445,36.31631],[139.49474,36.31617],[139.49565,36.31576],[139.49586,36.31567],[139.49629,36.31548],[139.49677,36.31528],[139.49767,36.3149],[139.49928,36.31421],[139.5002,36.31382],[139.5007,36.31361],[139.50096,36.31351],[139.50125,36.31338],[139.50171,36.31323],[139.50197,36.31315],[139.50219,36.31312],[139.50252,36.3131],[139.50276,36.3131],[139.50328,36.31313],[139.50446,36.31327],[139.50518,36.31335],[139.50576,36.31345],[139.50598,36.31348],[139.50776,36.31372],[139.50819,36.31377],[139.50852,36.31382],[139.51002,36.31403],[139.5117,36.31425],[139.5131,36.31445],[139.51449,36.31462],[139.51643,36.31489],[139.51777,36.31508],[139.5183,36.315146]],[[139.58041,36.31659],[139.5823,36.31665],[139.58424,36.31672],[139.58651,36.31678],[139.58711,36.3168],[139.58742,36.31681],[139.58926,36.31686],[139.59138,36.31698],[139.59208,36.31706],[139.59248,36.31711],[139.59352,36.31732],[139.59533,36.31774],[139.59657,36.31802],[139.59797,36.31834],[139.59847,36.31846],[139.59945,36.3187],[139.60078,36.319],[139.60175,36.31922],[139.60272,36.31946],[139.60394,36.31974],[139.60451,36.31986],[139.60528,36.32003],[139.60684,36.32037],[139.6084,36.32073],[139.60864,36.32079],[139.60976,36.32104],[139.61164,36.32146],[139.61346,36.32187],[139.61399,36.322],[139.61444,36.3221],[139.61507,36.32225],[139.61519,36.32228],[139.61561,36.32238],[139.61681,36.32265],[139.61881,36.3231],[139.6209,36.32359],[139.62176,36.32379],[139.62413,36.32431],[139.62564,36.32465],[139.62988,36.32562],[139.63142,36.32597],[139.6325,36.32623],[139.63347,36.32645],[139.63403,36.32657],[139.63477,36.32667],[139.63482,36.32667],[139.63488,36.32668],[139.63545,36.32674],[139.63622,36.32677],[139.63777,36.3268],[139.64002,36.32676],[139.64526,36.32672],[139.64596,36.32671],[139.64809,36.32668],[139.65303,36.32661],[139.65704,36.32656]],[[139.29614,36.39528],[139.29586,36.39509],[139.29536,36.39475],[139.29516,36.39462],[139.29464,36.39428],[139.29437,36.39412],[139.29393,36.39383],[139.29342,36.39351],[139.29312,36.39333],[139.29288,36.39317],[139.29268,36.39304],[139.29237,36.39283],[139.29176,36.39244],[139.29132,36.39217],[139.29078,36.39181],[139.28996,36.3913],[139.28954,36.39102],[139.28897,36.39066],[139.28855,36.39039],[139.28797,36.39001],[139.28751,36.38972],[139.28696,36.38937],[139.28672,36.38921],[139.28638,36.38899],[139.28594,36.38871],[139.28543,36.38838],[139.28485,36.38802],[139.28456,36.38782],[139.28418,36.38758],[139.28402,36.38747],[139.2836,36.38721],[139.28307,36.38687],[139.28279,36.38668],[139.28224,36.38634],[139.28176,36.38603],[139.28142,36.38581],[139.28102,36.38556],[139.2804,36.38515],[139.27995,36.38487],[139.27958,36.38462],[139.27886,36.38416],[139.27847,36.38391],[139.27815,36.3837],[139.27748,36.38327],[139.27709,36.38302],[139.27661,36.38272],[139.27606,36.38237],[139.27549,36.382],[139.27548,36.38199],[139.27506,36.38173],[139.27475,36.38153],[139.27439,36.3813],[139.27389,36.38097],[139.27368,36.38084],[139.27336,36.38063],[139.27279,36.38027],[139.27242,36.38002],[139.2719,36.3797],[139.27145,36.3794],[139.27118,36.37923],[139.2707,36.37891],[139.27019,36.37859],[139.26964,36.37824],[139.26932,36.37804],[139.26899,36.37782],[139.26833,36.3774],[139.26798,36.37717],[139.26747,36.37685],[139.26708,36.3766],[139.26678,36.37641],[139.26626,36.37607],[139.26578,36.37576],[139.26506,36.3753],[139.2648,36.37514],[139.26475,36.37511],[139.26447,36.37492],[139.26408,36.37466],[139.26349,36.37429],[139.26308,36.37402],[139.26273,36.3738],[139.26222,36.37347],[139.26199,36.37333],[139.26153,36.37304],[139.26051,36.37238],[139.25999,36.37206],[139.25941,36.37167],[139.25905,36.37143],[139.25852,36.37109],[139.25817,36.37087],[139.25772,36.37059],[139.25727,36.37031],[139.25695,36.37008],[139.25652,36.36981],[139.25629,36.36967],[139.2561,36.36955],[139.25593,36.36944],[139.25553,36.36918],[139.25502,36.36885],[139.25474,36.36868],[139.25455,36.36856],[139.25419,36.36832],[139.25381,36.36808],[139.25356,36.3679],[139.25335,36.36776],[139.25315,36.36761],[139.25295,36.36744],[139.25266,36.36721],[139.25236,36.36698],[139.25208,36.36674],[139.25166,36.36639],[139.25128,36.36609],[139.25087,36.36575],[139.25061,36.36553],[139.25034,36.36534],[139.25007,36.36511],[139.24982,36.36491],[139.24961,36.36473],[139.24932,36.3645],[139.24907,36.36431],[139.2487,36.36401],[139.24826,36.36367],[139.24778,36.36324],[139.24734,36.36287],[139.24705,36.36262],[139.24679,36.36242],[139.24563,36.3615],[139.24345,36.35978]],[[139.24146,36.35823],[139.24345,36.35978]],[[139.14043,36.35373],[139.13866,36.35449]],[[139.19469,36.32665],[139.19193,36.32711]],[[139.10827,36.37133],[139.10957,36.37058],[139.10976,36.37047]],[[139.10827,36.37133],[139.10777,36.37158],[139.10748,36.37175],[139.10675,36.37218],[139.10588,36.37265],[139.10521,36.37304],[139.10429,36.37358],[139.10391,36.37381],[139.10292,36.3744],[139.10155,36.37525],[139.10059,36.37583],[139.09852,36.37709],[139.09753,36.37768],[139.09656,36.37829],[139.09588,36.37868],[139.09503,36.37921],[139.09407,36.3798],[139.09346,36.38013],[139.09294,36.38039],[139.09257,36.38055],[139.09171,36.38087],[139.09106,36.38107],[139.09053,36.38124],[139.08978,36.38146],[139.08946,36.38156],[139.08841,36.38189],[139.0874,36.38219],[139.08621,36.38259],[139.08537,36.38286],[139.08479,36.38305],[139.0844,36.38319],[139.08372,36.38339],[139.08294,36.38366],[139.08213,36.38391],[139.08146,36.38407],[139.08091,36.38415],[139.0805,36.38421],[139.08003,36.38424],[139.07966,36.38424],[139.07928,36.38423],[139.0787,36.38417],[139.07848,36.38415],[139.07795,36.38408],[139.07752,36.38402],[139.07706,36.38395],[139.07652,36.38389],[139.07553,36.38376],[139.07472,36.38365]],[[139.07202,36.38329],[139.07182,36.38326],[139.0711,36.38317],[139.07058,36.38311],[139.06958,36.38298],[139.06831,36.38281],[139.0667,36.38261],[139.06624,36.38255],[139.06568,36.38249],[139.06481,36.38237],[139.06405,36.38226],[139.06343,36.38218],[139.06289,36.38214],[139.06242,36.38214],[139.06187,36.38218],[139.06154,36.38222],[139.06121,36.38227],[139.06094,36.38232],[139.06066,36.38238],[139.06032,36.38245],[139.0602,36.38247],[139.05993,36.38251],[139.05933,36.38264],[139.0586,36.38278],[139.05837,36.38283],[139.05805,36.38289],[139.05794,36.38291],[139.05742,36.383],[139.05697,36.38309],[139.05658,36.38316],[139.05628,36.3832],[139.05588,36.38323],[139.05551,36.38325],[139.05515,36.38324],[139.05475,36.38324],[139.05432,36.38319],[139.05366,36.38306],[139.05334,36.38299],[139.05253,36.38273],[139.05201,36.38253],[139.05172,36.3824],[139.05152,36.38231],[139.0514,36.38225],[139.05106,36.38205]],[[139.05106,36.38205],[139.05096,36.38197],[139.04998,36.38122],[139.0489,36.38041],[139.04829,36.37997]],[[139.13866,36.35449],[139.13689,36.35533],[139.13633,36.35562],[139.13524,36.35624],[139.13508,36.35633],[139.13478,36.35649],[139.13383,36.35702],[139.13281,36.35758],[139.13124,36.35849],[139.13095,36.35865],[139.13021,36.35906],[139.12917,36.35964],[139.12839,36.36007],[139.12691,36.36092],[139.12567,36.36163],[139.12461,36.36222],[139.12334,36.36292],[139.12227,36.36348],[139.1218,36.36374],[139.12164,36.36384],[139.12074,36.36435],[139.12047,36.36449],[139.11981,36.36485],[139.11876,36.36545],[139.1169,36.36649],[139.11611,36.36693],[139.11519,36.36745],[139.11439,36.36789],[139.11348,36.3684],[139.11301,36.36867],[139.11219,36.36913],[139.11156,36.36947],[139.11064,36.36999],[139.10976,36.37047]],[[139.3739,36.37542],[139.37265,36.37641],[139.37178,36.3771],[139.37168,36.3772],[139.37151,36.37733],[139.37131,36.37751],[139.37069,36.37799],[139.37045,36.37819],[139.36983,36.37869],[139.36951,36.37893],[139.36914,36.37922],[139.36872,36.37956],[139.36849,36.37974],[139.36829,36.3799],[139.36809,36.38003],[139.36789,36.38012],[139.36765,36.38021],[139.36722,36.38036],[139.3669,36.38046],[139.36675,36.3805],[139.36656,36.38054],[139.36624,36.38061],[139.36613,36.38063],[139.36566,36.38074],[139.3652,36.38084],[139.36505,36.38087],[139.36488,36.38092],[139.36458,36.381],[139.36431,36.38108],[139.36405,36.38117],[139.36385,36.38126],[139.36361,36.3814],[139.36344,36.38153],[139.36322,36.38169],[139.3629,36.38197],[139.36255,36.38223],[139.36218,36.38253],[139.36175,36.38286],[139.36146,36.38311],[139.36097,36.38349],[139.36064,36.38377],[139.36027,36.38406],[139.35987,36.38438],[139.3594,36.38475],[139.35896,36.38511],[139.3584,36.38556],[139.35797,36.38591],[139.3575,36.38628],[139.35717,36.38656],[139.35674,36.3869],[139.35644,36.38714],[139.3558,36.38767],[139.35535,36.38802],[139.35489,36.3884],[139.35455,36.38867],[139.35424,36.38892],[139.35374,36.38934],[139.35335,36.38964],[139.35279,36.39012],[139.35213,36.39065],[139.35182,36.39091],[139.35155,36.39112],[139.35127,36.39135],[139.35094,36.39162],[139.35042,36.39203],[139.35015,36.39225],[139.34975,36.39258],[139.34931,36.39294],[139.34892,36.39325],[139.34851,36.3936],[139.34818,36.39386],[139.34765,36.39428],[139.34692,36.39486],[139.34655,36.39514],[139.34623,36.39538],[139.34589,36.39566],[139.34547,36.39602],[139.34521,36.39628],[139.34499,36.39653],[139.34479,36.39679],[139.34462,36.39708],[139.34443,36.39744],[139.34427,36.39781],[139.34408,36.39827],[139.34385,36.39889],[139.3437,36.39929],[139.34359,36.39963],[139.3435,36.39992],[139.3433,36.40058],[139.34315,36.40109],[139.34302,36.4015],[139.34292,36.40185],[139.3428,36.40229],[139.34262,36.40291],[139.34245,36.40348],[139.34233,36.40394],[139.3422,36.40438],[139.34206,36.40484],[139.34198,36.40506],[139.34196,36.40511],[139.34184,36.40548],[139.34161,36.40603],[139.34144,36.40634],[139.34126,36.40663],[139.34104,36.40691],[139.34068,36.40732],[139.34042,36.40759],[139.34014,36.40783],[139.33996,36.40797],[139.3396,36.40821],[139.33928,36.40841],[139.33888,36.40863],[139.33858,36.40878],[139.33832,36.40889],[139.33793,36.40906],[139.33732,36.40932],[139.33661,36.40963],[139.33612,36.40983],[139.33564,36.41003],[139.33518,36.41023],[139.33488,36.41036],[139.33443,36.41057],[139.33392,36.4108],[139.33387,36.41082]],[[139.19193,36.32711],[139.19085,36.32727],[139.1903,36.32737],[139.18983,36.32746],[139.18942,36.3276],[139.18908,36.32775],[139.18837,36.32815],[139.18744,36.32866],[139.18665,36.3291],[139.18621,36.32936],[139.18584,36.32957],[139.18523,36.32992],[139.18491,36.3301],[139.18485,36.33013],[139.18334,36.331],[139.18294,36.33121],[139.18276,36.33132],[139.18272,36.33135],[139.18247,36.33148],[139.18203,36.33173],[139.18174,36.33189],[139.18151,36.33203],[139.18045,36.33262],[139.17982,36.33299],[139.17839,36.33379],[139.17793,36.33406],[139.17758,36.33424],[139.17713,36.3345],[139.17679,36.3347],[139.17639,36.33494],[139.176,36.33516],[139.17578,36.33528],[139.1751,36.33567],[139.1747,36.3359],[139.1742,36.33618],[139.17367,36.33648],[139.17309,36.33681],[139.17216,36.33736],[139.17072,36.33819],[139.17008,36.33856],[139.1694,36.33904],[139.1685,36.3397],[139.16749,36.34044],[139.16617,36.34145],[139.16465,36.34263],[139.16441,36.34281],[139.16417,36.34299],[139.16348,36.34352],[139.16267,36.34412],[139.16244,36.34429],[139.16193,36.34467],[139.1615,36.34492],[139.16092,36.34522],[139.16015,36.34555],[139.15736,36.34672],[139.15525,36.3476],[139.15304,36.34852],[139.1523,36.34883],[139.14983,36.34986],[139.14718,36.35094],[139.14562,36.35156],[139.14315,36.35259],[139.14199,36.35306],[139.14043,36.35373]],[[139.07472,36.38365],[139.07202,36.38329]],[[139.19469,36.32665],[139.19524,36.32654],[139.19629,36.32637],[139.19773,36.32614],[139.19823,36.32611],[139.19857,36.32611],[139.199,36.32611],[139.19942,36.32616],[139.19993,36.32626],[139.20038,36.32638],[139.20072,36.32649],[139.20094,36.32656],[139.20112,36.32662],[139.20143,36.32673],[139.20214,36.32701],[139.20239,36.32712],[139.20282,36.32728],[139.20386,36.32771],[139.20497,36.3282],[139.20535,36.32836],[139.20558,36.32847],[139.20582,36.32857],[139.2061,36.32869],[139.20714,36.32917],[139.20754,36.32938],[139.20798,36.3296],[139.20833,36.32979],[139.20908,36.3302],[139.2093,36.33032],[139.20942,36.33039],[139.20966,36.33055],[139.20975,36.33061],[139.20993,36.33074],[139.21021,36.33093],[139.21032,36.33102],[139.21191,36.33212],[139.2124,36.33247],[139.21268,36.33266],[139.21297,36.33287],[139.21319,36.33304],[139.2135,36.33326],[139.21377,36.33347],[139.21398,36.33366],[139.21475,36.33437],[139.21585,36.33539],[139.21613,36.33564],[139.2165,36.33602],[139.21679,36.33628],[139.21699,36.33648],[139.21776,36.33722],[139.21893,36.33831],[139.22018,36.33947],[139.22145,36.34066],[139.22232,36.34146],[139.22326,36.34233],[139.22357,36.34261],[139.2248,36.34378],[139.22623,36.34509],[139.22748,36.34625],[139.22878,36.34747],[139.22971,36.34833],[139.23053,36.34913],[139.23064,36.34924],[139.23151,36.35004],[139.23243,36.35092],[139.23346,36.35185],[139.23355,36.35192],[139.23453,36.35272],[139.2353,36.35337],[139.23582,36.35381],[139.23673,36.35452],[139.23783,36.35537],[139.23924,36.35649],[139.24146,36.35823]],[[139.04829,36.37997],[139.04571,36.37804]],[[139.33257,36.41141],[139.33216,36.41161],[139.33178,36.41179],[139.3314,36.41196],[139.33092,36.41218],[139.33041,36.41243],[139.33001,36.41261],[139.32956,36.4128],[139.32918,36.41298],[139.32897,36.41307],[139.32868,36.41318],[139.32821,36.4133],[139.32782,36.4134],[139.32744,36.41347],[139.3273,36.41348],[139.32721,36.41348],[139.32673,36.41348],[139.32649,36.41349],[139.32619,36.41348],[139.32593,36.41346],[139.32551,36.41342],[139.32523,36.41339],[139.32497,36.41335],[139.32482,36.41331],[139.32442,36.41319],[139.32423,36.41316],[139.32403,36.41311],[139.32383,36.41305],[139.32368,36.413],[139.32348,36.41292],[139.32321,36.4128],[139.32302,36.4127],[139.32272,36.41256],[139.32256,36.41247],[139.3223,36.41233],[139.32198,36.41215],[139.32179,36.41203],[139.32148,36.41184],[139.32129,36.4117],[139.321,36.4115],[139.32053,36.4112],[139.32036,36.41108],[139.32022,36.41098],[139.31987,36.41074],[139.31961,36.41057],[139.3194,36.41042],[139.31926,36.41033],[139.31901,36.41016],[139.31867,36.40993],[139.31844,36.40977]],[[139.31844,36.40977],[139.31826,36.40965],[139.31808,36.40952],[139.31743,36.40908],[139.31712,36.40888],[139.3165,36.40846],[139.3162,36.40826],[139.31559,36.40786],[139.31506,36.40751],[139.31483,36.40736],[139.31461,36.40723],[139.31452,36.40717],[139.31424,36.40699],[139.31367,36.40662],[139.3134,36.40643],[139.31313,36.40625],[139.31272,36.40598],[139.31228,36.40568],[139.31186,36.40541],[139.31144,36.40513],[139.31086,36.40475],[139.31029,36.4044],[139.30989,36.40413],[139.30945,36.40386],[139.30895,36.40354],[139.30869,36.40336],[139.30841,36.40317],[139.30795,36.40287],[139.30745,36.40256],[139.30719,36.40239],[139.30631,36.40183],[139.30606,36.40166],[139.30598,36.4016],[139.3054,36.40122],[139.30507,36.40102],[139.30474,36.40081],[139.30409,36.40038],[139.3038,36.40018],[139.30343,36.39995],[139.3029,36.39962],[139.30244,36.39932],[139.30177,36.39889],[139.30131,36.39859],[139.30079,36.39826],[139.30016,36.39786],[139.29971,36.39756],[139.29919,36.39724],[139.29874,36.39693],[139.29809,36.3965]],[[139.29809,36.3965],[139.29763,36.39622],[139.29718,36.39593],[139.29671,36.39562],[139.29614,36.39528]],[[139.33387,36.41082],[139.33377,36.41086],[139.33339,36.41103],[139.33315,36.41114],[139.33277,36.41132],[139.33257,36.41141]],[[139.5183,36.315146],[139.518611,36.315185]],[[139.518611,36.315185],[139.51889,36.31522],[139.51945,36.3153],[139.52024,36.3154],[139.52179,36.31561],[139.52314,36.31582],[139.5244,36.316],[139.52506,36.31609],[139.52576,36.31617],[139.5267,36.31622],[139.52788,36.31619]]]}},{"properties":{"name":"五日市線","uri":"https://uedayou.net/jrslod/東日本旅客鉄道/五日市線","color":"F15A22"},"type":"Feature","geometry":{"type":"MultiLineString","coordinates":[[[139.22876,35.73271],[139.2288,35.73274],[139.22943,35.73315],[139.22994,35.73347],[139.23034,35.73368],[139.23049,35.73375],[139.23063,35.73381],[139.23095,35.73388],[139.23123,35.7339],[139.23148,35.73388],[139.23168,35.73384],[139.23188,35.73379],[139.23204,35.7337],[139.23208,35.73369],[139.23306,35.7331],[139.23368,35.73273],[139.23445,35.73224],[139.23538,35.73171],[139.23598,35.73135],[139.23613,35.73126],[139.23666,35.73106],[139.2369,35.73098],[139.23721,35.73098],[139.23788,35.73107],[139.23844,35.73116],[139.23923,35.73129],[139.23988,35.73142],[139.24066,35.73154],[139.24127,35.73163],[139.24175,35.73166],[139.24217,35.73168],[139.2427,35.73165],[139.24333,35.73155],[139.24377,35.73146],[139.24424,35.73138],[139.24497,35.73124],[139.24534,35.7312],[139.24573,35.7312],[139.24624,35.73121],[139.24681,35.73126],[139.24835,35.73131],[139.24914,35.73132],[139.25071,35.73133],[139.25233,35.73129],[139.25348,35.7312],[139.25557,35.73102]],[[139.34112,35.72421],[139.3413,35.72397],[139.34222,35.72281],[139.34285,35.72202]],[[139.33609,35.72813],[139.3366,35.72782],[139.33697,35.72755],[139.33748,35.72713],[139.33785,35.72682],[139.33856,35.72624],[139.33883,35.72601],[139.33937,35.72557],[139.33993,35.72515],[139.34041,35.72479],[139.34086,35.72443],[139.34112,35.72421]],[[139.25704,35.73089],[139.25557,35.73102]],[[139.33609,35.72813],[139.33537,35.72845]],[[139.28745,35.72795],[139.28605,35.72815]],[[139.34285,35.72202],[139.34319,35.72156],[139.34409,35.72037]],[[139.3124,35.72594],[139.31095,35.72593]],[[139.28605,35.72815],[139.2853,35.72823],[139.28372,35.72844],[139.28198,35.72862],[139.28174,35.72865],[139.28053,35.72877],[139.27931,35.72888],[139.2775,35.72906],[139.27579,35.7292],[139.27414,35.72934],[139.27251,35.72947],[139.27179,35.72953],[139.27072,35.72962]],[[139.31095,35.72593],[139.30953,35.72589],[139.3094,35.72589],[139.3072,35.72587],[139.3055,35.72585],[139.30326,35.72585],[139.30274,35.72589],[139.30033,35.72623],[139.29838,35.7265],[139.29789,35.72657],[139.29552,35.72689],[139.29356,35.72716],[139.29169,35.72742],[139.29064,35.72754],[139.28912,35.72774],[139.28745,35.72795]],[[139.22876,35.73271],[139.22748,35.73158]],[[139.26945,35.72976],[139.26806,35.72989],[139.26735,35.72995],[139.26566,35.7301],[139.26384,35.73027],[139.26193,35.73045],[139.25996,35.73062],[139.25826,35.73078],[139.25704,35.73089]],[[139.33537,35.72845],[139.33504,35.72855],[139.33448,35.72868],[139.33397,35.72872],[139.33372,35.72871],[139.33334,35.72864],[139.33303,35.72859],[139.33266,35.72853],[139.33071,35.72811],[139.33024,35.72801],[139.32909,35.72778],[139.32861,35.72767],[139.32853,35.72765],[139.32725,35.72739],[139.32562,35.72704],[139.3239,35.72668],[139.32292,35.72647],[139.32272,35.72643],[139.32233,35.72635],[139.32151,35.72619],[139.32017,35.72593],[139.31907,35.72578],[139.31873,35.72578],[139.31727,35.72582],[139.31559,35.72591],[139.31454,35.72595],[139.3124,35.72594]],[[139.27072,35.72962],[139.26945,35.72976]]]}},{"properties":{"name":"京葉線","uri":"https://uedayou.net/jrslod/東日本旅客鉄道/京葉線","color":"DC143C"},"type":"Feature","geometry":{"type":"MultiLineString","coordinates":[[[139.95915,35.70669],[139.95932,35.70692],[139.95935,35.70696],[139.95948,35.70714],[139.95957,35.70728],[139.95966,35.70738],[139.95984,35.70768],[139.95989,35.70775]],[[140.01392,35.66685],[140.01203,35.66795]],[[139.95915,35.70669],[139.95885,35.70621],[139.95821,35.70521],[139.95756,35.7042],[139.95739,35.70397],[139.95731,35.70387],[139.95712,35.70357],[139.9571,35.70352],[139.95683,35.70307],[139.9567,35.70286],[139.95653,35.70247],[139.95638,35.70208],[139.95589,35.70025],[139.95572,35.69945],[139.95563,35.69901],[139.95558,35.69864],[139.95556,35.69831],[139.95557,35.6977],[139.9556,35.69726],[139.95562,35.69702],[139.95566,35.69677],[139.95579,35.6962],[139.95595,35.69561],[139.95622,35.69479],[139.95624,35.69475],[139.95631,35.69447]],[[139.99643,35.68131],[139.99497,35.68202]],[[140.05815,35.63785],[140.0543,35.64059],[140.05259,35.64185],[140.05174,35.64241],[140.05162,35.64249],[140.04813,35.64464],[140.04536,35.64633],[140.04299,35.6478],[140.04291,35.64785]],[[140.04291,35.64785],[140.04108,35.64895]],[[140.02617,35.658773],[140.0256,35.65916],[140.02503,35.65954],[140.02295,35.66097],[140.0221,35.66154],[140.02074,35.66244],[140.01871,35.66383],[140.01585,35.66568],[140.01399,35.66681],[140.01392,35.66685]],[[140.01203,35.66795],[140.01191,35.66802],[140.01028,35.66897],[140.00866,35.66991],[140.00843,35.67002],[140.0074,35.67062],[140.00662,35.67107],[140.00584,35.67155],[140.00519,35.67203],[140.00461,35.67248],[140.00437,35.67269],[140.00425,35.67279],[140.00381,35.67331],[140.00346,35.67376],[140.00314,35.67425],[140.00279,35.67496],[140.00252,35.67549],[140.00229,35.67604],[140.00184,35.67712],[140.00168,35.67747],[140.00148,35.67784],[140.00109,35.67845],[140.00071,35.67888],[140.00022,35.67931],[139.99978,35.67963],[139.9992,35.67992],[139.99874,35.68015],[139.9987,35.68017],[139.99788,35.68057],[139.99713,35.68093],[139.99675,35.68116],[139.99652,35.68126],[139.99643,35.68131]],[[139.95631,35.69447],[139.95641,35.69427],[139.95667,35.69385],[139.95706,35.69338],[139.95752,35.69295],[139.95796,35.69261],[139.95833,35.69237],[139.95876,35.69215],[139.95925,35.69196],[139.96018,35.69174],[139.96044,35.69171],[139.9611,35.69164]],[[139.9604,35.6915],[139.95871,35.69114]],[[139.9604,35.6915],[139.96057,35.69153],[139.9611,35.69164]],[[139.99497,35.68202],[139.99483,35.68208],[139.9937,35.68261],[139.99249,35.68318],[139.98988,35.68445],[139.98957,35.68459],[139.98923,35.6847],[139.98891,35.68477],[139.98762,35.6851],[139.98358,35.68614],[139.98291,35.68632],[139.97817,35.68756],[139.97303,35.6889],[139.97297,35.68892],[139.96838,35.69013],[139.96535,35.69091],[139.96381,35.69131],[139.96337,35.6914],[139.96244,35.69156],[139.96202,35.69163],[139.96187,35.69164],[139.96166,35.69165],[139.96147,35.69165],[139.9611,35.69164]],[[139.86054,35.64452],[139.86047,35.64454],[139.85912,35.64503],[139.85821,35.64534],[139.85758,35.64553],[139.85716,35.64563],[139.85676,35.6457],[139.85641,35.64574],[139.85457,35.64589],[139.84976,35.64622],[139.84928,35.64625],[139.84172,35.6467],[139.84131,35.64673],[139.83992,35.64683],[139.8388,35.64691],[139.83812,35.64694],[139.83719,35.64697],[139.82785,35.64609]],[[139.79331,35.66732],[139.79385,35.66687],[139.79434,35.66646],[139.79477,35.66612],[139.79611,35.66501],[139.7975,35.66371],[139.79769,35.66354],[139.79799,35.6633],[139.80007,35.66236],[139.8018,35.66173],[139.80272,35.66139],[139.80344,35.66123],[139.80501,35.66113],[139.80638,35.66113],[139.80889,35.66116],[139.81038,35.66126],[139.811,35.66131],[139.81107,35.66132],[139.81211,35.66138],[139.81256,35.6614],[139.81305,35.66139],[139.81345,35.66136],[139.81369,35.66131],[139.81395,35.66125],[139.81422,35.66115],[139.81464,35.66098],[139.81496,35.66081],[139.81526,35.66065],[139.8155,35.66048],[139.81577,35.66025],[139.81646,35.65956],[139.81653,35.6595]],[[139.95871,35.69114],[139.95862,35.69112],[139.95735,35.69085],[139.95561,35.69047],[139.95548,35.69043],[139.95506,35.69028],[139.95346,35.68953]],[[139.77885,35.67462],[139.77965,35.67463],[139.77985,35.67464],[139.78066,35.67459],[139.78154,35.6744],[139.78256,35.67409],[139.78323,35.67378],[139.78458,35.67311],[139.78725,35.67171],[139.78742,35.67163],[139.78885,35.67089],[139.79021,35.66991],[139.7911,35.66916],[139.79168,35.66868]],[[139.81653,35.6595],[139.81781,35.65823]],[[139.81781,35.65823],[139.81784,35.65819],[139.81829,35.65773],[139.81845,35.65754],[139.81856,35.65738],[139.8187,35.65716],[139.81881,35.65694],[139.8189,35.65671],[139.819,35.65646],[139.81909,35.65618],[139.81914,35.65599],[139.81919,35.65575],[139.81924,35.65545],[139.81952,35.65316],[139.81999,35.6493],[139.82004,35.64887],[139.82011,35.64861],[139.82018,35.6484],[139.8203,35.64813],[139.82046,35.64786],[139.82063,35.64758],[139.82086,35.64731],[139.82111,35.64706],[139.82142,35.64682],[139.82173,35.64662],[139.82237,35.64633],[139.82316,35.64608],[139.82401,35.64588],[139.82452,35.64577],[139.82584,35.6459]],[[139.82584,35.6459],[139.82785,35.64609]],[[139.76633,35.67746],[139.76711,35.6773],[139.76844,35.67674],[139.76856,35.6767],[139.7698,35.67619],[139.77123,35.67562],[139.77188,35.67535],[139.7725,35.67509],[139.77433,35.67464],[139.77585,35.67461],[139.7769,35.67462],[139.77713,35.67462]],[[139.77885,35.67462],[139.77859,35.67462],[139.77713,35.67462]],[[139.86243,35.64382],[139.86054,35.64452]],[[139.91336,35.65021],[139.9117,35.64883]],[[139.95346,35.68953],[139.9542,35.69007],[139.95459,35.69043],[139.95488,35.69075],[139.95517,35.69106],[139.95546,35.69147],[139.95564,35.69183],[139.95602,35.69278],[139.95617,35.69336],[139.95623,35.69376],[139.95631,35.69447]],[[139.79331,35.66732],[139.79168,35.66868]],[[139.76414,35.67791],[139.76515,35.67771],[139.76633,35.67746]],[[139.92413,35.66742],[139.92454,35.66825],[139.9249,35.66888],[139.92522,35.66942],[139.92547,35.66973],[139.92561,35.66991],[139.92618,35.67042],[139.92695,35.67107],[139.92775,35.67175],[139.92976,35.67345],[139.93152,35.67498],[139.93321,35.67647],[139.93326,35.67651],[139.93552,35.67842],[139.937,35.67965],[139.9381,35.68053],[139.93828,35.68067],[139.93867,35.68093],[139.93924,35.68127],[139.94036,35.68192],[139.94102,35.6823],[139.9414,35.68251],[139.94145,35.68254],[139.94483,35.6844],[139.94726,35.68559],[139.94835,35.68616],[139.94911,35.68658],[139.94997,35.6871],[139.95049,35.68743],[139.9506,35.68751],[139.95107,35.68783],[139.95161,35.68822],[139.95295,35.68918],[139.95346,35.68953]],[[139.92317,35.66554],[139.92235,35.66392],[139.92161,35.66246],[139.92077,35.66087],[139.91966,35.6587],[139.91866,35.65677],[139.91806,35.6556],[139.91731,35.65416],[139.91699,35.65359],[139.91666,35.65312],[139.91645,35.65284],[139.9163,35.65269],[139.91554,35.65203],[139.91336,35.65021]],[[139.92413,35.66742],[139.92351,35.6662],[139.92329,35.66577],[139.92317,35.66554]],[[140.12489,35.58973],[140.12574,35.58925],[140.12623,35.58897],[140.1264,35.58887],[140.12711,35.58822],[140.12737,35.5879],[140.1275,35.58774],[140.12761,35.5876],[140.12762,35.58758],[140.12818,35.58662],[140.1282,35.58659],[140.12847,35.58624],[140.12865,35.58589],[140.1295,35.58422],[140.12965,35.58397],[140.13012,35.58341]],[[140.13124,35.58113],[140.13049,35.58266],[140.13023,35.58318]],[[140.13023,35.58318],[140.13012,35.58341]],[[140.07271,35.62961],[140.07235,35.62964],[140.07115,35.62982],[140.07018,35.63005],[140.06954,35.63024],[140.06871,35.63053],[140.06845,35.63065],[140.06821,35.63076],[140.06755,35.63114],[140.06674,35.63169],[140.06352,35.634],[140.06002,35.63649]],[[139.88473,35.63579],[139.88271,35.63653]],[[140.07499,35.62943],[140.07418,35.62949],[140.07396,35.62951],[140.07271,35.62961]],[[140.06002,35.63649],[140.05815,35.63785]],[[139.88271,35.63653],[139.88189,35.63682],[139.87822,35.63813],[139.87507,35.63928],[139.87374,35.63977],[139.87372,35.63978],[139.87299,35.64005],[139.87176,35.64048],[139.86614,35.64247],[139.86249,35.6438],[139.86243,35.64382]],[[140.07499,35.62943],[140.07589,35.62933],[140.07684,35.6292],[140.07781,35.62899],[140.07872,35.62875],[140.07961,35.62838],[140.0806,35.62785],[140.08163,35.62715],[140.08274,35.62631],[140.08392,35.62523],[140.08419,35.62496],[140.08575,35.6234],[140.08756,35.6216],[140.08941,35.61981],[140.09125,35.618],[140.0914,35.61785],[140.09184,35.61742],[140.09396,35.61533],[140.09496,35.61437],[140.09544,35.6139],[140.09738,35.61201]],[[139.9117,35.64883],[139.90836,35.64602],[139.90533,35.64353],[139.90464,35.64296],[139.90321,35.64177],[139.90098,35.63992],[139.89879,35.6381],[139.89758,35.63708],[139.89742,35.63694],[139.89689,35.63651],[139.89643,35.63616],[139.89595,35.63586],[139.89548,35.63562],[139.8948,35.63531],[139.89397,35.63498],[139.89368,35.63489],[139.89332,35.63479],[139.89219,35.63459],[139.89123,35.63447],[139.89026,35.63443],[139.88979,35.63445],[139.88906,35.63454],[139.88795,35.63478],[139.88752,35.6349],[139.88736,35.63494],[139.88689,35.63509],[139.88473,35.63579]],[[140.10213,35.60736],[140.10128,35.60819],[140.09988,35.60955],[140.09972,35.6097],[140.0983,35.6111],[140.09738,35.61201]],[[140.10346,35.60606],[140.10213,35.60736]],[[140.10346,35.60606],[140.10568,35.60385],[140.10786,35.60169],[140.10836,35.60123],[140.1087,35.60096],[140.10953,35.60052],[140.11009,35.60029],[140.11106,35.6],[140.11131,35.59995],[140.11358,35.59954],[140.11469,35.59927],[140.11514,35.59912],[140.11592,35.59869],[140.11679,35.59804],[140.11738,35.59738],[140.11788,35.59673],[140.11892,35.59509],[140.11929,35.59453],[140.12027,35.59306],[140.12089,35.59212],[140.12124,35.5917],[140.12154,35.59138],[140.12174,35.59117],[140.12194,35.59104],[140.12209,35.59096],[140.12277,35.59063],[140.12489,35.58973]],[[140.08672,35.62164],[140.08829,35.62013],[140.09084,35.61763],[140.09141,35.61705],[140.09258,35.61592],[140.09401,35.61456],[140.09443,35.61422],[140.09457,35.61411],[140.09483,35.61389],[140.09548,35.61342],[140.09738,35.61201]],[[140.12489,35.58973],[140.12554,35.58952],[140.12624,35.58916],[140.12642,35.58905],[140.12682,35.58879],[140.12734,35.58833],[140.12764,35.58798],[140.12777,35.58783],[140.12794,35.5876]],[[140.12794,35.5876],[140.128,35.58751],[140.12823,35.58714],[140.12847,35.58665],[140.12848,35.58662],[140.1285,35.58659],[140.12856,35.58646],[140.12863,35.58633],[140.12888,35.58585],[140.13012,35.58341]],[[140.04108,35.64895],[140.04098,35.64901],[140.04029,35.64941],[140.03765,35.65104],[140.03509,35.65271],[140.0341,35.65337],[140.03177,35.65495],[140.02821,35.65739],[140.027976,35.657549]],[[140.027976,35.657549],[140.02617,35.658773]]]}},{"properties":{"name":"伊東線","uri":"https://uedayou.net/jrslod/東日本旅客鉄道/伊東線","color":"22AA33"},"type":"Feature","geometry":{"type":"MultiLineString","coordinates":[[[139.09239,34.97566],[139.09182,34.97401]],[[139.06428,35.09857],[139.06401,35.09851],[139.06386,35.09847],[139.06366,35.09841],[139.06324,35.09825],[139.06303,35.09811],[139.0626,35.09779],[139.06241,35.09762],[139.06231,35.09753],[139.06217,35.09738],[139.0621,35.09727],[139.06202,35.09716],[139.06196,35.09705],[139.0619,35.09693],[139.06192,35.09678],[139.06196,35.0963],[139.06205,35.09531],[139.06215,35.09402],[139.06225,35.09302],[139.06252,35.09043],[139.06256,35.08993],[139.06265,35.08902],[139.06273,35.08813],[139.06281,35.08777],[139.06299,35.08702],[139.06303,35.08686],[139.06305,35.08673],[139.06307,35.08663],[139.06314,35.08637],[139.06323,35.08588],[139.06348,35.08492],[139.06358,35.08451],[139.06368,35.08412],[139.06373,35.08386],[139.06385,35.08338],[139.06396,35.08295],[139.06404,35.08273],[139.06408,35.08244],[139.06414,35.08219],[139.06417,35.08197],[139.06426,35.08166],[139.06446,35.08088],[139.06462,35.08021],[139.06487,35.07926],[139.06487,35.07925],[139.06501,35.07872],[139.06542,35.07705],[139.06552,35.07676],[139.06565,35.07621],[139.06578,35.07575],[139.06589,35.07521],[139.06607,35.07448],[139.0663,35.0735],[139.06643,35.07302],[139.06653,35.07256],[139.06679,35.07149],[139.06684,35.07128],[139.06691,35.07094],[139.06705,35.07041],[139.06713,35.07005],[139.06718,35.06977],[139.06723,35.0696],[139.06733,35.06924],[139.06737,35.069],[139.06738,35.06881],[139.06736,35.06837],[139.06725,35.06768],[139.06695,35.06652],[139.06655,35.06514],[139.06651,35.06486],[139.06646,35.06442],[139.06648,35.06418],[139.06657,35.06378],[139.06668,35.06348],[139.06684,35.063],[139.06701,35.06256],[139.06717,35.06207],[139.06723,35.0618],[139.06727,35.06154],[139.0673,35.06135],[139.06727,35.061],[139.06722,35.0608],[139.06716,35.06053],[139.06709,35.06033]],[[139.06428,35.09857],[139.06686,35.09887]],[[139.06709,35.06033],[139.06693,35.05956],[139.06671,35.05856]],[[139.08133,35.0424],[139.08129,35.04205],[139.08126,35.04165],[139.08122,35.04135],[139.08112,35.04058],[139.08108,35.0403],[139.08087,35.03884],[139.08059,35.03721],[139.08024,35.03503],[139.08007,35.03394],[139.07998,35.03317],[139.07974,35.03182],[139.07967,35.03136],[139.07961,35.03098],[139.07953,35.0304],[139.07942,35.02965],[139.0791,35.02765],[139.07902,35.02721],[139.07898,35.0268],[139.07894,35.02652],[139.07874,35.02537],[139.07868,35.02501],[139.07863,35.02465],[139.0786,35.02447],[139.07848,35.02355],[139.07838,35.02305],[139.07833,35.0226],[139.07823,35.02211],[139.0781,35.02124],[139.07788,35.01982],[139.07785,35.01942],[139.07777,35.01892],[139.0777,35.01847],[139.07752,35.01754],[139.07743,35.01699],[139.07737,35.0165],[139.07728,35.016],[139.07724,35.0157],[139.07726,35.01446],[139.07727,35.01429],[139.07742,35.01389],[139.07767,35.0132],[139.07796,35.01242],[139.078,35.01232],[139.07807,35.0121],[139.07819,35.01176],[139.07838,35.01124],[139.07851,35.01088],[139.07857,35.01071],[139.07863,35.01055],[139.07878,35.01014],[139.0789,35.00965],[139.07899,35.00927],[139.07912,35.00869],[139.0794,35.00756],[139.07954,35.00685],[139.07956,35.00664]],[[139.07956,35.00664],[139.08001,35.00463]],[[139.06671,35.05856],[139.06665,35.05825],[139.06663,35.0578],[139.06663,35.05753],[139.0667,35.05722],[139.06674,35.05689],[139.06681,35.05661],[139.06689,35.05619],[139.06711,35.0555],[139.06719,35.05515],[139.06733,35.05453],[139.06738,35.05431],[139.06744,35.0539],[139.06749,35.05344],[139.06745,35.05299],[139.06742,35.05275],[139.06734,35.05235],[139.06705,35.05174],[139.06681,35.05127],[139.06671,35.05104],[139.06666,35.05082],[139.06664,35.0506],[139.06665,35.05026],[139.06669,35.05008],[139.06676,35.04982],[139.06682,35.04959],[139.06692,35.04933],[139.06704,35.04914],[139.06713,35.049],[139.06747,35.04845],[139.06773,35.048],[139.06798,35.04763],[139.06811,35.04745],[139.06819,35.04734],[139.06865,35.04681],[139.06907,35.04644],[139.06941,35.04625],[139.07,35.04603],[139.07045,35.04591],[139.07064,35.04588],[139.07096,35.04585],[139.0711,35.04585],[139.07141,35.04586],[139.07159,35.04589],[139.07195,35.04593],[139.07235,35.04594],[139.07282,35.04593],[139.07378,35.04589],[139.07415,35.04586],[139.07473,35.04581],[139.07598,35.0457],[139.07728,35.04565],[139.07834,35.04561],[139.07855,35.04564],[139.0787,35.04563],[139.07998,35.04516],[139.08013,35.04508],[139.08033,35.04493],[139.08048,35.04475],[139.08067,35.04451]],[[139.08001,35.00463],[139.08015,35.00397],[139.08029,35.00331],[139.08033,35.00309],[139.08061,35.00181],[139.08076,35.00146],[139.08093,35.00118],[139.08121,35.00082],[139.08153,35.00052],[139.08177,35.00037],[139.08207,35.00017],[139.08278,34.99975],[139.08317,34.99949],[139.08348,34.99917],[139.08373,34.99885],[139.08388,34.9986],[139.08395,34.99813],[139.08408,34.99755],[139.08419,34.99721],[139.08437,34.99691],[139.0847,34.99647],[139.08513,34.99607],[139.0856,34.99556],[139.08591,34.99526],[139.08612,34.99498],[139.08628,34.99465],[139.08643,34.99429],[139.08665,34.99395],[139.08691,34.99364],[139.08711,34.99346],[139.08744,34.99322],[139.08771,34.99307],[139.08818,34.99286],[139.08867,34.99264],[139.08894,34.99247],[139.08941,34.99208],[139.09002,34.99154],[139.09066,34.99098],[139.09128,34.9904],[139.09154,34.99011],[139.09172,34.98984],[139.09187,34.98955],[139.09203,34.98915],[139.09225,34.9885],[139.09238,34.98801],[139.09244,34.98768],[139.09246,34.98719],[139.09244,34.98636],[139.09244,34.98608],[139.09248,34.98578],[139.09255,34.98557],[139.09259,34.98545],[139.09275,34.98503],[139.09301,34.98451],[139.09314,34.98417],[139.09323,34.98382],[139.09326,34.9835],[139.09333,34.983],[139.09332,34.98264],[139.09328,34.9824],[139.09316,34.98186],[139.09293,34.98106],[139.09271,34.98041],[139.09263,34.98018],[139.09249,34.97969],[139.09238,34.97927],[139.09233,34.97898],[139.09231,34.97878],[139.0923,34.97854],[139.09233,34.97824],[139.09249,34.97725],[139.0925,34.97675],[139.09251,34.97646],[139.09251,34.97611],[139.09244,34.97587],[139.09239,34.97566]],[[139.07912,35.10445],[139.07909,35.10443],[139.07892,35.10432],[139.07672,35.10279],[139.07654,35.10266]],[[139.06686,35.09887],[139.06779,35.09899],[139.06804,35.09902],[139.06819,35.09904],[139.06924,35.09918],[139.07049,35.09936],[139.07073,35.09945],[139.07135,35.09967],[139.07229,35.10001],[139.07309,35.1003],[139.07344,35.1005],[139.07351,35.10054],[139.07444,35.10114],[139.07536,35.1018],[139.07614,35.10237],[139.07654,35.10266]],[[139.08067,35.04451],[139.08078,35.04437],[139.08098,35.04403],[139.08114,35.04363],[139.08127,35.04302],[139.08131,35.04261],[139.08133,35.0424]]]}},{"properties":{"name":"信越本線","uri":"https://uedayou.net/jrslod/東日本旅客鉄道/信越本線","color":"9ACD32"},"type":"Feature","geometry":{"type":"MultiLineString","coordinates":[[[139.08166,37.908],[139.08197,37.90758],[139.08217,37.9073]],[[139.06251,37.91254],[139.06404,37.91282],[139.06475,37.91297],[139.06662,37.9134],[139.06779,37.91368],[139.06906,37.91398],[139.07124,37.91448],[139.0717,37.9146],[139.07187,37.91465],[139.07204,37.91469],[139.07246,37.91479],[139.07295,37.91489],[139.07349,37.91498],[139.07376,37.915],[139.07431,37.91502],[139.07456,37.915],[139.07488,37.91497],[139.07538,37.91488],[139.07571,37.91481],[139.07621,37.91464],[139.07671,37.91445],[139.07712,37.91423],[139.07741,37.91399],[139.07765,37.91377],[139.07804,37.91337],[139.07812,37.91325],[139.07831,37.91293],[139.07851,37.91262],[139.07888,37.91211],[139.07958,37.91108],[139.081,37.90895],[139.08166,37.908]],[[139.08166,37.908],[139.08206,37.90765],[139.08228,37.90741],[139.0829,37.90683],[139.0835,37.90632],[139.0842,37.90577],[139.08504,37.90513],[139.08592,37.90449]],[[139.05944,37.91178],[139.05978,37.91186],[139.06091,37.91215],[139.06239,37.91252],[139.06245,37.91253],[139.06251,37.91254]],[[139.09481,37.89692],[139.09353,37.89795]],[[139.12122,37.79892],[139.1212,37.80168]],[[139.12122,37.79892],[139.12123,37.79682],[139.12124,37.79663],[139.12125,37.79643]],[[139.10743,37.87868],[139.10685,37.87974],[139.10633,37.88068],[139.10573,37.88177],[139.10548,37.88221],[139.10485,37.88336],[139.10471,37.88363],[139.10367,37.88552],[139.10249,37.88766],[139.10131,37.88981],[139.10045,37.89144],[139.10018,37.89186],[139.09996,37.89224],[139.09966,37.89264],[139.09929,37.89311],[139.09901,37.89341],[139.09881,37.89362],[139.0986,37.89383],[139.09819,37.89418],[139.09614,37.89581]],[[139.11776,37.81222],[139.11695,37.81398]],[[139.08217,37.9073],[139.08259,37.90683],[139.08284,37.90659],[139.08346,37.9061],[139.084,37.90562],[139.08579,37.90418],[139.08657,37.90355]],[[139.09472,37.74787],[139.09551,37.7489],[139.09626,37.74989]],[[139.07512,37.71988],[139.07599,37.72121],[139.07684,37.72253],[139.07714,37.723],[139.07733,37.7233],[139.07758,37.72372],[139.07764,37.72381],[139.07824,37.72498],[139.07957,37.72757],[139.08064,37.72971],[139.08144,37.73121],[139.08167,37.7316],[139.08196,37.73199],[139.082,37.73204],[139.08242,37.73255],[139.08261,37.73278],[139.08366,37.73401],[139.08664,37.73752],[139.08851,37.73977],[139.08888,37.74021],[139.08991,37.74142],[139.09064,37.74237],[139.09193,37.74413],[139.09406,37.747],[139.09472,37.74787]],[[139.06037,37.69285],[139.06102,37.69444]],[[139.08592,37.90449],[139.08612,37.90418],[139.08657,37.90355]],[[139.11412,37.7725],[139.11479,37.7735]],[[139.11145,37.83348],[139.11132,37.83406],[139.1111,37.83511],[139.11086,37.8363],[139.11066,37.83729],[139.11047,37.8383],[139.11043,37.83874],[139.11042,37.83895],[139.11042,37.83907],[139.11061,37.84106],[139.11069,37.84187],[139.11075,37.84244],[139.11087,37.84378],[139.1109,37.84416],[139.11112,37.84662],[139.11143,37.85025],[139.11154,37.85143],[139.11175,37.85365],[139.11207,37.8571],[139.11216,37.8583],[139.11233,37.86046],[139.11258,37.86341],[139.11276,37.86587],[139.11287,37.86725],[139.11287,37.86729],[139.11285,37.86783],[139.1128,37.86822],[139.11272,37.86861],[139.11263,37.8689],[139.11252,37.86927],[139.11238,37.86963],[139.11208,37.8702],[139.1113,37.87162],[139.10957,37.87479],[139.10944,37.87501],[139.10905,37.87569]],[[139.11695,37.81398],[139.11685,37.81419],[139.11636,37.81527],[139.11598,37.81611],[139.11549,37.81719],[139.11504,37.81818],[139.1145,37.81936],[139.11426,37.81992],[139.11414,37.82024],[139.11376,37.82203],[139.11361,37.82278],[139.11343,37.82368],[139.11304,37.82563],[139.11263,37.82762],[139.11227,37.82938],[139.11181,37.83168]],[[139.09614,37.89581],[139.09481,37.89692]],[[139.09353,37.89795],[139.09036,37.90051],[139.08724,37.90302],[139.08657,37.90355]],[[139.06102,37.69444],[139.06213,37.69714],[139.06301,37.6993],[139.06427,37.70235],[139.06437,37.70259],[139.06492,37.70389],[139.06527,37.70458],[139.0655,37.70498],[139.06596,37.70565],[139.06861,37.70975],[139.06921,37.71069],[139.06927,37.71078],[139.06934,37.71089],[139.07121,37.71381],[139.07325,37.71698],[139.07402,37.71817]],[[139.11479,37.7735],[139.11508,37.77395],[139.1152,37.77412],[139.11564,37.77477],[139.11605,37.77539],[139.11627,37.77572],[139.11664,37.77624],[139.11748,37.77752],[139.11749,37.77753],[139.11856,37.77914],[139.11931,37.78026],[139.12013,37.7815],[139.12046,37.78199],[139.12086,37.78259],[139.12099,37.78279],[139.12112,37.78305],[139.12123,37.7834],[139.12128,37.78366],[139.12131,37.78442],[139.12131,37.78579],[139.1213,37.78657],[139.1213,37.78761],[139.12128,37.78892],[139.12128,37.78983],[139.12126,37.79052],[139.12126,37.79189],[139.12126,37.79263],[139.12126,37.7933],[139.12125,37.79481],[139.12124,37.79508],[139.12124,37.79608],[139.12125,37.79643]],[[139.09626,37.74989],[139.09752,37.75154],[139.09862,37.75298],[139.09893,37.75335],[139.0995,37.75416],[139.10014,37.75503],[139.10149,37.75695],[139.10153,37.75701],[139.10191,37.75753],[139.10308,37.75913],[139.10461,37.76126],[139.10631,37.76364],[139.10718,37.76484],[139.10751,37.7653],[139.10816,37.76622],[139.10845,37.76659],[139.10863,37.76676],[139.10913,37.76726],[139.11037,37.76846],[139.1116,37.76965],[139.11269,37.7707],[139.11331,37.77135],[139.11366,37.77176],[139.11412,37.7725]],[[139.1212,37.80168],[139.12121,37.80204],[139.1212,37.80363],[139.12119,37.80387],[139.12119,37.80463]],[[139.12119,37.80463],[139.12109,37.80493],[139.12097,37.8052],[139.12044,37.80631],[139.11995,37.80738],[139.11934,37.80872],[139.11881,37.80988],[139.1182,37.81125],[139.11776,37.81222]],[[139.11181,37.83168],[139.11145,37.83348]],[[139.10905,37.87569],[139.10824,37.87718],[139.10743,37.87868]],[[139.07402,37.71817],[139.07512,37.71988]],[[138.85322,37.44585],[138.85301,37.44529],[138.85256,37.44417],[138.85228,37.44344],[138.8518,37.44225],[138.85152,37.44157],[138.85147,37.4414]],[[138.9291,37.57379],[138.92802,37.57222]],[[138.88178,37.50587],[138.88065,37.50401]],[[138.90325,37.53792],[138.90344,37.53834],[138.90423,37.53978],[138.90475,37.54059],[138.90496,37.54084],[138.90552,37.54161],[138.90596,37.5421],[138.90625,37.54238],[138.90638,37.54247]],[[138.92802,37.57222],[138.92787,37.57203],[138.92716,37.57107],[138.9257,37.56911],[138.9243,37.56725],[138.92281,37.56519],[138.92217,37.5643],[138.92137,37.56318],[138.91995,37.56117],[138.91851,37.55916],[138.91767,37.55799],[138.91707,37.55716],[138.91563,37.55515],[138.91416,37.55314],[138.91271,37.55113],[138.91205,37.55022],[138.91125,37.54913],[138.90977,37.54711],[138.90838,37.5452],[138.90689,37.54318],[138.90658,37.54275],[138.90638,37.54247]],[[139.04976,37.65978],[139.04815,37.65791]],[[138.78529,37.39707],[138.78625,37.39698],[138.78727,37.39688],[138.78909,37.3967],[138.79181,37.39644],[138.79449,37.39621],[138.79714,37.39596],[138.79797,37.39589],[138.79828,37.39586],[138.79879,37.39581],[138.79996,37.39569],[138.80055,37.39563],[138.80099,37.39559],[138.80102,37.39559],[138.80282,37.39543],[138.80399,37.39531],[138.80522,37.39519],[138.80553,37.39516],[138.80563,37.39515],[138.80684,37.39507],[138.80708,37.39506],[138.80742,37.39504],[138.80773,37.39502],[138.80838,37.39502],[138.80847,37.39502],[138.8091,37.395],[138.81123,37.39493],[138.81183,37.3949],[138.81286,37.39488]],[[138.75678,37.38716],[138.75689,37.38734],[138.757,37.3876],[138.75736,37.3882],[138.75746,37.38835],[138.75768,37.38865],[138.75789,37.3889],[138.75823,37.38926],[138.75878,37.38977],[138.759,37.38995],[138.75928,37.39017],[138.75962,37.3904],[138.75997,37.39064],[138.76106,37.39125],[138.76298,37.39228],[138.76389,37.39277],[138.76671,37.39425],[138.76949,37.39573],[138.77071,37.39638],[138.77225,37.39721],[138.77256,37.39738],[138.77264,37.39743],[138.77285,37.39754],[138.77318,37.39767],[138.77364,37.39781],[138.77412,37.39792],[138.77456,37.39799],[138.7751,37.39802],[138.77559,37.39801],[138.7759,37.39799],[138.77696,37.39789],[138.77789,37.3978],[138.77817,37.39778],[138.77894,37.39769],[138.78071,37.39754],[138.78202,37.3974]],[[139.01537,37.63959],[139.014,37.63902]],[[138.90554,37.54122],[138.90411,37.53908]],[[138.88178,37.50587],[138.88285,37.50765],[138.884,37.5096],[138.88517,37.51154],[138.88546,37.51197],[138.88565,37.51225],[138.88639,37.51335],[138.88668,37.51381],[138.88684,37.51405],[138.8871,37.5145],[138.88733,37.51488],[138.88769,37.5155],[138.88813,37.51644],[138.88844,37.51708],[138.88868,37.51749],[138.88932,37.5186],[138.88983,37.51946],[138.89128,37.52143],[138.89235,37.5229],[138.89271,37.5234],[138.89416,37.52539],[138.8956,37.52738],[138.89705,37.52938],[138.89798,37.53066],[138.89846,37.53133],[138.89892,37.53195],[138.89918,37.53232],[138.89992,37.53332],[138.90137,37.53532],[138.90282,37.53732],[138.90325,37.53792]],[[138.73098,37.35563],[138.73157,37.3559],[138.73313,37.35667],[138.7338,37.35705],[138.73546,37.35807],[138.73586,37.35831],[138.73652,37.3586],[138.73712,37.3588],[138.73752,37.35891],[138.73795,37.35899],[138.73836,37.35904],[138.73905,37.35907],[138.73989,37.35905],[138.74143,37.35902],[138.74219,37.35908],[138.7426,37.35915],[138.74294,37.35925],[138.7433,37.35941],[138.74361,37.35958],[138.74446,37.36008],[138.74588,37.36102],[138.74681,37.36168],[138.74711,37.36185],[138.74751,37.3621],[138.74802,37.36248],[138.74836,37.36272],[138.74864,37.36298],[138.74897,37.36331],[138.7492,37.36364],[138.74939,37.36395],[138.7495,37.36416],[138.74961,37.36447],[138.74975,37.36502],[138.74979,37.36539],[138.74977,37.36575],[138.74956,37.3667],[138.7495,37.36695],[138.7495,37.36697],[138.74941,37.36726],[138.74913,37.36852],[138.74908,37.36869],[138.74904,37.36892],[138.74905,37.36953],[138.74911,37.37006],[138.74917,37.37027],[138.74925,37.37056],[138.74934,37.37075],[138.74948,37.37101],[138.74994,37.37166],[138.7502,37.37195],[138.75066,37.37246],[138.75114,37.37308],[138.75133,37.37333],[138.75143,37.37349],[138.75164,37.37382],[138.75178,37.37408],[138.75202,37.37472],[138.75208,37.37487],[138.75214,37.3751],[138.7522,37.3754],[138.75228,37.37582],[138.75236,37.37623],[138.7525,37.37662],[138.75288,37.37769],[138.75349,37.37919],[138.75409,37.3807],[138.7547,37.3822],[138.75528,37.38367],[138.75591,37.3852]],[[138.86199,37.4677],[138.86148,37.46689],[138.86147,37.46686],[138.86092,37.46541],[138.86072,37.46497],[138.85967,37.46227],[138.85846,37.45915],[138.85811,37.45828],[138.8581,37.45827],[138.85694,37.45532],[138.85568,37.45207],[138.85473,37.44968]],[[139.04815,37.65791],[139.04776,37.65743],[139.04727,37.65693],[139.04691,37.65665],[139.04655,37.65642],[139.04605,37.65614],[139.04558,37.65594],[139.04509,37.65577],[139.04286,37.65498],[139.04187,37.65464],[139.04114,37.65431],[139.04059,37.65405],[139.04024,37.65386],[139.03979,37.65358],[139.03963,37.65347],[139.03943,37.65333],[139.03838,37.65247],[139.03823,37.65234],[139.03315,37.64825],[139.03127,37.64672],[139.03051,37.64612],[139.03043,37.64605],[139.03016,37.64585],[139.02987,37.6457],[139.02859,37.64514],[139.02523,37.64372],[139.02458,37.64344],[139.01537,37.63959]],[[138.96064,37.62036],[138.96039,37.61958],[138.95979,37.61751],[138.95945,37.61642],[138.9593,37.61593],[138.95928,37.61586],[138.95917,37.61561],[138.95896,37.61532],[138.95821,37.61431],[138.95761,37.61348],[138.95701,37.61265],[138.95644,37.61184],[138.95533,37.61029],[138.95425,37.60879],[138.95378,37.60812],[138.95317,37.60728],[138.95172,37.60527],[138.95012,37.60302],[138.94866,37.60099],[138.94819,37.60034],[138.94802,37.6001],[138.94738,37.59921],[138.94618,37.59754],[138.94603,37.59731],[138.94559,37.59671],[138.94547,37.59654],[138.94536,37.59638],[138.94503,37.59592],[138.94368,37.59404]],[[138.82054,37.39757],[138.82078,37.39789],[138.82101,37.39817],[138.82124,37.39845],[138.82206,37.39948],[138.82339,37.40115]],[[138.86285,37.46995],[138.86199,37.4677]],[[138.82441,37.40238],[138.82461,37.40261],[138.82626,37.40469],[138.82648,37.40497],[138.82716,37.40582],[138.82843,37.4074],[138.82923,37.40839],[138.82971,37.40898],[138.83098,37.41057],[138.83226,37.41215],[138.83275,37.4128],[138.83377,37.41408],[138.83405,37.41443],[138.83484,37.4154],[138.83528,37.41594]],[[139.014,37.63902],[139.00921,37.63703],[139.00739,37.63631],[139.00705,37.63618],[139.00602,37.63592],[138.99677,37.63375],[138.99448,37.6332],[138.993,37.63284],[138.98896,37.6319],[138.98591,37.63117],[138.98383,37.63069],[138.98294,37.63048],[138.97968,37.62969],[138.97668,37.629]],[[138.94368,37.59404],[138.94222,37.59202]],[[138.88065,37.50401],[138.88004,37.503],[138.87979,37.50252],[138.87963,37.50226],[138.87946,37.50197],[138.87943,37.50192],[138.87867,37.50065],[138.8779,37.49939],[138.87691,37.49775],[138.87589,37.49603],[138.87497,37.49444],[138.8746,37.49381],[138.87422,37.49318],[138.87384,37.49258],[138.87333,37.49171],[138.8721,37.48972],[138.87179,37.48921],[138.87092,37.48774],[138.86986,37.48598],[138.86956,37.48546],[138.86929,37.48495],[138.86912,37.48463],[138.86888,37.48404],[138.86858,37.48327],[138.86808,37.48205],[138.86782,37.48139],[138.86727,37.48002],[138.86701,37.47941],[138.86677,37.4788],[138.86642,37.478],[138.86604,37.47717],[138.86558,37.47611],[138.86501,37.47479],[138.86418,37.47288],[138.86366,37.47176],[138.86285,37.46995]],[[138.84468,37.42755],[138.84494,37.42812],[138.8461,37.43069],[138.84702,37.4328],[138.84715,37.4331],[138.84797,37.43496],[138.84823,37.4355],[138.84846,37.43602],[138.84931,37.4379],[138.84993,37.43924],[138.85016,37.43975],[138.85032,37.44002],[138.85056,37.44035],[138.85096,37.44086],[138.85147,37.4414]],[[138.85473,37.44968],[138.85322,37.44585]],[[138.97668,37.629],[138.97283,37.62809]],[[138.97283,37.62809],[138.97066,37.62757]],[[138.97066,37.62757],[138.96904,37.62717],[138.96872,37.6271],[138.9684,37.62702],[138.9673,37.62676],[138.96725,37.62675],[138.96675,37.62663],[138.96641,37.62655],[138.96558,37.62634],[138.96535,37.62629],[138.96442,37.62605],[138.96403,37.62592],[138.96358,37.62573],[138.96341,37.62564],[138.96327,37.62557],[138.96313,37.62548],[138.96303,37.62542],[138.96252,37.62508],[138.96213,37.62477],[138.96191,37.62449],[138.96173,37.62417],[138.96159,37.62381],[138.96143,37.62325],[138.96112,37.6221]],[[138.82339,37.40115],[138.82441,37.40238]],[[138.90554,37.54122],[138.90638,37.54247]],[[138.81286,37.39488],[138.81337,37.39485],[138.81438,37.39483],[138.8149,37.39481],[138.81529,37.3948],[138.81559,37.3948],[138.81621,37.39479],[138.81678,37.39485],[138.81695,37.3949],[138.8173,37.39498],[138.81744,37.39502],[138.81775,37.39513],[138.81785,37.39516],[138.81817,37.3953],[138.81845,37.39545],[138.81869,37.39558],[138.81895,37.39576],[138.81923,37.396],[138.81955,37.39629],[138.81999,37.39686],[138.82054,37.39757]],[[138.75591,37.3852],[138.75655,37.38665],[138.75678,37.38716]],[[138.84468,37.42755],[138.84523,37.42821],[138.84535,37.42835],[138.8459,37.42914],[138.84633,37.42983],[138.84689,37.43071],[138.8474,37.43157],[138.84824,37.43293],[138.84969,37.43533],[138.84993,37.43578],[138.85012,37.43617],[138.85069,37.4377],[138.85081,37.43805],[138.85103,37.43866],[138.85114,37.43903],[138.85123,37.43947],[138.85131,37.43988],[138.85139,37.4405],[138.8514,37.44066],[138.85147,37.4414]],[[138.78202,37.3974],[138.78355,37.39724],[138.78378,37.39722],[138.78432,37.39716],[138.78529,37.39707]],[[138.90411,37.53908],[138.90325,37.53792]],[[138.84078,37.423],[138.84132,37.42361],[138.84254,37.42506],[138.84334,37.42601],[138.84458,37.42743],[138.84468,37.42755]],[[138.96112,37.6221],[138.96064,37.62036]],[[138.81286,37.39488],[138.8142,37.39491],[138.81475,37.39494],[138.81507,37.39496],[138.8153,37.39498],[138.81532,37.39499],[138.81548,37.39501],[138.81635,37.39514],[138.8166,37.3952],[138.81705,37.39533],[138.81723,37.39539],[138.8175,37.39548],[138.81752,37.39549],[138.81798,37.39569],[138.81831,37.39584],[138.81859,37.39602],[138.81925,37.39656],[138.81975,37.39693],[138.81981,37.39698],[138.82054,37.39757]],[[138.94222,37.59202],[138.94184,37.59149],[138.94009,37.58907],[138.93809,37.58633],[138.93715,37.585],[138.93571,37.58304],[138.93467,37.58158],[138.93428,37.58104],[138.93286,37.57906],[138.93144,37.57707],[138.93105,37.57653],[138.93002,37.57506],[138.9291,37.57379]],[[139.04976,37.65978],[139.05086,37.66106],[139.05147,37.66176],[139.05419,37.66489],[139.05495,37.66579],[139.05523,37.6662],[139.0555,37.66663],[139.05568,37.66698],[139.05579,37.6673],[139.05585,37.66761],[139.05587,37.6679],[139.05586,37.66825],[139.0558,37.66851],[139.05566,37.66892],[139.05528,37.66964],[139.05527,37.66966],[139.05516,37.66986],[139.05494,37.67042],[139.0548,37.67088],[139.05474,37.6712],[139.05471,37.67154],[139.05475,37.67187],[139.05478,37.67222],[139.05483,37.67235],[139.05487,37.67247],[139.05504,37.67282],[139.0556,37.67371],[139.05674,37.67552],[139.05697,37.67588],[139.05811,37.67767],[139.05849,37.67829],[139.05859,37.67855],[139.05867,37.67883],[139.05871,37.67909],[139.05873,37.67939],[139.05872,37.67976],[139.05851,37.68202],[139.05832,37.68416],[139.05826,37.68477],[139.05804,37.68709],[139.05806,37.68737],[139.05839,37.6882],[139.05921,37.69007],[139.06037,37.69285]],[[138.83946,37.42127],[138.83825,37.41968],[138.8378,37.41911],[138.83771,37.419],[138.83763,37.41889]],[[138.84078,37.423],[138.84038,37.42247],[138.83984,37.42177],[138.83946,37.42127]],[[138.83528,37.41594],[138.83546,37.41616],[138.83572,37.4165],[138.83591,37.41674],[138.83615,37.41704],[138.83625,37.41717],[138.8373,37.41846],[138.83763,37.41889]],[[138.73098,37.35563],[138.7289,37.35467]],[[138.48695,37.34651],[138.48706,37.34656],[138.48744,37.34672],[138.48753,37.34677],[138.48785,37.34688],[138.48818,37.347],[138.48832,37.34707],[138.48954,37.34738],[138.49212,37.3483],[138.49467,37.34929],[138.49484,37.34938],[138.49513,37.34955],[138.49683,37.35052],[138.49733,37.35082],[138.49757,37.35096],[138.49791,37.35113],[138.49822,37.35129],[138.49872,37.35145],[138.49937,37.35157],[138.5007,37.35185],[138.50315,37.3523],[138.50418,37.35253],[138.50557,37.3529],[138.50574,37.35298],[138.50604,37.35309],[138.5072,37.35373],[138.50841,37.35443],[138.50902,37.35475],[138.50935,37.35489],[138.5097,37.35501],[138.51003,37.35511],[138.51057,37.35522],[138.51076,37.35524],[138.51119,37.3553],[138.51159,37.35534],[138.51221,37.35535],[138.51538,37.35555],[138.51546,37.35555],[138.51616,37.35564],[138.51632,37.35566]],[[138.58618,37.35726],[138.58731,37.35684]],[[138.33915,37.23357],[138.33877,37.23325],[138.33828,37.23284],[138.33761,37.23229],[138.33725,37.23198],[138.33699,37.23176],[138.3367,37.23152],[138.33621,37.23109],[138.33573,37.23069],[138.33556,37.23054],[138.33529,37.2303],[138.33478,37.22988],[138.33457,37.2297],[138.33434,37.2295],[138.33406,37.22927],[138.33382,37.22907],[138.33354,37.22883],[138.33338,37.2287],[138.33289,37.22829],[138.33245,37.22792],[138.33194,37.2275],[138.33175,37.22734],[138.33142,37.22708],[138.33123,37.22694],[138.33083,37.22666],[138.33048,37.22641],[138.33011,37.22616],[138.3297,37.22587],[138.32929,37.22559],[138.32896,37.22535],[138.32854,37.22505],[138.32817,37.22482],[138.32766,37.22451],[138.32718,37.22422],[138.32665,37.2239],[138.32617,37.22361],[138.32562,37.22327],[138.32514,37.22298]],[[138.24673,37.17282],[138.24686,37.17292],[138.24721,37.17314],[138.24743,37.17326],[138.24758,37.17335],[138.2477,37.1734],[138.24788,37.17348],[138.24816,37.17357],[138.24844,37.17365],[138.24867,37.17372],[138.24894,37.17378],[138.24943,37.17387],[138.24965,37.1739],[138.24977,37.17391],[138.25,37.17393],[138.2504,37.17395],[138.2506,37.17396]],[[138.66227,37.3574],[138.66018,37.35732]],[[138.63757,37.33892],[138.63642,37.33767]],[[138.56166,37.36426],[138.56467,37.36464],[138.56509,37.36466],[138.56563,37.36466],[138.56599,37.36463],[138.56614,37.36462],[138.56681,37.36452],[138.56726,37.36441],[138.56878,37.36388],[138.57279,37.36235],[138.57614,37.36108],[138.57681,37.36083],[138.58079,37.35929],[138.58618,37.35726]],[[138.55804,37.36378],[138.55891,37.36389],[138.55964,37.364],[138.56112,37.36419],[138.56151,37.36424],[138.56166,37.36426]],[[138.48695,37.34651],[138.48552,37.34587]],[[138.48552,37.34587],[138.48542,37.34584],[138.48458,37.34545],[138.48447,37.34539],[138.484,37.34517],[138.48348,37.34493],[138.48115,37.34383],[138.48012,37.34333],[138.47994,37.34325],[138.47921,37.3429],[138.47858,37.34254],[138.47819,37.3423],[138.47802,37.34217],[138.47754,37.34175],[138.47715,37.34144],[138.47677,37.34114],[138.47626,37.34081],[138.47533,37.34023],[138.47312,37.33887],[138.47284,37.3387],[138.46969,37.33676],[138.46928,37.3365],[138.46908,37.3364],[138.46906,37.33635],[138.46897,37.33629],[138.46872,37.33621],[138.46825,37.33603]],[[138.2506,37.17396],[138.25092,37.17405],[138.25161,37.17426],[138.25229,37.17445],[138.2529,37.17463],[138.2536,37.17483],[138.25418,37.175],[138.25531,37.17532],[138.25546,37.17536],[138.25552,37.17538],[138.25571,37.17543],[138.25611,37.17554],[138.25673,37.17572],[138.2574,37.1759],[138.25802,37.17608],[138.25869,37.17626],[138.25929,37.17644],[138.25997,37.17663],[138.26058,37.17681],[138.26124,37.17701],[138.26181,37.17721],[138.26214,37.17734],[138.26245,37.17748],[138.26299,37.17776],[138.26326,37.17796],[138.2635,37.17817],[138.2639,37.1786],[138.26436,37.17919],[138.26444,37.1793],[138.26466,37.17959],[138.26478,37.17976],[138.26498,37.18001],[138.26504,37.1801],[138.26532,37.18046],[138.2657,37.18096],[138.26604,37.18141],[138.26641,37.18188],[138.26676,37.18233],[138.26714,37.1828],[138.26759,37.18335]],[[138.63642,37.33767],[138.63566,37.3368],[138.6353,37.33635],[138.63398,37.33507],[138.63355,37.33475],[138.63324,37.33456],[138.63279,37.33436],[138.63219,37.33422],[138.63144,37.3341],[138.63071,37.33406],[138.63014,37.33409],[138.62934,37.33417],[138.62622,37.33455],[138.62564,37.33462],[138.62486,37.33472],[138.62182,37.33511],[138.6204,37.33534],[138.62015,37.33542],[138.61923,37.33583],[138.61897,37.33599],[138.61865,37.33618],[138.61843,37.3363],[138.61819,37.33635],[138.61702,37.33718],[138.61568,37.3382],[138.61364,37.3399],[138.6126,37.34078]],[[138.24673,37.17282],[138.24686,37.17286],[138.24748,37.17304],[138.24833,37.17329],[138.249,37.17349],[138.24975,37.17371],[138.25028,37.17387],[138.2506,37.17396]],[[138.51839,37.35604],[138.5189,37.35615],[138.51969,37.35637],[138.52051,37.35667],[138.52095,37.35691],[138.52175,37.35751],[138.52192,37.35763],[138.52233,37.35801],[138.52271,37.35838],[138.52304,37.3587],[138.52351,37.35907],[138.5239,37.35934],[138.52428,37.35954],[138.52489,37.35979],[138.52577,37.36007],[138.52625,37.36018],[138.52712,37.36032],[138.52825,37.36046],[138.52881,37.36049],[138.5298,37.36055],[138.53058,37.36065],[138.53112,37.36076],[138.53173,37.361],[138.53212,37.3612],[138.53297,37.36172],[138.53346,37.36194],[138.53407,37.36215],[138.53478,37.36235],[138.53534,37.36247],[138.53594,37.36259],[138.53666,37.36266],[138.53693,37.36266],[138.53722,37.36264],[138.53763,37.3626],[138.53808,37.36252],[138.53846,37.36244],[138.54072,37.3618],[138.54199,37.36145],[138.54243,37.36136],[138.54279,37.36135],[138.54477,37.36137],[138.54719,37.36141],[138.54764,37.36143],[138.54806,37.36153],[138.54887,37.36181],[138.54955,37.36208],[138.5502,37.36232],[138.55086,37.36256],[138.55178,37.36278],[138.55262,37.36296],[138.55357,37.36312],[138.55369,37.36314],[138.5548,37.36333]],[[138.46825,37.33603],[138.46769,37.33583],[138.46732,37.33572],[138.46707,37.33565],[138.46689,37.33561],[138.46667,37.33558],[138.46624,37.33557],[138.46623,37.33557]],[[138.34065,37.23484],[138.33915,37.23357]],[[138.31063,37.21397],[138.31149,37.21465],[138.31203,37.21506],[138.31258,37.21547],[138.3131,37.21587],[138.31366,37.21625],[138.31394,37.21642],[138.31425,37.21659],[138.31488,37.21689],[138.31552,37.21717],[138.31618,37.2174],[138.31681,37.21765]],[[138.43235,37.31754],[138.43234,37.31754],[138.43058,37.31618],[138.43057,37.31617]],[[138.3623,37.25288],[138.36106,37.25188]],[[138.58731,37.35684],[138.59086,37.35549],[138.59504,37.35389],[138.59559,37.35368],[138.59688,37.35319],[138.59753,37.35292],[138.5979,37.35275],[138.59828,37.35251],[138.5992,37.35175],[138.60276,37.34885],[138.60394,37.34788],[138.60626,37.34596],[138.6106,37.34238],[138.61173,37.34147]],[[138.38539,37.27707],[138.38488,37.27639],[138.3847,37.27614],[138.38446,37.27582],[138.38434,37.27566],[138.38427,37.27557],[138.38379,37.27491],[138.38347,37.27449],[138.38285,37.27368],[138.38243,37.27312],[138.38197,37.27251],[138.38144,37.2718],[138.38121,37.27148],[138.38083,37.27097],[138.38,37.26987],[138.37979,37.26958],[138.37963,37.26937],[138.3796,37.26933],[138.37922,37.26882],[138.37871,37.26813],[138.37862,37.26802],[138.37821,37.26747],[138.37788,37.26703],[138.37736,37.26633],[138.37669,37.26545],[138.37631,37.26496],[138.37609,37.26468],[138.37591,37.26443],[138.37579,37.2643],[138.37541,37.26399],[138.37464,37.26338],[138.37383,37.26267],[138.37335,37.26226],[138.37282,37.26181],[138.37224,37.26131],[138.37184,37.26095],[138.3702,37.25954],[138.36969,37.2591],[138.36746,37.25718],[138.36618,37.25608],[138.36482,37.25492],[138.36319,37.25353],[138.36253,37.25302],[138.3623,37.25288]],[[138.6836,37.36686],[138.68315,37.36719],[138.68277,37.36741],[138.68243,37.36758],[138.68191,37.36781],[138.68078,37.36819],[138.6805,37.36829],[138.67962,37.36859],[138.67902,37.36878],[138.67871,37.36885],[138.67844,37.36888],[138.67779,37.36889],[138.67754,37.36889],[138.67703,37.36888],[138.67623,37.36881],[138.67556,37.36871],[138.67498,37.36855],[138.67421,37.36824],[138.67392,37.3681],[138.67354,37.36788],[138.67331,37.36772],[138.67313,37.36756],[138.673,37.36743],[138.67283,37.36717],[138.67246,37.36653],[138.67218,37.36606],[138.67163,37.36513],[138.67068,37.36355],[138.67022,37.36278],[138.66959,37.36171],[138.66897,37.36065],[138.66863,37.36018],[138.6682,37.35962],[138.66789,37.35933],[138.66732,37.35889],[138.66685,37.35861],[138.66654,37.35844],[138.66649,37.35841],[138.66629,37.35831],[138.66602,37.35818],[138.66556,37.358],[138.66486,37.35781],[138.66427,37.35768],[138.664,37.35762],[138.66383,37.35758],[138.66377,37.35757],[138.66338,37.35749],[138.66287,37.35743],[138.66227,37.3574]],[[138.51632,37.35566],[138.51839,37.35604]],[[138.30925,37.21289],[138.30986,37.21326],[138.31048,37.21364],[138.3111,37.21403],[138.31172,37.21442],[138.31234,37.21481],[138.31296,37.2152],[138.3135,37.21553],[138.31405,37.21589],[138.3146,37.21624],[138.31625,37.2173],[138.31681,37.21765]],[[138.32514,37.22298],[138.32449,37.22258]],[[138.66018,37.35732],[138.65736,37.35715],[138.6563,37.35708],[138.65599,37.35703],[138.65569,37.35698],[138.65551,37.35695],[138.65501,37.35684],[138.65457,37.3567],[138.65409,37.35652],[138.6536,37.35629],[138.65287,37.35581],[138.65265,37.35565],[138.64963,37.35343],[138.6483,37.35251],[138.64717,37.35168],[138.64524,37.35028],[138.64474,37.3499],[138.64441,37.34963],[138.64419,37.34944],[138.64394,37.34916],[138.6437,37.34887],[138.64349,37.34855],[138.64335,37.34824],[138.64316,37.34774],[138.64292,37.34689],[138.64287,37.34669],[138.64253,37.34539],[138.64235,37.34481],[138.64223,37.34448],[138.64202,37.34409],[138.64171,37.34362],[138.64138,37.3432],[138.64051,37.34223],[138.63951,37.34109],[138.63842,37.33988],[138.63757,37.33892]],[[138.32449,37.22258],[138.32392,37.2222],[138.32339,37.22186],[138.32282,37.22149],[138.32245,37.22126],[138.32199,37.22097],[138.32155,37.22069],[138.32114,37.22044],[138.32049,37.22002],[138.31997,37.21969],[138.31947,37.21937],[138.31899,37.21905],[138.31845,37.2187],[138.31792,37.21836],[138.31736,37.21801],[138.31681,37.21765]],[[138.5548,37.36333],[138.55804,37.36378]],[[138.43057,37.31617],[138.43024,37.31591],[138.42986,37.31561],[138.4295,37.31533],[138.42903,37.31495],[138.42881,37.31478],[138.42845,37.3145],[138.42793,37.3141],[138.42765,37.31388],[138.42714,37.31348],[138.42667,37.31311],[138.42666,37.3131],[138.42645,37.31293],[138.42606,37.31264],[138.42576,37.31241],[138.42523,37.31203],[138.4248,37.31171],[138.42451,37.3115],[138.42427,37.31132],[138.4239,37.311],[138.42313,37.31031],[138.42265,37.30988],[138.42172,37.30904],[138.421,37.30839],[138.42022,37.30767],[138.41965,37.30715],[138.41916,37.30671],[138.41901,37.30658],[138.41872,37.30632],[138.41863,37.30624],[138.41839,37.30602],[138.41826,37.3059],[138.41779,37.30547],[138.41731,37.30504],[138.41701,37.30477],[138.41681,37.30457],[138.41637,37.30419],[138.41589,37.30376],[138.41544,37.30336],[138.41494,37.3029],[138.41487,37.30283],[138.41447,37.30248],[138.41395,37.302],[138.41363,37.30172],[138.41356,37.30166],[138.41332,37.30142],[138.41261,37.30077],[138.41184,37.30006],[138.41112,37.29939],[138.4109,37.29919],[138.4107,37.29902],[138.41015,37.2985],[138.4099,37.29829],[138.40967,37.29813],[138.40934,37.29791],[138.4091,37.29776],[138.40862,37.29749],[138.40809,37.29718],[138.40781,37.29703],[138.4077,37.29697],[138.4075,37.29687],[138.40741,37.29682],[138.40722,37.29668],[138.40698,37.29648],[138.40657,37.29614],[138.40609,37.2957],[138.40558,37.29525],[138.40483,37.2946],[138.40414,37.29399],[138.40378,37.29368],[138.40354,37.29346],[138.40329,37.29324],[138.40285,37.29279],[138.40202,37.29194],[138.40128,37.29122],[138.40095,37.2909],[138.40035,37.2904],[138.40034,37.2904],[138.40026,37.29032],[138.40008,37.29018],[138.39937,37.28958],[138.39835,37.28874],[138.39744,37.28798],[138.39647,37.28718],[138.39549,37.28638],[138.39448,37.28554],[138.39395,37.2851],[138.39254,37.28392],[138.39156,37.28312],[138.39082,37.28249],[138.38993,37.28178],[138.38955,37.28146],[138.38913,37.28109],[138.38861,37.28066],[138.38804,37.28019],[138.38769,37.27991],[138.38746,37.2797],[138.38739,37.27963],[138.38701,37.27918],[138.38645,37.27849]],[[138.26912,37.18514],[138.26921,37.18525],[138.26959,37.18567],[138.27,37.18616],[138.27036,37.18658],[138.27077,37.18705],[138.27114,37.18748],[138.27155,37.18796],[138.27191,37.18839],[138.27232,37.18886],[138.27269,37.1893],[138.27289,37.18951],[138.27313,37.18973],[138.27338,37.18993],[138.27362,37.19011],[138.27416,37.19047],[138.2745,37.1907],[138.27482,37.1909],[138.27498,37.191],[138.27524,37.19117],[138.27574,37.1915],[138.27631,37.19186],[138.27682,37.19219],[138.27738,37.19255],[138.27791,37.19288],[138.27848,37.19324],[138.27901,37.19358],[138.27955,37.19393],[138.28007,37.19426],[138.28065,37.19463],[138.28125,37.195],[138.28174,37.19533],[138.28225,37.19566],[138.28284,37.19603],[138.28336,37.19636],[138.2837,37.19657],[138.28392,37.19672],[138.28442,37.19704],[138.28503,37.19741],[138.28554,37.19773],[138.28612,37.19809],[138.28662,37.19841],[138.2872,37.19877],[138.28773,37.19911],[138.28829,37.19947],[138.28883,37.1998],[138.28939,37.20016],[138.28993,37.20051],[138.29048,37.20086],[138.29101,37.2012],[138.2915,37.20153],[138.29208,37.2019],[138.29243,37.20212],[138.29303,37.2025],[138.29391,37.20306],[138.29487,37.20367],[138.2958,37.20426],[138.29626,37.20457],[138.29716,37.20513],[138.2977,37.20547],[138.29857,37.20602],[138.29946,37.20659],[138.29989,37.20686],[138.30052,37.20727],[138.30095,37.20754],[138.30116,37.20767],[138.30138,37.20781],[138.30182,37.2081],[138.30224,37.20836],[138.30272,37.20866],[138.30325,37.20901],[138.30372,37.20931],[138.30433,37.2097]],[[138.46623,37.33557],[138.46567,37.33555],[138.465,37.33552],[138.4647,37.3355],[138.46456,37.33549],[138.46411,37.33547],[138.46385,37.33545],[138.4636,37.33542],[138.46337,37.33538],[138.46322,37.33535],[138.46317,37.33532],[138.46307,37.3353],[138.46284,37.33522],[138.46261,37.33513],[138.46246,37.33508],[138.46236,37.33503],[138.46225,37.33496],[138.46212,37.3349],[138.46203,37.33483],[138.46171,37.3346],[138.46163,37.33453],[138.46141,37.33434],[138.46119,37.33414],[138.46048,37.33354],[138.46022,37.33331],[138.45999,37.3331],[138.45993,37.33305],[138.45985,37.33297],[138.45968,37.33283],[138.45946,37.33263],[138.4591,37.33231],[138.45893,37.33216],[138.45877,37.33204],[138.45834,37.33166],[138.45828,37.33161],[138.45819,37.33153],[138.45804,37.3314],[138.45789,37.33127],[138.45767,37.33107],[138.45744,37.33088],[138.4571,37.33058],[138.45661,37.33012],[138.45639,37.32994],[138.45628,37.32984],[138.45619,37.32977],[138.456,37.32959],[138.45586,37.32948],[138.45543,37.32909],[138.45536,37.32903],[138.45522,37.32892],[138.45503,37.3287],[138.45484,37.32857],[138.45456,37.32833],[138.45395,37.32778],[138.45355,37.32743],[138.45324,37.32718],[138.45291,37.32687],[138.45247,37.32649],[138.45223,37.3263],[138.45172,37.32586],[138.45153,37.3257],[138.4514,37.3256],[138.45137,37.32557],[138.45127,37.32548],[138.45116,37.32538],[138.45108,37.32529],[138.45098,37.3252],[138.45093,37.32516],[138.45071,37.32496],[138.45054,37.32481],[138.4502,37.32449],[138.44995,37.32426],[138.44981,37.32414],[138.44936,37.32371],[138.44902,37.3235],[138.44879,37.32337],[138.44868,37.32332],[138.44844,37.32321],[138.44824,37.32313],[138.44769,37.32296],[138.44745,37.32291],[138.44715,37.32285],[138.44683,37.32278],[138.44659,37.32274],[138.44647,37.32273],[138.44609,37.32272],[138.44505,37.32281],[138.44455,37.32285],[138.44432,37.32286],[138.44382,37.32288],[138.44336,37.32291],[138.44273,37.32294],[138.44111,37.32305],[138.44074,37.32306],[138.44052,37.32307],[138.44022,37.32309],[138.43979,37.3231],[138.43953,37.3231],[138.43936,37.3231],[138.4392,37.32307],[138.43898,37.32302],[138.43884,37.32297],[138.43869,37.3229],[138.43843,37.32277],[138.43806,37.32257],[138.43794,37.3225],[138.4377,37.32236],[138.43731,37.32211],[138.43707,37.32192],[138.43682,37.32172],[138.43668,37.32161],[138.43645,37.32135],[138.43589,37.32077],[138.43529,37.32014],[138.43481,37.31965],[138.43452,37.31934],[138.43415,37.31901],[138.43384,37.31875],[138.43329,37.3183],[138.43235,37.31754]],[[138.26759,37.18335],[138.2678,37.18359],[138.26912,37.18514]],[[138.36106,37.25188],[138.36057,37.25148],[138.36016,37.25114],[138.35971,37.25077],[138.35923,37.25037],[138.35872,37.24995],[138.35826,37.24955],[138.35786,37.24922],[138.3578,37.24917],[138.35729,37.24875],[138.35684,37.24837],[138.35634,37.24795],[138.35589,37.24757],[138.35539,37.24716],[138.35489,37.24674],[138.35443,37.24635],[138.35399,37.24598],[138.35348,37.24556],[138.35304,37.24519],[138.35254,37.24477],[138.35207,37.24439],[138.35157,37.24397],[138.35111,37.24359],[138.35063,37.24318],[138.35016,37.24279],[138.35012,37.24276],[138.34967,37.24238],[138.3492,37.24199],[138.3487,37.24158],[138.34838,37.2413],[138.34825,37.24119],[138.34774,37.24076],[138.3473,37.24039],[138.34679,37.23996],[138.34634,37.23959],[138.34583,37.23917],[138.34538,37.23879],[138.34489,37.23838],[138.34443,37.23799],[138.34393,37.23757],[138.34347,37.23718],[138.34298,37.23677],[138.34251,37.23638],[138.34237,37.23626],[138.34201,37.23597],[138.34155,37.2356],[138.34105,37.23518],[138.34065,37.23484]],[[138.38645,37.27849],[138.38539,37.27707]],[[138.68461,37.36598],[138.6836,37.36686]],[[138.7289,37.35467],[138.72672,37.35369],[138.72617,37.35343],[138.72533,37.35304],[138.72501,37.35289],[138.72458,37.35269],[138.7241,37.35253],[138.72306,37.35224],[138.72284,37.3522],[138.72231,37.35208],[138.72186,37.35199],[138.72169,37.35195],[138.72071,37.35175],[138.71975,37.35151],[138.71948,37.35146],[138.71931,37.35143],[138.71895,37.3514],[138.71831,37.35137],[138.71692,37.35142],[138.71579,37.35148],[138.71504,37.35153],[138.71433,37.35161],[138.71257,37.35188],[138.71096,37.35211],[138.71048,37.3522],[138.7086,37.35274],[138.70762,37.35308],[138.70701,37.3533],[138.70615,37.35364],[138.70451,37.35432],[138.70093,37.35592],[138.69969,37.35647],[138.69801,37.35723],[138.69647,37.35796],[138.69504,37.35869],[138.69366,37.35946],[138.69213,37.36041],[138.69179,37.3606],[138.69011,37.36176],[138.68851,37.36285],[138.68793,37.36325],[138.68752,37.36353],[138.6869,37.36402],[138.6857,37.36506],[138.68461,37.36598]],[[138.61173,37.34147],[138.6126,37.34078]],[[138.2436,37.17106],[138.24461,37.17165],[138.24569,37.1723],[138.24603,37.1725],[138.24619,37.17259],[138.24635,37.17267],[138.24655,37.17275],[138.24673,37.17282]],[[138.2436,37.17106],[138.24239,37.17035],[138.24128,37.1697],[138.24087,37.16945]],[[138.30559,37.2105],[138.30619,37.21089],[138.30681,37.21129],[138.30742,37.2117],[138.30803,37.21209],[138.30831,37.21227],[138.30854,37.21242],[138.30864,37.21248],[138.3087,37.21252],[138.30891,37.21266],[138.30909,37.21278],[138.30925,37.21289]],[[138.30925,37.21289],[138.30979,37.21333],[138.31036,37.21377],[138.31063,37.21397]],[[138.30433,37.2097],[138.30559,37.2105]],[[138.14521,36.59522],[138.14495,36.59454]],[[138.16138,36.63003],[138.16074,36.62969],[138.16023,36.6294],[138.15926,36.62888],[138.15791,36.62813],[138.15672,36.62749],[138.15578,36.62694],[138.15519,36.62657],[138.1547,36.62617],[138.15423,36.62572],[138.15404,36.62548],[138.15387,36.62519],[138.15369,36.62482],[138.15357,36.62454],[138.15342,36.62411],[138.15324,36.6235],[138.15302,36.62276],[138.15251,36.62104],[138.15204,36.6194],[138.15176,36.61848],[138.1512,36.61629],[138.15089,36.61498]],[[138.16226,36.63051],[138.16138,36.63003]],[[138.14495,36.59454],[138.1438,36.59163],[138.14325,36.59021],[138.14283,36.58908],[138.14226,36.58765],[138.14177,36.58643],[138.14074,36.58387],[138.1403,36.58277],[138.1398,36.58144],[138.13936,36.58034],[138.13861,36.5784]],[[138.15051,36.6132],[138.15035,36.61239],[138.14986,36.60995],[138.14965,36.60894],[138.14956,36.60851],[138.14945,36.60807],[138.14893,36.6056],[138.14877,36.60489],[138.14858,36.60402],[138.14853,36.60382],[138.14852,36.60377],[138.14781,36.60186],[138.14697,36.59967],[138.14635,36.59809],[138.14586,36.59686],[138.14521,36.59522]],[[138.18778,36.64276],[138.18602,36.64164],[138.18422,36.64051],[138.18361,36.64012],[138.18304,36.63975],[138.18239,36.63937],[138.1816,36.63904],[138.18097,36.63885],[138.18057,36.63872],[138.17998,36.63859],[138.17952,36.63851],[138.17836,36.63832],[138.1765,36.63797],[138.17575,36.63778],[138.17476,36.63741],[138.17386,36.63703],[138.17325,36.63674],[138.17136,36.63565],[138.17111,36.6355],[138.16868,36.63405],[138.16753,36.63338],[138.1661,36.63261],[138.16529,36.63215],[138.16392,36.63141],[138.16226,36.63051]],[[138.15089,36.61498],[138.15051,36.6132]],[[139.01249,36.32059],[139.01243,36.32143],[139.01224,36.32339],[139.01219,36.32395]],[[138.85067,36.29839],[138.8515,36.29841],[138.85196,36.29842],[138.85273,36.29844],[138.8552,36.29849],[138.85601,36.29852],[138.85642,36.29856],[138.85719,36.29869],[138.85816,36.29897],[138.8587,36.29916],[138.85941,36.29941],[138.86131,36.30011],[138.86215,36.30041],[138.86254,36.30056],[138.86321,36.3008],[138.86392,36.30107],[138.8642,36.30117],[138.86599,36.3018],[138.86688,36.30213],[138.86755,36.30241],[138.86862,36.30292],[138.86906,36.30316],[138.86965,36.30351],[138.87087,36.30432],[138.87144,36.30469],[138.87183,36.30497],[138.87264,36.30554],[138.87463,36.30691],[138.87635,36.30814],[138.87739,36.30886],[138.87801,36.30928],[138.87958,36.31036],[138.88191,36.31192],[138.8838,36.31315],[138.88585,36.31452],[138.88659,36.31499],[138.88694,36.3152],[138.88849,36.31622],[138.89073,36.31765],[138.89283,36.31899],[138.89391,36.3197],[138.89529,36.32057],[138.89563,36.32079],[138.89739,36.32193],[138.89866,36.32276],[138.90037,36.32387],[138.90183,36.32495],[138.90296,36.32582],[138.90373,36.32641],[138.90374,36.32642],[138.90463,36.3271],[138.90578,36.32797],[138.90693,36.32885],[138.90789,36.32958],[138.90865,36.33016],[138.90922,36.33059],[138.90965,36.33089],[138.91017,36.33119],[138.91056,36.33135],[138.91111,36.33152],[138.91143,36.33157],[138.91184,36.33163],[138.91243,36.33165],[138.91339,36.33163]],[[138.95872,36.33767],[138.95977,36.3377],[138.96176,36.33775],[138.9624,36.33777],[138.96414,36.3378],[138.96546,36.33783],[138.96696,36.33788],[138.9698,36.33793],[138.97067,36.33795],[138.97304,36.338],[138.97387,36.33802],[138.97452,36.33806],[138.97482,36.33809],[138.9753,36.33816],[138.97594,36.33829],[138.97689,36.33849],[138.97719,36.33854],[138.97776,36.33867],[138.97848,36.33885]],[[138.85067,36.29839],[138.84868,36.29835]],[[138.84868,36.29835],[138.84832,36.29835],[138.84636,36.29833],[138.84521,36.29829],[138.84437,36.29827],[138.84355,36.29818],[138.84241,36.298],[138.84073,36.2977],[138.83977,36.29754],[138.83849,36.29732],[138.83836,36.29729],[138.83744,36.29714],[138.8356,36.29683],[138.83425,36.29661],[138.83414,36.29659],[138.83355,36.29649],[138.83258,36.29634],[138.8321,36.29627],[138.83166,36.29625],[138.8313,36.29626],[138.83081,36.2963],[138.83015,36.29639],[138.82947,36.29649],[138.82845,36.29664],[138.82732,36.29681],[138.82701,36.29686],[138.82574,36.29705],[138.82459,36.29723],[138.82351,36.29739],[138.82267,36.29752],[138.82193,36.29763],[138.82128,36.29775],[138.82082,36.29785],[138.82032,36.298],[138.81985,36.29815],[138.81954,36.29825],[138.81903,36.29844],[138.81854,36.29865],[138.81812,36.29885],[138.81757,36.29913],[138.81692,36.29942],[138.81684,36.29946],[138.81633,36.29972],[138.81537,36.30016],[138.81475,36.30048],[138.81374,36.30097],[138.81285,36.30141],[138.81048,36.30284],[138.80968,36.30331],[138.80909,36.30367],[138.80801,36.30428],[138.80786,36.30435],[138.80765,36.30446],[138.80763,36.30447],[138.80739,36.30458],[138.80704,36.30472],[138.80649,36.30492],[138.80508,36.30544],[138.80415,36.30577],[138.8034,36.30605],[138.80171,36.30673],[138.80136,36.3069],[138.80104,36.30705],[138.80083,36.30715],[138.80062,36.30726],[138.80007,36.3076],[138.79938,36.30804],[138.79863,36.30852],[138.79805,36.3089]],[[138.97848,36.33885],[138.98001,36.3392],[138.98065,36.33934],[138.98112,36.33945],[138.98148,36.33954],[138.9819,36.33963],[138.98261,36.33979],[138.98335,36.33997],[138.98363,36.34003],[138.98389,36.34009],[138.98412,36.34012],[138.98445,36.34014],[138.98481,36.34014],[138.98544,36.34015],[138.986,36.34014]],[[139.01219,36.32395],[139.01214,36.32452]],[[139.01214,36.32452],[139.01222,36.32468],[139.01228,36.32492],[139.0123,36.32519],[139.0123,36.3252],[139.01238,36.3256],[139.01256,36.32614],[139.01258,36.32635],[139.01251,36.32704],[139.01233,36.32835],[139.01199,36.33129],[139.01187,36.33218],[139.01163,36.33408],[139.01161,36.33415],[139.01158,36.33421],[139.01139,36.33454],[139.01115,36.3349],[139.01105,36.33504],[139.01086,36.33524],[139.01056,36.33549],[139.01048,36.33556],[139.01023,36.33573],[139.00995,36.33591],[139.00969,36.33606],[139.00939,36.33621],[139.00879,36.33648],[139.0077,36.33678],[139.00683,36.33706],[139.00658,36.33715],[139.00592,36.33736],[139.0055,36.33749],[139.00481,36.33771],[139.00421,36.33791],[139.0036,36.33811]],[[138.79726,36.30941],[138.79639,36.30996],[138.79562,36.31043],[138.79547,36.31052],[138.79521,36.31069],[138.79449,36.31114],[138.79201,36.31269],[138.79108,36.31328],[138.78858,36.31485],[138.78765,36.31544],[138.78698,36.31585]],[[138.95626,36.33765],[138.95615,36.33764],[138.9544,36.33762],[138.95226,36.33759],[138.9508,36.33759],[138.94812,36.33759],[138.94642,36.33766],[138.94429,36.33779],[138.94333,36.33785],[138.94117,36.33799],[138.9399,36.33808],[138.9388,36.33813],[138.93811,36.33811],[138.93777,36.33807],[138.93742,36.338],[138.93716,36.33793],[138.93689,36.33782],[138.93636,36.33751],[138.93594,36.33726],[138.93551,36.33695],[138.93518,36.33666],[138.93498,36.33647],[138.9343,36.33561],[138.93418,36.33547],[138.93292,36.33391],[138.93261,36.33354],[138.93236,36.33325],[138.93201,36.33297],[138.9315,36.33266],[138.93118,36.33252],[138.93074,36.33235],[138.92995,36.33217],[138.92952,36.3321],[138.92901,36.33205],[138.92822,36.33203],[138.92726,36.332],[138.92545,36.33195],[138.92374,36.33191],[138.92267,36.33188],[138.92198,36.33186],[138.92043,36.33183],[138.92003,36.33181],[138.91854,36.33179],[138.9167,36.33174],[138.91558,36.33168]],[[138.78698,36.31585],[138.78628,36.31631]],[[139.00117,36.33889],[139.00053,36.33907],[139.00024,36.33916],[138.99905,36.3395],[138.99881,36.33957],[138.99852,36.33966],[138.99823,36.33973],[138.99802,36.33976],[138.99779,36.33979],[138.99728,36.33985],[138.99682,36.33985],[138.99609,36.33987],[138.99354,36.33993],[138.99283,36.33996],[138.99159,36.33999],[138.9904,36.34003],[138.98934,36.34005],[138.98909,36.34005],[138.98773,36.34009],[138.98734,36.34009],[138.98676,36.34011],[138.98656,36.34012],[138.9862,36.34013],[138.986,36.34014]],[[139.0036,36.33811],[139.0032,36.33823],[139.00117,36.33889]],[[138.79805,36.3089],[138.79726,36.30941]],[[138.95872,36.33767],[138.95626,36.33765]],[[138.91339,36.33163],[138.91558,36.33168]],[[138.97848,36.33885],[138.97937,36.33893],[138.98012,36.33901],[138.98066,36.33909],[138.98101,36.33914],[138.98126,36.3392],[138.98177,36.33932],[138.98222,36.33942],[138.98358,36.33974],[138.98412,36.33985],[138.98472,36.33997],[138.98511,36.34004],[138.98548,36.34007],[138.986,36.34014]],[[138.13765,36.57581],[138.13796,36.57666],[138.13861,36.5784]],[[138.73647,36.33604],[138.7365,36.33613]],[[138.78628,36.31631],[138.7854,36.31687],[138.7841,36.31769],[138.78337,36.31816],[138.78285,36.3185],[138.78191,36.31909],[138.78057,36.31995],[138.78029,36.32011],[138.78004,36.32022],[138.77986,36.32027],[138.7796,36.32032],[138.77889,36.32041],[138.77786,36.32053],[138.77711,36.32062],[138.77604,36.32075],[138.77565,36.32079],[138.77517,36.32084],[138.77452,36.3209],[138.7735,36.32107],[138.77304,36.32118],[138.77265,36.32131],[138.77262,36.32132],[138.77192,36.32157],[138.77167,36.32167],[138.77106,36.32191],[138.77079,36.32202],[138.77043,36.32223],[138.77019,36.32239],[138.7697,36.32279],[138.7692,36.32319],[138.76851,36.32373],[138.76814,36.32403],[138.76784,36.32424],[138.76762,36.32436],[138.76742,36.32445],[138.7669,36.32463],[138.76519,36.32515],[138.76431,36.32541],[138.76316,36.32574],[138.76276,36.32586],[138.76252,36.32592],[138.76221,36.32598],[138.76182,36.32601],[138.7615,36.32602],[138.76075,36.32605],[138.76012,36.32608],[138.75974,36.32612],[138.75942,36.32616],[138.75907,36.32626],[138.75867,36.32641],[138.7582,36.32663],[138.75775,36.32691],[138.75742,36.32712],[138.75683,36.32751],[138.75619,36.32792],[138.75539,36.32844],[138.75426,36.32916],[138.75355,36.32963],[138.7533,36.32979],[138.7532,36.32986],[138.75275,36.33019],[138.75234,36.33049],[138.75202,36.33073],[138.75173,36.33105],[138.75139,36.33142],[138.75112,36.33174],[138.75068,36.33216],[138.75022,36.33251],[138.74965,36.33287],[138.74903,36.33323],[138.74849,36.33351],[138.74808,36.33369],[138.74771,36.33379],[138.74724,36.33388],[138.74684,36.33394],[138.74623,36.33398],[138.74561,36.33405],[138.74527,36.3341],[138.74499,36.33415],[138.74475,36.3342],[138.74446,36.33427],[138.74401,36.3344],[138.74343,36.33459],[138.74277,36.33482],[138.74247,36.33493],[138.74175,36.33514],[138.7412,36.33531],[138.7408,36.33543],[138.7405,36.33553],[138.74008,36.33565],[138.7393,36.33581]],[[138.7365,36.33613],[138.7393,36.33581]],[[138.18992,36.64416],[138.18778,36.64276]]]}},{"properties":{"name":"八高線","uri":"https://uedayou.net/jrslod/東日本旅客鉄道/八高線","color":"A9A9A9"},"type":"Feature","geometry":{"type":"MultiLineString","coordinates":[[[139.36883,35.68546],[139.36862,35.68571],[139.36843,35.68593],[139.36803,35.68636]],[[139.36361,35.66959],[139.36319,35.66896]],[[139.36361,35.66959],[139.3638,35.6699],[139.3648,35.6716],[139.3655,35.67272],[139.36586,35.67329],[139.36743,35.67576],[139.3678,35.67639],[139.36862,35.67772],[139.36916,35.67868],[139.36958,35.67952],[139.36977,35.68001],[139.36993,35.68057],[139.37004,35.68092],[139.3701,35.68136],[139.37008,35.68196],[139.37005,35.68249],[139.36994,35.68316],[139.36987,35.68338],[139.36976,35.68371],[139.36963,35.68406],[139.36939,35.68456],[139.3692,35.68489],[139.36883,35.68546]],[[139.05137,36.29961],[139.05082,36.2998],[139.05011,36.30005],[139.04933,36.30033],[139.04859,36.30061],[139.04751,36.301]],[[139.28895,36.00327],[139.28948,36.00386]],[[139.19556,36.09589],[139.19602,36.09527],[139.19634,36.09488],[139.19657,36.09458],[139.19673,36.09434],[139.19694,36.094],[139.19705,36.09374],[139.19715,36.09345],[139.19735,36.09282],[139.1975,36.09226],[139.19762,36.09199],[139.1977,36.09184],[139.19782,36.0917],[139.19797,36.09156],[139.19821,36.09139],[139.19843,36.09125],[139.19879,36.09104],[139.19904,36.09092],[139.19918,36.09088],[139.19942,36.09085],[139.19974,36.09082],[139.20014,36.09078],[139.20035,36.09076],[139.20056,36.09072],[139.20081,36.09065],[139.20102,36.09058],[139.20125,36.09047],[139.20151,36.09032],[139.20198,36.09003],[139.2023,36.0898],[139.20253,36.08964],[139.20266,36.08955],[139.20345,36.08901],[139.20433,36.08837],[139.20573,36.08738],[139.20696,36.08651],[139.20812,36.08578],[139.2084,36.08568],[139.20866,36.08558],[139.20894,36.08552],[139.20921,36.08549],[139.2095,36.0855],[139.21048,36.08545],[139.21109,36.08542],[139.21181,36.08531],[139.21247,36.08521],[139.21281,36.08514],[139.21315,36.08501],[139.21353,36.08486],[139.21416,36.08461],[139.21445,36.08443],[139.21478,36.08422],[139.21496,36.08409],[139.21526,36.0837],[139.21551,36.0834],[139.21581,36.08305],[139.21616,36.08271],[139.2167,36.08223],[139.21971,36.07997],[139.22005,36.07977],[139.22016,36.0797],[139.22031,36.07962],[139.22044,36.07954],[139.22317,36.07803],[139.22428,36.07741],[139.22494,36.07703],[139.22551,36.0768],[139.22592,36.07664],[139.22633,36.07654],[139.22718,36.0763],[139.22916,36.07574],[139.22938,36.07567]],[[139.19412,36.11796],[139.19478,36.11804],[139.19583,36.1181],[139.19653,36.11814],[139.19707,36.11822],[139.19734,36.11832],[139.19774,36.11849],[139.19791,36.11858],[139.19826,36.11878],[139.19856,36.11903],[139.19877,36.1192],[139.19898,36.11939],[139.19915,36.11957],[139.19926,36.11974],[139.1994,36.11993],[139.20018,36.12147],[139.20091,36.1229],[139.20226,36.12566],[139.20273,36.12652],[139.20275,36.12657],[139.20406,36.12924],[139.20487,36.1309],[139.20588,36.13293],[139.20626,36.13373],[139.2065,36.13427],[139.20673,36.13489],[139.20676,36.13497],[139.20692,36.13551],[139.20701,36.13589],[139.20712,36.13648],[139.20725,36.13753],[139.20731,36.13876],[139.2073,36.13989],[139.20729,36.14086],[139.20724,36.14148],[139.20716,36.14196],[139.20695,36.14276],[139.20692,36.14284],[139.20679,36.14322],[139.20665,36.1436],[139.20626,36.14442],[139.20565,36.14543],[139.2036,36.14886],[139.20256,36.15061],[139.20187,36.15181],[139.20124,36.1528],[139.20082,36.15354]],[[139.08196,36.28178],[139.08176,36.28193],[139.0812,36.28231],[139.08094,36.28247]],[[139.18169,36.1734],[139.18111,36.17385],[139.18062,36.17425],[139.18032,36.17448],[139.17966,36.17494],[139.17905,36.17533],[139.17867,36.17555],[139.17828,36.17577],[139.17795,36.17595],[139.17751,36.17619],[139.17714,36.17638],[139.176,36.1769],[139.1751,36.17729],[139.17487,36.17738],[139.17439,36.17759],[139.17359,36.17788],[139.17287,36.17812],[139.17157,36.17854],[139.17059,36.17885],[139.16923,36.17927],[139.16774,36.17976],[139.16653,36.18016],[139.16513,36.1806],[139.1646,36.18077],[139.16388,36.181],[139.16259,36.18142],[139.16134,36.18182],[139.16001,36.18225],[139.15912,36.18253],[139.1585,36.18273],[139.15782,36.18294],[139.15699,36.18321],[139.15611,36.18349],[139.15522,36.18379],[139.1543,36.18409],[139.15337,36.18439],[139.15232,36.18472],[139.1511,36.18511],[139.14993,36.18548],[139.14909,36.18575],[139.1478,36.18618],[139.14718,36.18639],[139.14607,36.18674],[139.14531,36.18698],[139.14497,36.1871],[139.14465,36.18721],[139.1437,36.18751],[139.14274,36.18781],[139.14197,36.18806],[139.14137,36.18826],[139.14087,36.18842],[139.14037,36.1886],[139.13992,36.18879],[139.13956,36.18897],[139.13897,36.18939],[139.13855,36.18973],[139.13812,36.19015],[139.13779,36.19053],[139.13725,36.19114],[139.13685,36.19158],[139.13644,36.19203],[139.13626,36.19222]],[[139.19509,36.09646],[139.19505,36.09651],[139.19464,36.09704],[139.19407,36.09769],[139.1939,36.09791],[139.19359,36.09829],[139.19331,36.09863],[139.19316,36.09891],[139.19298,36.09925],[139.19287,36.09959],[139.19275,36.09997],[139.19271,36.10022],[139.19268,36.10049],[139.19268,36.1008],[139.1927,36.10111],[139.19271,36.10143],[139.19276,36.1018],[139.19281,36.10221],[139.19286,36.10276],[139.19296,36.10353],[139.19303,36.10408],[139.19305,36.10447],[139.19306,36.10471],[139.19304,36.105],[139.193,36.10527],[139.19287,36.10556],[139.19283,36.10572],[139.19267,36.10602],[139.19246,36.10633],[139.19228,36.10652],[139.19222,36.10658],[139.19197,36.10677],[139.19172,36.10696],[139.19149,36.10711],[139.19145,36.10713],[139.19114,36.10729],[139.19106,36.10733],[139.19081,36.10743],[139.19048,36.10756],[139.19011,36.10766],[139.18977,36.10771],[139.18933,36.10776],[139.18888,36.1078],[139.18843,36.10783],[139.18794,36.1079],[139.18733,36.10806],[139.18659,36.10828],[139.18619,36.10841],[139.18573,36.1086],[139.18536,36.10883],[139.18511,36.10899],[139.18487,36.10917],[139.18467,36.10937],[139.18448,36.10964],[139.18431,36.10998],[139.18422,36.11024],[139.18418,36.11045],[139.18415,36.11067],[139.18415,36.11083],[139.1842,36.11121],[139.18425,36.11161],[139.18433,36.11226],[139.1844,36.11257],[139.18444,36.11273],[139.18456,36.11335],[139.18464,36.11381],[139.18469,36.1141],[139.18479,36.11451],[139.18483,36.11465],[139.18486,36.11478],[139.18498,36.11517],[139.18511,36.11556],[139.18523,36.11577],[139.1853,36.11587],[139.18543,36.11605],[139.18557,36.11618],[139.186,36.11651],[139.18631,36.11669],[139.18654,36.11681],[139.18681,36.11693],[139.18717,36.11702],[139.18736,36.11706],[139.18743,36.11706],[139.18767,36.11707],[139.18777,36.11706],[139.18814,36.11705],[139.18867,36.11704],[139.18936,36.11702],[139.1901,36.11708],[139.1907,36.11714],[139.19139,36.11729],[139.19211,36.1175],[139.19293,36.11775]],[[139.13517,36.19346],[139.13445,36.19428],[139.13365,36.19518],[139.13332,36.19554],[139.13303,36.19583],[139.13277,36.19606],[139.13222,36.19651],[139.13207,36.19662],[139.13188,36.19675],[139.13169,36.19689],[139.13131,36.19716],[139.13072,36.19755],[139.13018,36.19792],[139.12965,36.19826],[139.12921,36.19855],[139.12859,36.19896],[139.1281,36.19931],[139.12766,36.1996],[139.12706,36.20002],[139.12657,36.20034],[139.12593,36.20077],[139.12439,36.20181],[139.1238,36.20222],[139.12294,36.20279],[139.12214,36.20332],[139.12181,36.20354],[139.12064,36.20434],[139.12039,36.20451],[139.11957,36.20506],[139.11878,36.2056],[139.11659,36.20705],[139.11305,36.20944],[139.11184,36.21025],[139.10872,36.21235],[139.10536,36.21461],[139.10329,36.21599]],[[139.13626,36.19222],[139.1357,36.19285],[139.13517,36.19346]],[[139.20082,36.15354],[139.20061,36.15391],[139.20046,36.15416]],[[139.26134,36.05877],[139.26004,36.05922]],[[139.20046,36.15416],[139.19996,36.15502],[139.19904,36.15654],[139.19855,36.15738],[139.19797,36.15833],[139.19765,36.15888],[139.19725,36.15956],[139.1969,36.16021],[139.19658,36.16086],[139.19638,36.1612],[139.19621,36.16142],[139.19599,36.16168],[139.19567,36.16197],[139.1953,36.16235],[139.19477,36.16284],[139.19397,36.16349],[139.19305,36.16424],[139.19055,36.16624],[139.18758,36.16862],[139.18609,36.16983],[139.18589,36.16998],[139.18541,36.17038],[139.18508,36.17066],[139.18484,36.17086],[139.1844,36.17122],[139.18392,36.17159],[139.18344,36.172],[139.18295,36.1724],[139.18251,36.17273]],[[139.10188,36.21694],[139.1018,36.21701],[139.09844,36.21927],[139.09803,36.21955],[139.09784,36.21968],[139.09606,36.22086],[139.09453,36.22189],[139.09427,36.22207],[139.09386,36.22236],[139.09306,36.22286],[139.09283,36.223],[139.09256,36.22316],[139.09196,36.2235],[139.09175,36.22361],[139.09146,36.22375],[139.09088,36.22405],[139.09062,36.22416],[139.09019,36.22433],[139.09,36.2244],[139.0873,36.22538],[139.08652,36.22566],[139.085,36.22622],[139.0844,36.22644],[139.08422,36.22651],[139.08411,36.22656],[139.08394,36.22663],[139.08382,36.22669],[139.08373,36.22673],[139.0835,36.22686],[139.08324,36.22701],[139.08279,36.22733],[139.08247,36.22761],[139.0822,36.22796],[139.08211,36.22813],[139.08203,36.22831],[139.08194,36.22859],[139.08189,36.2288],[139.08185,36.22901],[139.08182,36.2293],[139.08185,36.22981],[139.08192,36.23019],[139.08199,36.23058],[139.08281,36.23495],[139.08319,36.2369],[139.08324,36.2375],[139.08327,36.23951],[139.08328,36.23981],[139.08328,36.23996],[139.08329,36.24043],[139.08332,36.2429],[139.08338,36.2451],[139.08344,36.24945]],[[139.22938,36.07567],[139.23052,36.07533]],[[139.19293,36.11775],[139.19412,36.11796]],[[139.08094,36.28247],[139.08079,36.2825],[139.08034,36.28268],[139.07997,36.28287]],[[139.18251,36.17273],[139.18169,36.1734]],[[139.28948,36.00386],[139.29006,36.00464],[139.29023,36.00493],[139.29053,36.0054],[139.29063,36.00557],[139.29073,36.00575],[139.29106,36.00628],[139.29157,36.00705],[139.29188,36.00757],[139.29209,36.00794],[139.29223,36.0083],[139.29229,36.00862],[139.2923,36.00893],[139.29225,36.00926],[139.29213,36.00956],[139.29196,36.00981],[139.29183,36.01002],[139.2915,36.0103],[139.29124,36.01049],[139.29098,36.01062],[139.29069,36.01076],[139.29036,36.01088],[139.28967,36.01107],[139.28801,36.0115],[139.28705,36.01175],[139.28664,36.01187],[139.28493,36.01231],[139.28416,36.01251],[139.28352,36.01271],[139.28306,36.01287],[139.28297,36.01291],[139.28275,36.01303],[139.28262,36.01311],[139.28252,36.01318],[139.28214,36.01349],[139.28146,36.01413],[139.28032,36.01524],[139.2797,36.01583],[139.27954,36.01598],[139.27937,36.01613],[139.2791,36.01635],[139.27881,36.01658],[139.27859,36.01673],[139.27838,36.01686],[139.27749,36.01741],[139.27681,36.01784],[139.27609,36.01824],[139.27548,36.01852],[139.27474,36.0188],[139.27441,36.01888],[139.27322,36.01909],[139.27285,36.01914],[139.27257,36.01918],[139.27226,36.01922],[139.27192,36.0193],[139.27162,36.01944],[139.27059,36.02003],[139.26985,36.02046],[139.26844,36.02128],[139.26705,36.02213],[139.26661,36.02246],[139.26624,36.02284],[139.26605,36.02313],[139.26603,36.02317],[139.2659,36.02336],[139.26576,36.02361],[139.26573,36.02367],[139.26553,36.02406],[139.26507,36.02499],[139.26426,36.0266],[139.26407,36.02699],[139.26368,36.02786],[139.26344,36.02849],[139.26333,36.02879],[139.26331,36.029],[139.26331,36.02941],[139.26337,36.02999],[139.26338,36.03029],[139.26336,36.0306],[139.26326,36.03095],[139.26307,36.0314],[139.26292,36.03172],[139.26277,36.03208],[139.26274,36.03224],[139.26273,36.03231],[139.26269,36.03253],[139.26269,36.0328],[139.26272,36.03308],[139.26279,36.03334],[139.26297,36.03406],[139.26302,36.03441],[139.26306,36.03467],[139.26312,36.03523],[139.26317,36.03619],[139.2633,36.0385],[139.26336,36.03931],[139.26344,36.04106],[139.26342,36.04162],[139.26334,36.04269],[139.26331,36.04298],[139.26331,36.04337],[139.26331,36.04341],[139.26333,36.04352],[139.26337,36.04375],[139.26344,36.04395],[139.26357,36.04424],[139.26369,36.04443],[139.2638,36.04461],[139.26388,36.04474],[139.26397,36.04488],[139.26408,36.04499],[139.26425,36.04519],[139.26459,36.04559],[139.26525,36.04641],[139.26546,36.04671],[139.26556,36.04688],[139.26573,36.04731],[139.2659,36.04784],[139.26595,36.04811],[139.26602,36.04844],[139.26631,36.0503],[139.26654,36.05186],[139.26659,36.05223],[139.26669,36.05282],[139.26686,36.05393],[139.26688,36.05419],[139.26688,36.0548],[139.26684,36.05508],[139.26677,36.05537],[139.26668,36.05563],[139.26653,36.05593],[139.2664,36.05614],[139.26629,36.05629],[139.26613,36.05647],[139.26595,36.05666],[139.26566,36.05694],[139.26509,36.05733],[139.2649,36.05743],[139.26454,36.05759],[139.26401,36.05783],[139.2636,36.05798],[139.26302,36.05819],[139.26279,36.05827],[139.26261,36.05833],[139.26197,36.05855],[139.26134,36.05877]],[[139.08344,36.24945],[139.08349,36.25119]],[[139.08349,36.25119],[139.08352,36.25257],[139.08353,36.25277],[139.08353,36.25315],[139.08353,36.25391],[139.08353,36.2545],[139.08354,36.25542],[139.08355,36.25588],[139.08356,36.25636],[139.08357,36.25737],[139.08357,36.25822],[139.08358,36.25871],[139.08359,36.25908],[139.08362,36.26081],[139.08363,36.26159],[139.08365,36.26225],[139.0837,36.26435],[139.08369,36.26497],[139.08369,36.26555],[139.08373,36.26772],[139.08373,36.26809],[139.08373,36.26823],[139.08375,36.26865],[139.08378,36.26915],[139.08378,36.26924],[139.08379,36.26979],[139.0838,36.27055],[139.08381,36.2712],[139.08382,36.27184],[139.08383,36.27235],[139.08384,36.27427],[139.08385,36.27491],[139.08386,36.2765],[139.08388,36.27711],[139.08388,36.27741],[139.08388,36.27795],[139.08387,36.27822],[139.08383,36.27858],[139.08376,36.27893],[139.08367,36.27927],[139.08356,36.27958],[139.08342,36.27989],[139.08321,36.2803],[139.08317,36.28035],[139.08302,36.28058],[139.08286,36.2808],[139.08264,36.28106],[139.08236,36.2814],[139.08214,36.2816],[139.08196,36.28178]],[[139.19556,36.09589],[139.19509,36.09646]],[[139.10329,36.21599],[139.10188,36.21694]],[[139.23052,36.07533],[139.23274,36.07468],[139.23517,36.07401],[139.23557,36.07394],[139.23712,36.07363],[139.23814,36.07342],[139.23846,36.0733],[139.23863,36.07322],[139.23903,36.07297],[139.23933,36.07274],[139.23951,36.07257],[139.23963,36.07244],[139.23999,36.07201],[139.24098,36.07081],[139.24303,36.06838],[139.24347,36.06796],[139.24424,36.06743],[139.2468,36.06566],[139.24718,36.06538],[139.24847,36.06448],[139.25018,36.06326],[139.25113,36.06257],[139.25131,36.06244],[139.25155,36.06228],[139.25182,36.06212],[139.25215,36.06195],[139.25242,36.06182],[139.25286,36.06165],[139.2533,36.06151],[139.25363,36.06139],[139.25405,36.06124],[139.25516,36.06088],[139.25586,36.06064],[139.25746,36.0601],[139.25897,36.05958],[139.25975,36.05932],[139.26004,36.05922]],[[139.3091,35.94127],[139.30906,35.94138],[139.30892,35.94176],[139.30862,35.94255],[139.30812,35.94386],[139.30801,35.94417],[139.30765,35.94508],[139.30754,35.94535],[139.30737,35.94581],[139.30724,35.94615],[139.30712,35.94645],[139.30697,35.94684],[139.30692,35.94698],[139.30681,35.94734],[139.30678,35.94753],[139.30675,35.94771],[139.30675,35.94786],[139.30675,35.94802],[139.30676,35.94813],[139.30678,35.94829],[139.30688,35.94874],[139.30707,35.94956],[139.30716,35.9499],[139.30716,35.94993],[139.30737,35.9506],[139.30743,35.9508],[139.30748,35.95096],[139.30752,35.95121],[139.30754,35.95141],[139.30755,35.95164],[139.30755,35.95178],[139.30754,35.95193],[139.30751,35.95207],[139.30747,35.95223],[139.30742,35.9524],[139.30737,35.95253],[139.30726,35.9528],[139.30716,35.95297],[139.3071,35.95308],[139.30701,35.95321],[139.30691,35.95334],[139.30681,35.95346],[139.30672,35.95356],[139.30662,35.95367],[139.30635,35.95395],[139.30586,35.95441],[139.30544,35.95484],[139.30542,35.95486],[139.30416,35.95613],[139.30369,35.9566],[139.30276,35.95753],[139.30248,35.95781],[139.30211,35.95818],[139.30152,35.95876],[139.30116,35.95911],[139.30081,35.95945],[139.30048,35.95976],[139.30028,35.95997],[139.30021,35.96009],[139.30014,35.9602],[139.30006,35.96034],[139.3,35.96048],[139.29994,35.96063],[139.29982,35.96101],[139.29971,35.9613],[139.29942,35.96224]],[[139.32612,35.85249],[139.32614,35.85355]],[[139.3401,35.65527],[139.339,35.65547],[139.33754,35.65574]],[[139.34577,35.65428],[139.34456,35.65451],[139.34409,35.65459],[139.34377,35.65464],[139.34316,35.65474],[139.3427,35.65482],[139.34134,35.65505],[139.3401,35.65527]],[[139.36319,35.66896],[139.3621,35.66727],[139.36192,35.66698],[139.36133,35.66608],[139.36062,35.66495],[139.36021,35.66424],[139.35926,35.66276],[139.35868,35.66183],[139.35831,35.66132],[139.358,35.66091],[139.35771,35.66057],[139.35747,35.66032],[139.35708,35.65997],[139.3565,35.65955],[139.35623,35.65937],[139.35584,35.65913],[139.35551,35.65892],[139.35481,35.65847],[139.35405,35.65799],[139.35283,35.65725],[139.35121,35.65624],[139.35047,35.65579],[139.35017,35.6556],[139.34967,35.6553],[139.34888,35.65482],[139.34853,35.65464],[139.34821,35.65452],[139.34786,35.65444],[139.3475,35.65436],[139.34705,35.6543],[139.34671,35.65426],[139.34625,35.65426],[139.34577,35.65428]],[[139.34308,35.72214],[139.34212,35.72338],[139.34179,35.72383],[139.34137,35.72449],[139.34095,35.72524],[139.34034,35.72666],[139.34017,35.72714],[139.33988,35.72817],[139.3398,35.72845],[139.33945,35.72964],[139.33915,35.73069],[139.33844,35.73297],[139.33801,35.73438],[139.33747,35.73618],[139.33738,35.73649],[139.33699,35.73776],[139.33662,35.73903],[139.3363,35.74],[139.33611,35.7408],[139.33601,35.74134],[139.33593,35.7421],[139.33588,35.74278],[139.33581,35.74437],[139.33581,35.74458],[139.33584,35.74537]],[[139.34675,35.77227],[139.34672,35.77296],[139.34669,35.77331],[139.34663,35.7737],[139.34653,35.77412],[139.34638,35.77469],[139.34615,35.77541],[139.34591,35.77618],[139.34579,35.77648],[139.34568,35.77677],[139.34548,35.77721],[139.34369,35.78074],[139.3423,35.7834],[139.3421,35.78379],[139.34094,35.78616],[139.3396,35.78892],[139.33827,35.79158],[139.33798,35.79216],[139.33782,35.79249],[139.33711,35.79391],[139.33655,35.79504],[139.33523,35.79774],[139.33379,35.80059],[139.33295,35.80218],[139.3327,35.80264],[139.33262,35.80278],[139.33184,35.80426],[139.33101,35.80599],[139.33022,35.80758],[139.32962,35.80881],[139.32885,35.81033]],[[139.29942,35.96224],[139.29927,35.96286],[139.29908,35.96349]],[[139.33584,35.74537],[139.33585,35.7455],[139.33589,35.74583],[139.33597,35.74629]],[[139.30957,35.9402],[139.3091,35.94127]],[[139.34672,35.77112],[139.34675,35.77227]],[[139.36803,35.68636],[139.36764,35.68671],[139.36728,35.68698],[139.36683,35.68739],[139.36576,35.68827],[139.36472,35.68914],[139.36376,35.69004],[139.36351,35.69035],[139.36327,35.69078],[139.3632,35.69095],[139.36312,35.69118],[139.36311,35.69138],[139.36305,35.69211],[139.36307,35.69291],[139.36307,35.69326],[139.36308,35.69373],[139.36309,35.69513],[139.36309,35.69652],[139.36309,35.69737],[139.3631,35.69812],[139.3631,35.69837],[139.3631,35.69854],[139.36311,35.69878],[139.36311,35.69909],[139.36311,35.69917],[139.36307,35.69953],[139.36303,35.69979],[139.36294,35.70003],[139.36285,35.70025],[139.36262,35.7006],[139.3623,35.70104],[139.36091,35.70299],[139.36039,35.7037],[139.35974,35.70463],[139.35911,35.70549],[139.35837,35.70652],[139.35806,35.70694],[139.35675,35.70874],[139.35597,35.70983],[139.35494,35.71129],[139.35359,35.7132],[139.35279,35.71431],[139.35262,35.71455],[139.35249,35.71473],[139.35222,35.71509],[139.35213,35.71523],[139.35199,35.71542],[139.35148,35.71614],[139.35121,35.71651],[139.35079,35.71704],[139.35061,35.71722],[139.35034,35.71747],[139.35011,35.71763],[139.34969,35.71784],[139.3493,35.71802],[139.34897,35.71814],[139.3484,35.71831],[139.34785,35.71848],[139.34731,35.71863],[139.34702,35.71872],[139.34612,35.71911],[139.34567,35.71939],[139.3453,35.71965],[139.34488,35.72001],[139.34438,35.72053]],[[139.32885,35.81033],[139.32837,35.8113]],[[139.32614,35.85355],[139.32617,35.85593],[139.32618,35.85703],[139.32618,35.85841],[139.32619,35.85891],[139.32621,35.85903],[139.32625,35.85921],[139.3263,35.85938],[139.32634,35.8595],[139.32638,35.85956],[139.32644,35.85968],[139.32656,35.85985],[139.32671,35.86005],[139.32681,35.86016],[139.32693,35.86029],[139.3271,35.86048],[139.32732,35.86069],[139.3276,35.86094],[139.3281,35.86136],[139.32843,35.8616],[139.32918,35.86222],[139.33003,35.86287],[139.33084,35.86348],[139.33114,35.86371],[139.33165,35.86411],[139.33214,35.86448],[139.33262,35.86484],[139.33284,35.86499],[139.33317,35.86523],[139.33356,35.86553],[139.33376,35.86567],[139.33414,35.86595],[139.33453,35.86627],[139.33506,35.86666],[139.33545,35.86694],[139.33578,35.86721],[139.33603,35.8674],[139.33641,35.86771],[139.33681,35.8681],[139.33698,35.86831],[139.33709,35.86842],[139.33726,35.86867],[139.33743,35.86902],[139.33755,35.86929],[139.33761,35.86951],[139.33768,35.86982],[139.33773,35.87009],[139.33775,35.87024],[139.33777,35.87038],[139.33778,35.87077],[139.33777,35.87092],[139.33774,35.87121],[139.33767,35.87165],[139.33764,35.87178],[139.33758,35.87201],[139.33748,35.87235],[139.33734,35.87278],[139.33714,35.8734],[139.33699,35.87381],[139.33675,35.87446],[139.33667,35.8747],[139.33658,35.87506],[139.33655,35.8752],[139.33651,35.87552],[139.3365,35.87568],[139.33648,35.87654],[139.33651,35.87675],[139.33666,35.87738],[139.33684,35.87785],[139.33707,35.87841],[139.33732,35.87891],[139.33737,35.87902],[139.3376,35.87948],[139.33782,35.87994],[139.33809,35.88052],[139.33832,35.88097],[139.33848,35.88133],[139.33895,35.88237],[139.33919,35.8829],[139.33929,35.88313],[139.33954,35.8837],[139.33977,35.88419],[139.34004,35.88478],[139.34025,35.88525],[139.3404,35.88555],[139.34056,35.88584],[139.34073,35.88615],[139.34161,35.8877],[139.34173,35.88795],[139.34182,35.8882],[139.34187,35.8884],[139.34189,35.88856],[139.3419,35.88875],[139.34188,35.88891],[139.34186,35.88902],[139.34181,35.88925],[139.34168,35.88954],[139.34157,35.88978],[139.34149,35.88991],[139.34113,35.89061],[139.34076,35.89132],[139.34066,35.89151],[139.34043,35.89194],[139.34007,35.89264],[139.33974,35.89329],[139.33952,35.89375],[139.33927,35.89421],[139.33891,35.89493],[139.33881,35.89512],[139.33842,35.89586]],[[139.32837,35.8113],[139.32831,35.81144],[139.32773,35.81259],[139.32769,35.81267],[139.32751,35.81301],[139.32702,35.81398],[139.32679,35.81444],[139.32663,35.81478],[139.32657,35.8149],[139.32597,35.81609],[139.32557,35.81689],[139.3251,35.81782],[139.32495,35.81812],[139.32483,35.81836],[139.32454,35.81901],[139.32443,35.8193],[139.32435,35.81955],[139.32433,35.81977],[139.32434,35.82011],[139.32438,35.82042],[139.32446,35.82072],[139.32456,35.82098],[139.32467,35.82121],[139.32476,35.82138],[139.3259,35.82269],[139.3267,35.82361],[139.32769,35.82482],[139.32839,35.82563],[139.3287,35.82599],[139.32934,35.82673],[139.33006,35.82759],[139.33012,35.82766],[139.33056,35.82816],[139.33089,35.82874],[139.33113,35.82932],[139.33146,35.83061],[139.33167,35.83139],[139.33199,35.8326],[139.33246,35.83417],[139.33317,35.83627],[139.33327,35.83654],[139.33332,35.83673],[139.3335,35.83735],[139.33358,35.8376],[139.3337,35.83798],[139.33388,35.83862],[139.33403,35.83918],[139.33414,35.83967],[139.33419,35.84007],[139.33419,35.84085],[139.33417,35.84112],[139.3341,35.8414],[139.33407,35.84159],[139.334,35.84177],[139.33392,35.84197],[139.33381,35.84227],[139.33369,35.84255],[139.33356,35.8428],[139.33343,35.84303],[139.33334,35.84316],[139.33325,35.84329],[139.3332,35.84336],[139.33306,35.84356],[139.33284,35.84382],[139.33267,35.84396],[139.33218,35.8444],[139.33202,35.84452],[139.33181,35.8447],[139.33162,35.84482],[139.33142,35.84495],[139.33106,35.84519],[139.33073,35.84541],[139.33005,35.84587],[139.32971,35.84609],[139.32894,35.84657],[139.32867,35.84675],[139.32835,35.84695],[139.32818,35.84706],[139.32787,35.84728],[139.32775,35.84736],[139.32756,35.84752],[139.32733,35.84771],[139.32709,35.84792],[139.3269,35.84812],[139.32676,35.84828],[139.32662,35.84846],[139.32651,35.84861],[139.32641,35.84877],[139.32631,35.84894],[139.32621,35.84916],[139.32615,35.84933],[139.32611,35.84952],[139.32609,35.84968],[139.32607,35.84995],[139.32611,35.85144],[139.32612,35.85249]],[[139.33597,35.74629],[139.33615,35.74697],[139.33639,35.74765],[139.33685,35.74906],[139.33713,35.74972],[139.33759,35.75072],[139.33809,35.75169],[139.33831,35.75211],[139.33888,35.75322],[139.3391,35.75363],[139.33946,35.75434],[139.33963,35.75467],[139.34,35.75542],[139.34009,35.75561],[139.34062,35.75663],[139.34103,35.7574],[139.34152,35.75835],[139.34177,35.75881],[139.34187,35.75899],[139.34194,35.75912],[139.34201,35.75935],[139.34202,35.75972],[139.34203,35.76002],[139.342,35.76027],[139.34197,35.76057],[139.34187,35.76117],[139.34182,35.76153],[139.34172,35.76203],[139.34163,35.76249],[139.34149,35.76322],[139.34137,35.76377],[139.34132,35.76405],[139.3413,35.76427],[139.34129,35.76438],[139.34128,35.76463],[139.34129,35.76475],[139.34132,35.76508],[139.34139,35.76543],[139.34142,35.76557],[139.34148,35.76578],[139.34153,35.76591],[139.34163,35.76608],[139.3418,35.7663],[139.342,35.76653],[139.34231,35.76687],[139.34262,35.76713],[139.34301,35.76742],[139.34337,35.76762],[139.34386,35.76787],[139.34462,35.76823],[139.34488,35.76838],[139.34495,35.76842],[139.34519,35.76858],[139.34544,35.76879],[139.34591,35.76928],[139.34625,35.7697],[139.34647,35.77013],[139.3466,35.77046],[139.34669,35.77076],[139.34672,35.77112]],[[139.29908,35.96349],[139.29883,35.96422],[139.29866,35.96481],[139.29863,35.96492],[139.2982,35.96597],[139.29806,35.96633],[139.29755,35.96747],[139.29741,35.96779],[139.29737,35.96788],[139.29698,35.96876],[139.29688,35.96899],[139.29676,35.96923],[139.29667,35.96937],[139.29654,35.96952],[139.29635,35.96971],[139.29594,35.97005],[139.29555,35.97034],[139.29506,35.9707],[139.29442,35.97117],[139.29421,35.97132],[139.29386,35.97157],[139.29352,35.97184],[139.29325,35.97206],[139.29313,35.97219],[139.29303,35.97232],[139.29288,35.97254],[139.29265,35.97293],[139.29255,35.97313],[139.29237,35.9735],[139.29186,35.97456],[139.29167,35.97497],[139.29151,35.9753],[139.29147,35.97538],[139.2914,35.97549],[139.29109,35.97596],[139.29085,35.97628],[139.28993,35.97749],[139.28943,35.97817],[139.28866,35.97916],[139.28843,35.97946],[139.28794,35.98011],[139.28768,35.98043],[139.2875,35.98068],[139.28713,35.98115],[139.28697,35.98137],[139.28685,35.98156],[139.28674,35.98173],[139.28658,35.98202],[139.28634,35.98253],[139.28615,35.98297],[139.28609,35.98313],[139.286,35.98334],[139.28589,35.98366],[139.28583,35.98387],[139.28577,35.98412],[139.28573,35.9843],[139.28568,35.98454],[139.28558,35.98506],[139.28541,35.98593],[139.2853,35.98654],[139.28513,35.98745],[139.28505,35.98785],[139.2849,35.98863],[139.28483,35.98901],[139.28477,35.98924],[139.28471,35.98939],[139.28454,35.9898],[139.28421,35.99059],[139.28401,35.99104],[139.28377,35.99162],[139.28371,35.99177],[139.28368,35.99191],[139.28365,35.99201],[139.28361,35.9922],[139.2835,35.99289],[139.28323,35.99433],[139.28316,35.99474],[139.28299,35.99572],[139.28285,35.99641],[139.28282,35.99656],[139.28278,35.99679],[139.28272,35.99706],[139.28268,35.99754],[139.28268,35.99778],[139.2827,35.99792],[139.28275,35.99816],[139.28281,35.99838],[139.28291,35.99864],[139.28296,35.99877],[139.28304,35.99894],[139.28319,35.99919],[139.28334,35.99939],[139.28353,35.99961],[139.28367,35.99975],[139.28393,35.99999],[139.28419,36.00018],[139.28442,36.00032],[139.28462,36.00043],[139.28537,36.00081],[139.28622,36.00126],[139.2871,36.00179],[139.28744,36.00203],[139.2882,36.00259],[139.28876,36.00308],[139.28888,36.00318],[139.28895,36.00327]],[[139.33694,35.89836],[139.33683,35.89852],[139.33652,35.89908],[139.33621,35.89964],[139.33593,35.90037],[139.33575,35.90094],[139.33558,35.90146],[139.33544,35.90202],[139.33517,35.90329],[139.335,35.90405],[139.33481,35.90497],[139.33475,35.90527],[139.33445,35.90679],[139.33425,35.90785],[139.33415,35.90838],[139.33412,35.90855],[139.33399,35.90911],[139.33395,35.90923],[139.33391,35.90937],[139.33385,35.90955],[139.33381,35.90967],[139.33374,35.90979],[139.33364,35.91004],[139.33357,35.91016],[139.33349,35.91031],[139.33339,35.9105],[139.3333,35.91062],[139.33321,35.91074],[139.33305,35.91095],[139.33287,35.91119],[139.33267,35.91143],[139.33251,35.91161],[139.33234,35.9118],[139.33223,35.91193],[139.33202,35.91211],[139.33181,35.9123],[139.33152,35.91252],[139.33136,35.91265],[139.33102,35.91292],[139.33076,35.91313],[139.33054,35.91329],[139.3304,35.91341],[139.33001,35.91374],[139.32995,35.9138],[139.32955,35.91417],[139.3293,35.91442],[139.32917,35.9146],[139.32891,35.91499],[139.32856,35.91553],[139.32835,35.9159],[139.32829,35.91604],[139.32807,35.91645],[139.32788,35.91691],[139.32778,35.91722],[139.32771,35.91752],[139.3277,35.91782],[139.32771,35.91802],[139.32773,35.91813],[139.32777,35.91829],[139.32779,35.91839],[139.32781,35.91849],[139.32785,35.91864],[139.32796,35.91888],[139.32805,35.91902],[139.32818,35.91921],[139.32832,35.91938],[139.32866,35.91986],[139.3288,35.92003],[139.32888,35.92015],[139.32898,35.92034],[139.32905,35.92049],[139.32915,35.92072],[139.32922,35.92116],[139.32922,35.92133],[139.3292,35.9215],[139.32917,35.92165],[139.32914,35.92179],[139.32909,35.9219],[139.32908,35.92194],[139.329,35.92205],[139.32883,35.92229],[139.32873,35.92241],[139.32864,35.92251],[139.32848,35.92267],[139.32785,35.92332],[139.32752,35.92365],[139.32674,35.92448],[139.3263,35.92492],[139.32628,35.92495],[139.32581,35.92544],[139.3257,35.92556],[139.32562,35.92568],[139.32549,35.92589],[139.32534,35.92611],[139.32496,35.9268],[139.32486,35.92699],[139.32474,35.9272],[139.32468,35.92729],[139.32455,35.92744],[139.32422,35.92782],[139.32415,35.9279],[139.32403,35.92803],[139.32391,35.92815],[139.32368,35.92837],[139.32354,35.9285],[139.32241,35.9294],[139.32196,35.92974],[139.32087,35.93062],[139.3204,35.93099],[139.31962,35.93161],[139.31911,35.93201],[139.31847,35.93251],[139.31781,35.93302],[139.31739,35.93333],[139.31659,35.934],[139.31634,35.93419],[139.31574,35.93465],[139.31517,35.9351],[139.31443,35.9357],[139.31406,35.936],[139.31313,35.93672],[139.3128,35.93698],[139.31233,35.93737],[139.31185,35.93775],[139.31173,35.93785],[139.31127,35.9382],[139.31107,35.93836],[139.31086,35.93852],[139.31073,35.93863],[139.31061,35.93874],[139.31044,35.9389],[139.31032,35.93902],[139.31017,35.93918],[139.31002,35.93936],[139.30991,35.93951],[139.30984,35.93966],[139.30979,35.93974],[139.30973,35.93988],[139.30957,35.9402]],[[139.34438,35.72053],[139.34389,35.72113],[139.34386,35.72117],[139.34308,35.72214]],[[139.33694,35.89836],[139.33705,35.89818],[139.33757,35.8973],[139.33784,35.89688]],[[139.33842,35.89586],[139.33784,35.89688]],[[139.05137,36.29961],[139.0519,36.29944],[139.0525,36.29922],[139.05256,36.2992],[139.05276,36.29911],[139.05308,36.299],[139.05362,36.29881],[139.05412,36.29863],[139.05465,36.29844],[139.05529,36.29821],[139.05564,36.29808],[139.05613,36.2979],[139.05657,36.29773],[139.05707,36.29755],[139.05756,36.29738],[139.05789,36.29725],[139.05822,36.29713],[139.05868,36.29696],[139.05904,36.29682],[139.05947,36.29667],[139.06002,36.29647],[139.06045,36.29632],[139.0606,36.29625],[139.06101,36.29611],[139.06156,36.2959],[139.06217,36.29568],[139.06257,36.29553],[139.06261,36.29552],[139.06294,36.29541],[139.06314,36.29533]],[[139.06314,36.29533],[139.06436,36.29489],[139.065,36.29466],[139.06556,36.29447],[139.06588,36.29434],[139.06634,36.29412],[139.06666,36.29396],[139.06711,36.29363],[139.06751,36.29323],[139.06786,36.29281],[139.06813,36.29245],[139.06839,36.292],[139.06853,36.29172],[139.06875,36.29117],[139.0688,36.29102],[139.06905,36.29036],[139.06929,36.28973],[139.0696,36.2889],[139.06992,36.28808],[139.07008,36.28764],[139.07012,36.28753],[139.07034,36.28697],[139.07061,36.28645],[139.07077,36.28623],[139.07091,36.28604],[139.07102,36.28592],[139.07112,36.2858],[139.07126,36.28566],[139.07169,36.2853],[139.07172,36.28527],[139.07181,36.2852],[139.07186,36.28517],[139.07194,36.2851],[139.07228,36.28488],[139.07288,36.28455]],[[139.07288,36.28455],[139.07296,36.28451],[139.07318,36.28443],[139.07358,36.28431],[139.07403,36.2842],[139.0745,36.2841],[139.07505,36.28397],[139.0758,36.2838],[139.07632,36.28368],[139.07696,36.28354],[139.07747,36.28343],[139.07765,36.28337],[139.07813,36.28327],[139.07868,36.28316],[139.07915,36.28305],[139.07978,36.2829],[139.07997,36.28287]],[[139.06314,36.29533],[139.0638,36.29489],[139.06405,36.29475],[139.06455,36.29439],[139.06488,36.29411],[139.0652,36.29381],[139.06556,36.29344],[139.06579,36.29319],[139.06601,36.29292],[139.06607,36.29283],[139.06626,36.29256],[139.0664,36.29234],[139.06657,36.29203],[139.06677,36.29164],[139.06686,36.2914],[139.067,36.29108],[139.06714,36.29066],[139.0674,36.28998],[139.06755,36.2896],[139.06762,36.28942],[139.06777,36.28906],[139.06785,36.28889],[139.0681,36.28837],[139.06836,36.28785],[139.06852,36.2876],[139.0687,36.28735],[139.06871,36.28733],[139.06882,36.28721],[139.06903,36.28695],[139.0692,36.28677],[139.0695,36.28648],[139.06975,36.28626],[139.07007,36.28601],[139.0703,36.28584],[139.07056,36.28566],[139.07078,36.28552],[139.07103,36.28537],[139.07125,36.28525],[139.07158,36.2851],[139.07176,36.28501],[139.072,36.2849],[139.07229,36.28476],[139.07288,36.28455]]]}},{"properties":{"name":"内房線","uri":"https://uedayou.net/jrslod/東日本旅客鉄道/内房線","color":"00BFFF"},"type":"Feature","geometry":{"type":"MultiLineString","coordinates":[[[140.13124,35.58113],[140.13049,35.58266],[140.13023,35.58318]],[[140.11924,35.53545],[140.12083,35.53687]],[[140.1318,35.55114],[140.13257,35.55306]],[[140.13246,35.57866],[140.13207,35.57944],[140.13124,35.58113]],[[140.13257,35.55306],[140.1331,35.5544],[140.13318,35.55459],[140.13418,35.55711],[140.1343,35.55742],[140.13468,35.55838],[140.13484,35.55888],[140.13496,35.55941],[140.13496,35.55976],[140.13492,35.56035],[140.13486,35.56118],[140.13474,35.56303],[140.13462,35.56481],[140.13462,35.5649],[140.13459,35.56531],[140.13441,35.56815],[140.13439,35.56846],[140.13419,35.57137],[140.13405,35.5736],[140.13397,35.57482],[140.13392,35.57545],[140.1338,35.57586],[140.13348,35.57663],[140.13346,35.57667],[140.13246,35.57866]],[[140.12083,35.53687],[140.12174,35.53764],[140.12259,35.53838],[140.12291,35.53867],[140.12407,35.53969],[140.12561,35.54106],[140.1275,35.54275],[140.12761,35.54285],[140.12856,35.54376],[140.12881,35.54404],[140.12903,35.54433],[140.12922,35.54469],[140.1296,35.54557],[140.12982,35.54611],[140.13023,35.54714],[140.13026,35.54721],[140.13032,35.54738],[140.13069,35.54832],[140.13153,35.55046],[140.1318,35.55114]],[[140.10311,35.10702],[140.10431,35.10822]],[[139.83801,35.0453],[139.83844,35.04369],[139.83872,35.04257],[139.83877,35.04242],[139.83887,35.0422],[139.83901,35.04192],[139.8392,35.04158],[139.83939,35.04131],[139.8396,35.04106],[139.83991,35.04072],[139.8402,35.04048],[139.84149,35.03943],[139.84216,35.0389],[139.84334,35.03797],[139.8443,35.0372],[139.84558,35.03618],[139.84603,35.03583],[139.84655,35.03541],[139.84702,35.03504],[139.84718,35.0349],[139.84746,35.03464],[139.84762,35.03449],[139.84806,35.034],[139.84838,35.03361],[139.84857,35.03332],[139.84877,35.03304],[139.84877,35.03303],[139.84896,35.03273],[139.84925,35.03229],[139.84955,35.03185],[139.84962,35.03174],[139.84991,35.03129],[139.85026,35.03077],[139.85077,35.03]],[[140.091,35.51405],[140.09142,35.51436],[140.09174,35.51461],[140.09246,35.51515],[140.09407,35.51635],[140.09501,35.51705],[140.09592,35.51773],[140.09638,35.51806],[140.09664,35.51825],[140.09693,35.51848],[140.09699,35.51852],[140.09793,35.51921],[140.09934,35.52029],[140.10001,35.52078],[140.10182,35.52213],[140.10368,35.5235],[140.10416,35.52386],[140.10729,35.52618],[140.10793,35.52667],[140.10932,35.52771],[140.11003,35.52823],[140.11068,35.52874],[140.11086,35.52887],[140.11195,35.52966],[140.11239,35.53001],[140.11446,35.53153],[140.11535,35.53221],[140.11578,35.53251],[140.11668,35.53324],[140.11693,35.53343],[140.11783,35.53422],[140.11807,35.53441],[140.1185,35.5348],[140.11924,35.53545]],[[139.83091,35.1981],[139.83148,35.19843],[139.83178,35.19861],[139.8325,35.19909],[139.83266,35.19918],[139.83366,35.19999],[139.83422,35.2004],[139.83445,35.20057],[139.83479,35.20079],[139.83501,35.20094],[139.83537,35.20122],[139.83585,35.20166],[139.836,35.20178],[139.83626,35.20195],[139.83667,35.20215],[139.83726,35.20235],[139.83785,35.20253],[139.83812,35.20261],[139.83923,35.20293],[139.84087,35.20348],[139.84118,35.20358],[139.84298,35.20414],[139.84345,35.20426],[139.8437,35.20435],[139.84397,35.20446],[139.84452,35.2047],[139.84482,35.20486],[139.84515,35.20506],[139.84559,35.20543],[139.84594,35.20572],[139.84612,35.20592],[139.84671,35.20653],[139.84692,35.20679],[139.84712,35.20705],[139.8474,35.2075],[139.84759,35.20813],[139.84767,35.20862],[139.84767,35.20884],[139.84764,35.20946],[139.84758,35.21003],[139.84758,35.21019],[139.84768,35.21061],[139.84785,35.21094],[139.84814,35.21143],[139.84841,35.21176],[139.8487,35.21204],[139.8489,35.2122],[139.84926,35.21244],[139.8497,35.21264],[139.85001,35.21275],[139.85052,35.21288],[139.8512,35.21305],[139.85194,35.21322],[139.85322,35.21352],[139.85326,35.21353],[139.85375,35.21364],[139.8548,35.21388],[139.85536,35.21401],[139.85583,35.21413],[139.85654,35.21428],[139.85701,35.21439],[139.85708,35.21441],[139.85739,35.21448],[139.85781,35.21456],[139.85806,35.21459],[139.85897,35.21454],[139.85996,35.21448],[139.86093,35.21444],[139.86129,35.21443],[139.86178,35.21449],[139.86244,35.21468],[139.86319,35.21493],[139.86336,35.21498],[139.86374,35.21511],[139.86434,35.21533],[139.86498,35.21559],[139.86576,35.21594],[139.86634,35.21622],[139.86649,35.2163],[139.86658,35.21635],[139.86749,35.21689],[139.86776,35.21707],[139.86782,35.21711],[139.86807,35.21726],[139.86814,35.2173],[139.86899,35.21782],[139.86916,35.21796],[139.86928,35.21805],[139.8697,35.2185],[139.87002,35.21897],[139.87028,35.21952],[139.87049,35.22008],[139.87075,35.22095]],[[139.93439,35.41558],[139.93465,35.41593],[139.93488,35.41625],[139.93524,35.41675],[139.9353,35.41682],[139.93598,35.41776],[139.93649,35.41846],[139.9368,35.41889],[139.93734,35.4196],[139.9376,35.41994],[139.93861,35.42131],[139.93941,35.42241],[139.94023,35.42349],[139.94109,35.42464],[139.94175,35.42533],[139.9426,35.42605],[139.94322,35.42644],[139.94404,35.4269],[139.94554,35.42753],[139.94626,35.4278],[139.94683,35.42802],[139.94965,35.42907],[139.95271,35.43023],[139.95586,35.43142],[139.95616,35.43153]],[[139.82331,35.16766],[139.82424,35.16719],[139.82461,35.167],[139.82492,35.16684],[139.82517,35.16672],[139.82581,35.16641],[139.82631,35.16608],[139.8264,35.16597],[139.82667,35.16569],[139.82677,35.16556],[139.82711,35.16505],[139.82733,35.16455],[139.82748,35.1641],[139.8275,35.16392],[139.82814,35.16004],[139.82842,35.15835],[139.82844,35.15827],[139.82859,35.15741],[139.82887,35.15574],[139.82934,35.15262],[139.82967,35.1517],[139.82992,35.15119],[139.83006,35.15087],[139.83019,35.15067],[139.8306,35.15007],[139.8309,35.14969],[139.83146,35.14902],[139.83205,35.14836],[139.83253,35.14783],[139.83296,35.14735],[139.83333,35.147],[139.83398,35.14636],[139.83528,35.14504],[139.83609,35.14421],[139.83662,35.14362],[139.83675,35.14344],[139.83773,35.14207]],[[139.85,35.09214],[139.84974,35.09396]],[[139.93322,35.41399],[139.93439,35.41558]],[[139.92651,35.38517],[139.92677,35.38729],[139.92683,35.38782],[139.92695,35.38886],[139.92705,35.3898],[139.92707,35.38991],[139.92718,35.39102],[139.92729,35.3921],[139.92737,35.39281],[139.92741,35.39317],[139.92755,35.39433],[139.92761,35.39482],[139.92764,35.39509],[139.92765,35.3952],[139.92767,35.3954],[139.92775,35.39615],[139.9278,35.39658],[139.92787,35.39723],[139.92791,35.39761],[139.92792,35.3977],[139.92797,35.39825],[139.92802,35.39873],[139.92808,35.39938],[139.92811,35.39977],[139.92818,35.40043],[139.92837,35.40227],[139.9285,35.40345],[139.92861,35.40455],[139.92864,35.40478],[139.92873,35.40569],[139.92884,35.40683],[139.92894,35.40741],[139.92908,35.40794],[139.92922,35.40834],[139.92946,35.40876],[139.92958,35.40894],[139.92983,35.40932],[139.93142,35.41152],[139.93194,35.41224],[139.93262,35.41317],[139.93315,35.4139],[139.93322,35.41399]],[[139.92627,35.38289],[139.92638,35.38391],[139.9264,35.38411],[139.9265,35.38506],[139.92651,35.38517]],[[139.8758,35.26092],[139.87497,35.2632],[139.87454,35.26435],[139.87411,35.26523],[139.87385,35.26559],[139.8736,35.26588],[139.87177,35.26763],[139.87148,35.26793],[139.87099,35.26838],[139.87081,35.26853],[139.87063,35.26864],[139.87036,35.26875],[139.87008,35.26885],[139.86983,35.26892],[139.86919,35.26909],[139.86869,35.26921],[139.8682,35.2693],[139.86785,35.26935],[139.8675,35.26943],[139.86721,35.26953],[139.8669,35.26964],[139.86656,35.26976],[139.86633,35.26986],[139.86602,35.27001],[139.86586,35.27011],[139.86562,35.27026],[139.8654,35.27042],[139.86523,35.27057],[139.86509,35.27071],[139.86502,35.27079],[139.86495,35.27086],[139.8648,35.27106],[139.8647,35.2712],[139.86429,35.27189],[139.864,35.27238],[139.86376,35.27277],[139.86368,35.27293],[139.8634,35.27342],[139.8631,35.27393],[139.86299,35.27414],[139.86278,35.27451],[139.8625,35.27504],[139.86217,35.27565],[139.86201,35.27597],[139.86145,35.2769],[139.86065,35.27816],[139.86056,35.2783],[139.86049,35.27843],[139.85956,35.27989],[139.85938,35.28017],[139.85918,35.28051],[139.85897,35.28084],[139.85869,35.28136],[139.85848,35.28177],[139.85834,35.28206],[139.85807,35.28265],[139.85774,35.28356],[139.85763,35.28402],[139.85752,35.28444],[139.85746,35.28465],[139.85735,35.28508],[139.85727,35.28541],[139.85688,35.28692],[139.8564,35.28865],[139.85635,35.28886],[139.8561,35.28982],[139.85587,35.29076]],[[140.096,35.08233],[140.09646,35.08064]],[[140.08849,35.51218],[140.091,35.51405]],[[139.83859,35.14086],[139.83773,35.14207]],[[139.90744,35.33166],[139.90762,35.33171],[139.90809,35.33183],[139.90882,35.33212],[139.9093,35.33236],[139.90973,35.33267],[139.91015,35.33303],[139.9109,35.334],[139.91111,35.33463],[139.91117,35.33511],[139.91116,35.33561],[139.91118,35.33662],[139.91115,35.33732],[139.91113,35.33873],[139.91115,35.33915],[139.91118,35.33963],[139.91133,35.34019],[139.91159,35.34082],[139.912,35.34142],[139.9122,35.34161],[139.91262,35.34199]],[[139.96595,34.99043],[139.96661,34.99227]],[[139.86195,34.995],[139.86192,34.99416],[139.86187,34.99342],[139.86187,34.9933],[139.86186,34.99301],[139.86186,34.99271],[139.8619,34.99249],[139.86192,34.99231],[139.86195,34.99219],[139.86202,34.99189],[139.86209,34.99169],[139.86215,34.99153],[139.86231,34.99121],[139.86242,34.99105],[139.86254,34.99089],[139.86275,34.99064],[139.86286,34.99052],[139.86295,34.99042],[139.86307,34.99031],[139.86338,34.99004],[139.86356,34.98991],[139.86399,34.98962],[139.86427,34.98949],[139.86452,34.98937],[139.86475,34.9893],[139.86488,34.98925],[139.86493,34.98923],[139.86509,34.98918],[139.86527,34.98913],[139.86666,34.98869],[139.86701,34.98858],[139.86798,34.98831],[139.86808,34.98829],[139.86816,34.98827],[139.86944,34.98788],[139.86992,34.98774],[139.87018,34.98766],[139.87034,34.98761],[139.87049,34.98757],[139.87121,34.98742],[139.87177,34.98732],[139.87254,34.98731],[139.87262,34.98731],[139.87335,34.98734],[139.8736,34.98736],[139.87393,34.98736],[139.87414,34.98738],[139.87426,34.98739],[139.8744,34.98741],[139.87458,34.98741],[139.87487,34.98743],[139.87591,34.9875],[139.87642,34.98754],[139.87674,34.98756],[139.87748,34.9876],[139.87831,34.98765],[139.87924,34.98771],[139.87948,34.98773],[139.88069,34.9878],[139.8829,34.98794],[139.88316,34.98796],[139.88371,34.98799],[139.8844,34.98809],[139.88492,34.98819],[139.88512,34.98823],[139.88524,34.98826],[139.88568,34.9884],[139.88609,34.98853],[139.88662,34.98874],[139.88701,34.98894],[139.88731,34.98911],[139.88766,34.98932],[139.88826,34.98975],[139.88856,34.99003],[139.88878,34.99026],[139.88889,34.99038],[139.88896,34.9905],[139.88898,34.99053],[139.88901,34.99057],[139.88905,34.99062],[139.88909,34.99068],[139.88915,34.99077],[139.88933,34.99111],[139.88945,34.99135],[139.88951,34.99149],[139.88953,34.99155],[139.88983,34.99225],[139.88995,34.99258],[139.89035,34.99352],[139.89059,34.99412],[139.89076,34.99453],[139.89114,34.99546],[139.89125,34.99569],[139.89145,34.99605],[139.89164,34.99635],[139.89169,34.99645],[139.89183,34.99662],[139.89206,34.99692],[139.8923,34.99715],[139.8927,34.99747],[139.89319,34.99776],[139.89375,34.998],[139.89403,34.9981],[139.89434,34.99818],[139.89499,34.99826],[139.89507,34.99827],[139.89572,34.99833],[139.89635,34.99841],[139.89684,34.99846],[139.89745,34.99852],[139.89807,34.99853],[139.89834,34.99852],[139.8986,34.99848],[139.8988,34.99846],[139.89908,34.99841],[139.89931,34.99835],[139.89974,34.99826],[139.90001,34.99822],[139.90047,34.99815],[139.90125,34.99814],[139.90173,34.99814],[139.90214,34.9982],[139.90263,34.99829],[139.90316,34.99848],[139.9042,34.99878],[139.90479,34.99889],[139.90505,34.99893],[139.90545,34.99892],[139.90582,34.99888],[139.90616,34.99881],[139.90691,34.99858],[139.90737,34.9984],[139.90763,34.99828],[139.90838,34.99806],[139.9089,34.99792],[139.90939,34.99782],[139.90995,34.99773],[139.91023,34.9977]],[[139.92599,35.38036],[139.9261,35.38131],[139.92614,35.3817],[139.92622,35.38244],[139.92627,35.38289]],[[140.06007,35.0624],[140.05845,35.06223],[140.05753,35.06214],[140.05636,35.06194],[140.05566,35.06176],[140.05531,35.06165],[140.05468,35.06146],[140.05419,35.06128],[140.05374,35.06113],[140.05299,35.06087],[140.05092,35.06015],[140.04918,35.05954],[140.04788,35.05907],[140.04526,35.05816],[140.04201,35.05702],[140.04072,35.0565],[140.04022,35.05622],[140.0398,35.05598],[140.03904,35.05551],[140.03847,35.05512],[140.03763,35.05461],[140.03711,35.05435],[140.03699,35.0543],[140.03644,35.05409],[140.03571,35.05387],[140.03481,35.05361],[140.03174,35.05272],[140.03041,35.05238],[140.02959,35.05208],[140.02911,35.05184],[140.0284,35.05145],[140.02764,35.05108],[140.02678,35.05074],[140.02648,35.05063],[140.02571,35.05023],[140.0253,35.04991],[140.02487,35.04947],[140.02432,35.04879],[140.02416,35.0486],[140.02337,35.04754],[140.02272,35.0465],[140.02247,35.0461],[140.02151,35.04459],[140.02053,35.0431],[140.01986,35.04211]],[[139.87075,35.22095],[139.87124,35.22271]],[[139.85587,35.29076],[139.85538,35.29249]],[[139.87124,35.22271],[139.87146,35.22346],[139.87155,35.22377],[139.87171,35.22444],[139.87177,35.22466],[139.87184,35.22484],[139.87186,35.22525],[139.87186,35.22546],[139.87185,35.22574],[139.87184,35.22624],[139.87184,35.22644],[139.87182,35.22672],[139.87177,35.22736],[139.87171,35.2276],[139.87168,35.2279],[139.87157,35.2287],[139.87155,35.22903],[139.8714,35.23066],[139.87125,35.23196],[139.87108,35.23302],[139.87106,35.23339],[139.87108,35.23371],[139.87112,35.23398],[139.87117,35.23442],[139.87121,35.23467],[139.87131,35.23495],[139.87149,35.23528],[139.87177,35.23562],[139.87526,35.23963],[139.87579,35.24023],[139.87715,35.24206],[139.87754,35.24257],[139.87783,35.24315],[139.87786,35.24325],[139.87802,35.24382],[139.87805,35.24416],[139.87798,35.24463],[139.87787,35.24508],[139.87763,35.24561],[139.87738,35.24644],[139.87728,35.24698],[139.87717,35.24751],[139.87719,35.24819],[139.87738,35.24965],[139.87767,35.25167],[139.8778,35.25262],[139.87784,35.25289],[139.87792,35.2533],[139.87796,35.25351],[139.87804,35.25403],[139.87804,35.25469],[139.87796,35.25513],[139.87729,35.2569],[139.87715,35.25725],[139.87694,35.25784],[139.87648,35.25905]],[[140.10311,35.10702],[140.10264,35.10653],[140.10237,35.10627],[140.10134,35.10523],[140.1006,35.10448],[140.1001,35.10409],[140.09992,35.10399],[140.0996,35.10381],[140.09934,35.10367],[140.0987,35.10333],[140.0982,35.10307],[140.0977,35.10275],[140.09741,35.1025],[140.09706,35.10215],[140.09686,35.10187],[140.09668,35.10161],[140.09648,35.10124],[140.09645,35.10118],[140.09634,35.10097],[140.09627,35.10081],[140.09612,35.10049],[140.09581,35.09982],[140.09571,35.09962],[140.09557,35.09932],[140.09507,35.09823],[140.09505,35.09821],[140.09421,35.09645],[140.09373,35.0954],[140.09108,35.08985],[140.091,35.08959],[140.09104,35.08911],[140.09112,35.08888],[140.09131,35.08857],[140.09151,35.08825],[140.09169,35.08802],[140.0922,35.08759],[140.09339,35.08666],[140.09387,35.0863],[140.09456,35.08575],[140.09499,35.08535],[140.09514,35.08514],[140.0953,35.0849],[140.09541,35.08462],[140.09555,35.08408],[140.0957,35.08345],[140.096,35.08233]],[[139.95583,34.97705],[139.9569,34.97747],[139.95693,34.97749],[139.95716,34.97762],[139.95751,34.97782],[139.95809,34.97823],[139.95816,34.97829],[139.9588,34.97884],[139.95908,34.97913],[139.95913,34.97918],[139.95927,34.97932],[139.9593,34.97936],[139.95946,34.97953],[139.9603,34.98043],[139.96056,34.98072],[139.96078,34.98097],[139.96154,34.98181],[139.96167,34.98195],[139.96214,34.98244],[139.96271,34.9831],[139.96308,34.98359],[139.96336,34.98399],[139.96355,34.98427],[139.96381,34.9847],[139.96388,34.98483],[139.96397,34.98501],[139.96418,34.98547],[139.96469,34.98688],[139.96479,34.98717],[139.96501,34.98779],[139.96502,34.9878],[139.96508,34.98797],[139.96524,34.98842],[139.9655,34.98915],[139.96556,34.9893],[139.96558,34.98937],[139.96568,34.98967],[139.96571,34.98973],[139.96577,34.98992],[139.9658,34.99002],[139.96595,34.99043]],[[139.89699,35.33324],[139.89932,35.33264],[139.90291,35.3317],[139.90404,35.33148],[139.90469,35.33142],[139.90569,35.33144],[139.90744,35.33166]],[[140.04356,35.47947],[140.04383,35.47961],[140.04521,35.48032],[140.04718,35.48134],[140.0491,35.48233],[140.05039,35.48298],[140.05081,35.4832],[140.05121,35.48341],[140.05177,35.48374],[140.05222,35.48402],[140.05273,35.48437],[140.0538,35.48518],[140.05556,35.4865],[140.05581,35.48669],[140.05748,35.48792],[140.0577,35.48808],[140.05913,35.48913],[140.06045,35.49012],[140.06063,35.49026],[140.06214,35.49138],[140.06235,35.49153],[140.06338,35.49232],[140.06455,35.4932],[140.06491,35.49345],[140.06577,35.49399],[140.06606,35.49417],[140.06836,35.4956],[140.06961,35.49638],[140.07046,35.49692],[140.07067,35.49705],[140.073,35.4985],[140.07348,35.4988],[140.07578,35.50024],[140.07733,35.50122],[140.07824,35.50177],[140.07874,35.50213],[140.07899,35.50235],[140.07955,35.50285],[140.07995,35.50326],[140.08029,35.50363],[140.0808,35.50424],[140.08132,35.50487],[140.0821,35.50578],[140.08235,35.5061],[140.08287,35.50672],[140.08352,35.50749],[140.08435,35.5085],[140.08469,35.50888],[140.08539,35.50976],[140.0857,35.51006],[140.08614,35.51046],[140.08755,35.5115],[140.08849,35.51218]],[[139.89699,35.33324],[139.89586,35.33355],[139.89477,35.33385],[139.89444,35.33394]],[[139.8375,35.04716],[139.83801,35.0453]],[[139.99642,35.4508],[139.99443,35.44977]],[[139.83374,35.11322],[139.83308,35.11491]],[[140.01986,35.04211],[140.01936,35.04131]],[[139.85809,35.33008],[139.85527,35.32836],[139.85506,35.32824],[139.85439,35.32782],[139.85394,35.32754],[139.85363,35.32734],[139.8532,35.32704],[139.85297,35.32686],[139.85278,35.32669],[139.85266,35.32657],[139.85251,35.32641],[139.85186,35.32562],[139.85154,35.32509],[139.85145,35.32481],[139.8513,35.32428],[139.85125,35.324],[139.85116,35.32337],[139.8511,35.32286],[139.85089,35.32067],[139.85084,35.32014],[139.85062,35.31767],[139.85058,35.31732],[139.85047,35.31616],[139.85043,35.31593],[139.85041,35.31549],[139.85041,35.3151],[139.85046,35.31467],[139.85051,35.31438],[139.85067,35.3135],[139.8511,35.31137],[139.8512,35.31087],[139.85159,35.30891],[139.85164,35.30872],[139.85173,35.30829],[139.85203,35.30679],[139.85208,35.30652],[139.85248,35.3046],[139.85292,35.3026],[139.85303,35.30209],[139.85319,35.30127],[139.85326,35.30095],[139.85335,35.30052],[139.85352,35.29974],[139.85371,35.29877],[139.85382,35.29824],[139.85426,35.29657],[139.85437,35.29617],[139.85481,35.29456],[139.8549,35.29424],[139.85538,35.29249]],[[140.04024,35.47779],[140.042,35.47869],[140.04356,35.47947]],[[139.8375,35.04716],[139.83738,35.04762],[139.83729,35.04794],[139.83715,35.04843],[139.83709,35.04865],[139.83699,35.04906],[139.83668,35.05021],[139.83644,35.05113],[139.83637,35.0514],[139.83631,35.05163],[139.83624,35.05178],[139.83611,35.052],[139.83603,35.05214],[139.83598,35.05222],[139.83592,35.05232],[139.83585,35.05242],[139.83578,35.05251],[139.83567,35.05265],[139.8356,35.05274],[139.83542,35.05292],[139.83485,35.05345],[139.83465,35.05364],[139.83428,35.05401],[139.83408,35.05423],[139.83387,35.05444],[139.83349,35.05488],[139.83322,35.05525],[139.83282,35.05588],[139.83255,35.05632],[139.83248,35.05645],[139.83222,35.05687],[139.83194,35.05733],[139.83165,35.05782],[139.83119,35.05868],[139.83112,35.05883],[139.83103,35.05898],[139.83086,35.05936],[139.83078,35.05962],[139.83075,35.05984],[139.83073,35.06005],[139.83071,35.06043],[139.83073,35.06077],[139.83074,35.06113],[139.83081,35.06148],[139.83087,35.06174],[139.83094,35.06194],[139.83102,35.06223],[139.83123,35.06268],[139.83128,35.06277],[139.83145,35.0631],[139.83201,35.06401],[139.83223,35.06436],[139.83239,35.06465],[139.83254,35.06492],[139.83265,35.06513],[139.83271,35.06526],[139.83276,35.06539],[139.83282,35.0656],[139.83285,35.06572],[139.83287,35.06587],[139.83288,35.06603],[139.83288,35.06637],[139.83288,35.06696],[139.83289,35.0673],[139.83293,35.06757],[139.83298,35.06777],[139.83304,35.06793],[139.83313,35.06817],[139.8333,35.06849],[139.8336,35.06904],[139.83398,35.06975],[139.83444,35.07057],[139.83575,35.07299],[139.83638,35.07412],[139.83683,35.07495],[139.83702,35.07528],[139.83741,35.07582],[139.8375,35.07592],[139.83771,35.07616],[139.83801,35.07649],[139.83871,35.07723],[139.83909,35.07763],[139.83942,35.07797],[139.84003,35.07857],[139.84011,35.07865],[139.84079,35.07935],[139.84161,35.08017],[139.84177,35.08034],[139.84191,35.08048],[139.84228,35.08081],[139.84246,35.08096],[139.8427,35.08114],[139.84287,35.08125],[139.8431,35.08141],[139.84331,35.08153],[139.8439,35.08184],[139.84412,35.08195],[139.84557,35.08262],[139.84682,35.08322],[139.84725,35.08343],[139.8477,35.08369],[139.84809,35.08394],[139.84841,35.08417],[139.8486,35.08433],[139.84886,35.08456],[139.8492,35.08489],[139.84966,35.08542],[139.84991,35.08581],[139.85006,35.08605],[139.85029,35.08665],[139.85035,35.08672],[139.85047,35.08709],[139.85051,35.08742],[139.85051,35.08777],[139.85048,35.08806],[139.85042,35.08869],[139.85016,35.09097],[139.85,35.09214]],[[139.82331,35.16766],[139.82121,35.16873]],[[139.99642,35.4508],[139.99675,35.45097],[139.99698,35.45108],[139.9994,35.4523],[140.00091,35.45305],[140.00193,35.45358],[140.00223,35.45376],[140.003,35.45423],[140.00405,35.45487],[140.0044,35.45507],[140.0047,35.45522],[140.00518,35.45547],[140.00521,35.45548],[140.0073,35.45642],[140.00779,35.45667],[140.00836,35.45701],[140.00956,35.45778],[140.01028,35.45824],[140.01076,35.45852],[140.01126,35.4588],[140.01272,35.45948],[140.01451,35.46031],[140.01467,35.46038],[140.01505,35.46057],[140.01596,35.46119],[140.01608,35.46127],[140.01729,35.46213],[140.01823,35.4628],[140.01837,35.46288],[140.01977,35.46375],[140.02136,35.46473],[140.02347,35.46604],[140.02436,35.46659],[140.02458,35.46673],[140.025,35.46699],[140.02571,35.46744],[140.0273,35.46843],[140.0286,35.46926],[140.02916,35.46965],[140.02962,35.47001],[140.03024,35.47054],[140.03063,35.47092],[140.03072,35.47101],[140.03097,35.4713],[140.03157,35.47198],[140.03188,35.47239],[140.03277,35.47348],[140.03303,35.47376],[140.03351,35.47418],[140.03385,35.47446],[140.03404,35.4746],[140.03528,35.47526],[140.03748,35.47638],[140.03855,35.47692],[140.04024,35.47779]],[[139.83859,35.14086],[139.83981,35.1391],[139.83995,35.13885],[139.84007,35.13857],[139.84021,35.13824],[139.84026,35.138],[139.84028,35.13773],[139.84024,35.13736],[139.84018,35.13699],[139.84009,35.13648],[139.83994,35.13568],[139.83965,35.13416],[139.83951,35.13343],[139.83948,35.13322],[139.83949,35.13301],[139.83958,35.13268],[139.83976,35.13224],[139.83983,35.13201],[139.83997,35.13126],[139.84002,35.13083],[139.84008,35.13007],[139.84007,35.12978],[139.84003,35.12959],[139.83992,35.12932],[139.83977,35.12906],[139.83955,35.12873],[139.83902,35.12799],[139.83898,35.12792],[139.83815,35.12675],[139.83784,35.12638],[139.83744,35.12585],[139.83729,35.12562],[139.83714,35.12534],[139.8368,35.12457],[139.83589,35.12282],[139.8357,35.12256],[139.83529,35.12203],[139.83492,35.12154],[139.83486,35.12146],[139.8343,35.12081],[139.83381,35.12016],[139.83327,35.11946],[139.83275,35.1187],[139.83256,35.11839],[139.83246,35.11818],[139.83238,35.11793],[139.83233,35.11767],[139.83233,35.11732],[139.83239,35.117],[139.8327,35.11601],[139.83308,35.11491]],[[139.83091,35.1981],[139.82915,35.19708]],[[139.89444,35.33394],[139.8898,35.33513],[139.88704,35.33584],[139.88593,35.33607],[139.88515,35.33618],[139.88429,35.33627],[139.88339,35.33629],[139.88263,35.33627],[139.88159,35.33618],[139.87895,35.33581],[139.87517,35.33528],[139.8723,35.33485],[139.87177,35.33477],[139.87132,35.33471],[139.8681,35.33431],[139.86729,35.3342],[139.86681,35.33411],[139.86637,35.33403],[139.86595,35.33393],[139.86567,35.33386],[139.8653,35.33376],[139.86469,35.33358],[139.86428,35.33345],[139.8638,35.33331],[139.86341,35.33319],[139.86324,35.33312],[139.86255,35.33276],[139.8622,35.33256],[139.86165,35.33222],[139.86125,35.33198],[139.85967,35.33105]],[[139.85967,35.33105],[139.85809,35.33008]],[[139.91023,34.9977],[139.91256,34.99733]],[[139.82121,35.16873],[139.82088,35.16888],[139.82053,35.16909],[139.82033,35.16925],[139.81983,35.16972],[139.81969,35.16998],[139.81948,35.17067],[139.81936,35.17119],[139.81924,35.17163],[139.8192,35.17194],[139.81921,35.17226],[139.81938,35.17321],[139.81941,35.17345],[139.81945,35.17374],[139.81944,35.17417],[139.81938,35.1745],[139.81908,35.1753],[139.81903,35.17541],[139.81868,35.17616],[139.81864,35.17634],[139.81861,35.17657],[139.81859,35.17688],[139.81856,35.17728],[139.81857,35.17758],[139.81863,35.17779],[139.81881,35.1782],[139.81922,35.17908],[139.81933,35.17933],[139.81938,35.17953],[139.81945,35.17974],[139.81947,35.18022],[139.81953,35.18084],[139.81945,35.18146],[139.81931,35.18199],[139.81927,35.18211],[139.81922,35.18226],[139.81885,35.18311],[139.81881,35.18337],[139.81888,35.18413],[139.81897,35.18469],[139.819,35.18486],[139.81907,35.18533],[139.81915,35.18584],[139.81921,35.18622],[139.81928,35.1866],[139.81931,35.18677],[139.81934,35.18699],[139.81954,35.18797],[139.81964,35.18844],[139.81973,35.18872],[139.8199,35.18929],[139.81995,35.18946],[139.82015,35.18991],[139.82032,35.19023],[139.82038,35.19033],[139.82062,35.19064],[139.82063,35.19068],[139.82138,35.19147],[139.82191,35.19201],[139.82208,35.19219],[139.82249,35.19263],[139.82286,35.193],[139.82309,35.19319],[139.82345,35.19339],[139.82402,35.19365],[139.82415,35.19369],[139.82435,35.19376],[139.82534,35.19414],[139.82588,35.19439],[139.82695,35.19509],[139.82718,35.19526],[139.82743,35.19542],[139.82773,35.19566],[139.82789,35.19583],[139.82804,35.19604],[139.82807,35.19605],[139.82837,35.19644],[139.82864,35.19673],[139.82879,35.19685],[139.82893,35.19694],[139.82898,35.19698],[139.82915,35.19708]],[[139.85203,35.02808],[139.85214,35.02792],[139.85224,35.02778],[139.85251,35.02735],[139.85267,35.02711],[139.85282,35.02686],[139.8529,35.02675],[139.85315,35.02635],[139.85326,35.0262],[139.85337,35.02603],[139.85347,35.02587],[139.85357,35.02572],[139.85391,35.0252],[139.85417,35.0248],[139.85441,35.02441],[139.85455,35.02423],[139.85471,35.02398],[139.85483,35.02378],[139.85502,35.02349],[139.85513,35.02334],[139.85535,35.02299],[139.85547,35.0228],[139.85553,35.02271],[139.85561,35.02258],[139.85575,35.02238],[139.85605,35.02191],[139.85617,35.02171],[139.85622,35.02164],[139.85636,35.02142],[139.85668,35.02092],[139.857,35.02044],[139.85723,35.02008],[139.85736,35.01987],[139.85764,35.01947],[139.85829,35.01844],[139.8586,35.01798],[139.85889,35.01752],[139.85944,35.01667],[139.85959,35.01645],[139.85979,35.01614],[139.85989,35.016],[139.86023,35.01548],[139.86059,35.01492],[139.86081,35.01459],[139.86108,35.01416],[139.86145,35.01344],[139.86153,35.01324],[139.86163,35.013],[139.86174,35.01265],[139.86196,35.01184],[139.86205,35.01147],[139.86228,35.01061],[139.86235,35.01035],[139.86242,35.01013],[139.86248,35.00994],[139.86255,35.00956],[139.86259,35.00902],[139.8626,35.00873],[139.86254,35.00734],[139.86248,35.00623],[139.86243,35.0049],[139.86239,35.00391],[139.86238,35.00371],[139.86238,35.00353],[139.86237,35.00333],[139.86233,35.00292],[139.86231,35.00245],[139.86228,35.00181],[139.86223,35.00089],[139.86219,35.00012],[139.86213,34.999],[139.86213,34.99876],[139.8621,34.99811],[139.86206,34.99729],[139.86203,34.99683]],[[139.85077,35.03],[139.85203,35.02808]],[[140.01936,35.04131],[140.019,35.04076],[140.0185,35.04002],[140.01828,35.03966],[140.01787,35.03899],[140.01751,35.03849],[140.0171,35.03812],[140.01683,35.0379],[140.01665,35.03777],[140.01636,35.03764],[140.016,35.03754],[140.01559,35.03751],[140.015,35.0375],[140.01389,35.0376],[140.0131,35.03769],[140.0118,35.03783],[140.01112,35.03786],[140.01051,35.03779],[140.01006,35.03766],[140.00965,35.03743],[140.00914,35.03711],[140.00873,35.03677],[140.00853,35.03648],[140.00844,35.03634],[140.00836,35.03621],[140.00801,35.0355],[140.00765,35.03494],[140.00744,35.03474],[140.00729,35.03461],[140.0069,35.0343],[140.00605,35.03376],[140.00491,35.03299],[140.00326,35.03208],[140.00254,35.03177],[139.99934,35.03074],[139.9981,35.03034],[139.99794,35.03028],[139.99748,35.03007],[139.99716,35.02986],[139.99676,35.02962],[139.99651,35.0295],[139.99608,35.02928],[139.99564,35.02903],[139.99542,35.02889],[139.99494,35.02861],[139.99427,35.02822],[139.99359,35.02781],[139.99296,35.0274],[139.99285,35.02733],[139.99268,35.02721],[139.99248,35.02707],[139.99236,35.027],[139.99197,35.02673],[139.99184,35.02665],[139.99126,35.02629],[139.99084,35.02606],[139.9902,35.02575],[139.98977,35.02557],[139.98834,35.02503],[139.98769,35.0248],[139.98689,35.02451],[139.98672,35.02446],[139.9856,35.02405],[139.9846,35.02364],[139.98415,35.02343],[139.98405,35.02339],[139.98362,35.0232],[139.98353,35.02315],[139.98344,35.02312],[139.98331,35.02306],[139.98238,35.02264],[139.98179,35.02237],[139.9815,35.02225],[139.98136,35.02219],[139.98129,35.02216],[139.98073,35.02192],[139.98017,35.02168],[139.98003,35.02162]],[[139.99443,35.44977],[139.99243,35.44876],[139.99071,35.44791],[139.98904,35.44706],[139.98733,35.44621],[139.98688,35.44599],[139.98501,35.44507],[139.98322,35.44415],[139.98073,35.4429],[139.97793,35.4415],[139.97745,35.44126],[139.97498,35.44],[139.97235,35.43869],[139.97036,35.43768],[139.96886,35.43694],[139.96802,35.43652],[139.96619,35.43559],[139.96433,35.43465],[139.96331,35.43415],[139.96195,35.43364],[139.95984,35.43286],[139.95826,35.43228]],[[140.09646,35.08064],[140.09658,35.08016],[140.0967,35.07944],[140.0967,35.07931],[140.09668,35.07885],[140.0966,35.07855],[140.0965,35.07829],[140.09631,35.07799],[140.09607,35.07774],[140.09571,35.07744],[140.09521,35.07714],[140.09435,35.0767],[140.09333,35.07622],[140.09237,35.07571],[140.09217,35.07562],[140.09169,35.07549],[140.09115,35.0754],[140.09044,35.07534],[140.08928,35.07523],[140.08721,35.07501],[140.08688,35.07498],[140.08584,35.07485],[140.08548,35.07476],[140.08499,35.07457],[140.08438,35.07433],[140.08387,35.07403],[140.08348,35.07369],[140.08311,35.07323],[140.08294,35.07292],[140.0828,35.07242],[140.08257,35.0712],[140.08241,35.0708],[140.08225,35.07053],[140.08198,35.07024],[140.08148,35.06987],[140.08051,35.06929],[140.0801,35.0691],[140.07929,35.06873],[140.07909,35.06859],[140.07866,35.06832],[140.07828,35.06795],[140.07807,35.06767],[140.07781,35.06718],[140.07778,35.06712],[140.07763,35.06678],[140.07738,35.06614],[140.07722,35.0658],[140.07704,35.06554],[140.07663,35.06512],[140.07606,35.06473],[140.07548,35.06447],[140.07478,35.06428],[140.07423,35.0641],[140.07374,35.06386],[140.07335,35.06361],[140.07308,35.06335],[140.0722,35.06249],[140.07161,35.06196],[140.07135,35.06181],[140.07099,35.06168],[140.07059,35.06162],[140.06954,35.06153],[140.06898,35.06156],[140.06849,35.06165],[140.06805,35.06181],[140.06719,35.06219],[140.06658,35.06239],[140.06588,35.06255],[140.06516,35.06268],[140.0647,35.06272],[140.06438,35.06273],[140.06405,35.06273],[140.06328,35.06269],[140.06221,35.0626]],[[139.83374,35.11322],[139.83415,35.11209],[139.83418,35.11202],[139.83427,35.1118],[139.83434,35.11161],[139.83465,35.11087],[139.83471,35.11076],[139.83483,35.11056],[139.83519,35.11019],[139.83531,35.11009],[139.83622,35.10941],[139.83836,35.10793],[139.84083,35.1062],[139.84166,35.10563],[139.84339,35.10442],[139.84633,35.10234],[139.84732,35.1016],[139.84759,35.10134],[139.8479,35.10104],[139.84842,35.10052],[139.84881,35.09981],[139.84898,35.09932],[139.84929,35.0973],[139.84942,35.09642],[139.84955,35.09544],[139.84958,35.09519],[139.84974,35.09396]],[[139.95321,34.97671],[139.95412,34.97667],[139.95496,34.9768],[139.95583,34.97705]],[[139.86195,34.995],[139.86203,34.99683]],[[139.91256,34.99733],[139.91398,34.99712],[139.91434,34.99706],[139.91469,34.99701],[139.91506,34.99694],[139.91568,34.99685],[139.91597,34.9968],[139.9166,34.99672],[139.91714,34.99658],[139.91741,34.99652],[139.91756,34.99646],[139.91776,34.99639],[139.91796,34.99625],[139.91833,34.99592],[139.91874,34.99542],[139.91945,34.99448],[139.92039,34.9932],[139.92053,34.99301],[139.92094,34.99251],[139.92134,34.99213],[139.92183,34.99182],[139.92225,34.99158],[139.92288,34.99131],[139.92352,34.99104],[139.92373,34.99094],[139.92407,34.99078],[139.92452,34.99058],[139.92477,34.99047],[139.92546,34.99019],[139.92586,34.99],[139.92661,34.98969],[139.92666,34.98967],[139.9267,34.98964],[139.92721,34.98941],[139.92734,34.98936],[139.92935,34.98846],[139.93009,34.98806],[139.93013,34.98804],[139.93082,34.98772],[139.93142,34.98747],[139.93232,34.98721],[139.93351,34.98696],[139.93421,34.98681],[139.93496,34.98669],[139.93543,34.98666],[139.93594,34.98663],[139.93657,34.98666],[139.93693,34.98671],[139.93765,34.98676],[139.93808,34.98675],[139.93848,34.98672],[139.93878,34.98666],[139.93902,34.98657],[139.93916,34.98651],[139.93941,34.9864],[139.93956,34.98631],[139.9398,34.98605],[139.94,34.98585],[139.94045,34.98533],[139.94054,34.98522],[139.9407,34.98503],[139.94109,34.98452],[139.94145,34.98404],[139.94145,34.98402],[139.94187,34.98337],[139.94225,34.98295],[139.94256,34.98267],[139.94273,34.98252],[139.94282,34.98245],[139.94301,34.98231],[139.94353,34.98194],[139.94398,34.98164],[139.94575,34.98048],[139.94799,34.97897],[139.94805,34.97892],[139.94814,34.97887],[139.94918,34.97817],[139.9497,34.97782],[139.94993,34.97769],[139.95048,34.97741],[139.95112,34.97711],[139.95161,34.97694],[139.95167,34.97692],[139.95235,34.9768],[139.95289,34.97672],[139.95321,34.97671]],[[139.96661,34.99227],[139.96667,34.99244],[139.96669,34.99253],[139.96677,34.99274],[139.96691,34.99312],[139.96698,34.99333],[139.96707,34.99358],[139.96737,34.99442],[139.9677,34.99535],[139.96776,34.99553],[139.96786,34.9958],[139.96811,34.99649],[139.9682,34.99674],[139.96845,34.99746],[139.96849,34.99757],[139.96891,34.99874],[139.96903,34.99909],[139.96923,34.99962],[139.9696,35.00066],[139.96981,35.00126],[139.96985,35.00134],[139.96993,35.00157],[139.97029,35.0026],[139.97037,35.0028],[139.97052,35.00323],[139.97057,35.00333],[139.97076,35.00385],[139.97104,35.00477],[139.97115,35.00528],[139.97116,35.00532],[139.97118,35.00539],[139.9712,35.0055],[139.97126,35.00602],[139.97126,35.00604],[139.97127,35.00607],[139.97129,35.00663],[139.97129,35.00716],[139.97128,35.00762],[139.97124,35.00825],[139.97118,35.00881],[139.97111,35.00936],[139.97109,35.00956],[139.97102,35.00994],[139.97097,35.01027],[139.97092,35.01056],[139.97088,35.01097],[139.97089,35.01126],[139.97098,35.01157],[139.97106,35.01191],[139.97109,35.01202],[139.9712,35.01243],[139.97131,35.01262],[139.9714,35.01282],[139.97155,35.01322],[139.97193,35.01396],[139.97198,35.01407],[139.97222,35.01462],[139.97249,35.01517],[139.97314,35.01643],[139.97318,35.01651],[139.9732,35.01655],[139.97326,35.01669],[139.97345,35.01709],[139.97359,35.0174],[139.97379,35.01778],[139.97394,35.01806],[139.97397,35.0181],[139.97404,35.0182],[139.97412,35.01831],[139.97429,35.0185],[139.97446,35.01868],[139.97476,35.01896],[139.97515,35.01926],[139.97555,35.01953],[139.9758,35.01969],[139.97626,35.01994],[139.9765,35.02007],[139.97698,35.0203],[139.97781,35.02065],[139.97787,35.02068],[139.97809,35.02076],[139.97811,35.02077]],[[139.98003,35.02162],[139.97811,35.02077]],[[139.90744,35.33166],[139.90763,35.33169],[139.90825,35.33177],[139.9093,35.33212],[139.90984,35.33242],[139.9104,35.33284],[139.91084,35.33332],[139.91122,35.33387],[139.9115,35.33456],[139.91161,35.33498],[139.91164,35.33557],[139.91164,35.33662],[139.91168,35.33742],[139.91171,35.33784],[139.91196,35.34025],[139.91198,35.34045],[139.912,35.34073],[139.91208,35.34107],[139.91212,35.34115],[139.91229,35.34153],[139.91262,35.34199]],[[140.06221,35.0626],[140.06007,35.0624]],[[139.87648,35.25905],[139.8758,35.26092]],[[139.95826,35.43228],[139.95616,35.43153]],[[139.9188,35.34938],[139.91909,35.35049],[139.91972,35.35307],[139.91995,35.35402],[139.92029,35.35583],[139.92058,35.35749],[139.92062,35.35769],[139.92065,35.35788],[139.92069,35.35811],[139.92083,35.35889],[139.92092,35.35933],[139.92108,35.36023],[139.92115,35.3605],[139.9213,35.36104],[139.92199,35.36271],[139.92243,35.36379],[139.92302,35.36525],[139.92401,35.36764],[139.92456,35.36899],[139.92471,35.36968],[139.92486,35.37045],[139.92497,35.37138],[139.92505,35.3721],[139.92525,35.37394],[139.92534,35.37476],[139.92559,35.37694],[139.92566,35.37749],[139.92577,35.37842],[139.92582,35.37886],[139.92594,35.37986],[139.92599,35.38036]],[[139.91475,35.34361],[139.91537,35.34405],[139.91635,35.34475],[139.91663,35.34497],[139.91701,35.34526],[139.91738,35.34564],[139.91773,35.34624],[139.91778,35.34631],[139.91816,35.3472],[139.91839,35.34786],[139.91857,35.34851],[139.9188,35.34938]],[[139.91262,35.34199],[139.91289,35.34222],[139.91319,35.34246],[139.9136,35.34276],[139.91395,35.34302],[139.91475,35.34361]],[[139.91475,35.34361],[139.91521,35.34408],[139.91563,35.34452],[139.91592,35.34484],[139.91613,35.34512],[139.91723,35.34677],[139.91823,35.34835],[139.91857,35.34891],[139.9188,35.34938]]]}},{"properties":{"name":"南武線","uri":"https://uedayou.net/jrslod/東日本旅客鉄道/南武線","color":"FFD400"},"type":"Feature","geometry":{"type":"MultiLineString","coordinates":[[[139.67515,35.55108],[139.67557,35.55023],[139.67601,35.5492],[139.67636,35.54843],[139.67698,35.54706],[139.67798,35.5449],[139.67893,35.54281],[139.68017,35.53996]],[[139.67094,35.56098],[139.67125,35.56015]],[[139.68017,35.53996],[139.68029,35.53966],[139.68068,35.53876]],[[139.63035,35.58688],[139.62783,35.58795]],[[139.64284,35.58018],[139.64408,35.57945],[139.64501,35.57894],[139.64673,35.57805],[139.64726,35.57779],[139.6473,35.57777],[139.64789,35.5775],[139.64861,35.57727],[139.64924,35.57711],[139.64978,35.57699],[139.65063,35.57685],[139.65161,35.57673],[139.65229,35.57666],[139.65286,35.57662],[139.65339,35.57662],[139.65492,35.57661],[139.65578,35.57659],[139.65815,35.57659],[139.65925,35.57658]],[[139.62783,35.58795],[139.62774,35.588],[139.62737,35.58816],[139.62672,35.58844],[139.62431,35.58953],[139.62385,35.58974],[139.62245,35.59039],[139.62217,35.59056],[139.62178,35.59081],[139.62136,35.59114],[139.6205,35.5918],[139.62025,35.59199],[139.61905,35.59291],[139.61694,35.59453],[139.61532,35.59581],[139.61415,35.59669],[139.6122,35.59818]],[[139.66714,35.57271],[139.66745,35.57164]],[[139.65925,35.57658],[139.66003,35.57656],[139.66014,35.57655]],[[139.67481,35.55183],[139.67515,35.55108]],[[139.66014,35.57655],[139.66103,35.57653],[139.66139,35.57653],[139.66252,35.57653],[139.6628,35.57653],[139.66316,35.57652],[139.66352,35.57646],[139.66372,35.57643],[139.66394,35.57636],[139.66431,35.57623],[139.66469,35.57608],[139.66502,35.57591],[139.66539,35.57568],[139.66564,35.57548],[139.66588,35.57528],[139.66601,35.57515],[139.66623,35.5749],[139.6664,35.57469],[139.66656,35.5744],[139.66675,35.57398],[139.66714,35.57271]],[[139.66745,35.57164],[139.66757,35.57126],[139.66787,35.57027],[139.66803,35.56967],[139.66824,35.5689],[139.66896,35.56642],[139.66956,35.5645],[139.66979,35.56381],[139.66995,35.56339],[139.67029,35.56249],[139.67094,35.56098]],[[139.67125,35.56015],[139.67226,35.55779],[139.67251,35.55718],[139.67251,35.55717],[139.67339,35.55503],[139.67417,35.55324],[139.67481,35.55183]],[[139.64144,35.58094],[139.64284,35.58018]],[[139.63035,35.58688],[139.63042,35.58685],[139.63109,35.58658],[139.63164,35.58632],[139.63206,35.58609],[139.63224,35.58598],[139.63272,35.58571],[139.63362,35.5852],[139.63456,35.58466],[139.636,35.58388],[139.63663,35.58355],[139.63753,35.58307],[139.63984,35.58181],[139.64144,35.58094]],[[139.41356,35.69751],[139.41505,35.69756]],[[139.42376,35.69427],[139.42362,35.69478],[139.42338,35.69552],[139.42325,35.69588],[139.42307,35.69626],[139.42285,35.69657],[139.42261,35.69682],[139.42236,35.69704],[139.42209,35.69724],[139.42173,35.69746],[139.42145,35.6976],[139.42117,35.69773],[139.42059,35.6979],[139.42029,35.69796],[139.42003,35.69799],[139.41966,35.69799],[139.41875,35.69795],[139.41817,35.69795],[139.4175,35.69793],[139.41727,35.69792],[139.41707,35.6979],[139.41505,35.69756]],[[139.42405,35.69331],[139.42376,35.69427]],[[139.4322,35.68499],[139.43098,35.68516]],[[139.51984,35.64207],[139.519,35.64252],[139.5186,35.64264],[139.5177,35.64273],[139.51595,35.64281],[139.51355,35.64292],[139.51131,35.64298],[139.51043,35.64301],[139.50939,35.64304],[139.50856,35.64306],[139.50842,35.64307],[139.50668,35.64314],[139.50607,35.64317],[139.50536,35.64321],[139.50505,35.64327],[139.50449,35.64348],[139.50338,35.64394]],[[139.61055,35.59945],[139.60999,35.59989],[139.60939,35.60024],[139.60906,35.60037],[139.60807,35.60057],[139.60608,35.60102],[139.6054,35.60116],[139.60492,35.60127],[139.60458,35.60142],[139.60361,35.60198],[139.60274,35.60247],[139.60239,35.60267],[139.60136,35.60328]],[[139.60136,35.60328],[139.60008,35.60402]],[[139.55045,35.63015],[139.55044,35.63015],[139.54927,35.63041],[139.54697,35.63094],[139.54557,35.63128],[139.54337,35.63174],[139.54268,35.6319],[139.5423,35.63199],[139.54191,35.63207],[139.54007,35.63249],[139.53849,35.63284],[139.53675,35.63322]],[[139.53675,35.63322],[139.53512,35.6336]],[[139.52103,35.6414],[139.51984,35.64207]],[[139.56947,35.62101],[139.56896,35.62117],[139.56754,35.62143],[139.566,35.62169],[139.56472,35.62198],[139.56385,35.6223],[139.56334,35.62252],[139.56241,35.62308],[139.56145,35.62379],[139.56099,35.62422],[139.56037,35.62488],[139.56035,35.6249],[139.55893,35.6266],[139.55864,35.62696],[139.55791,35.62765],[139.55743,35.62801],[139.55674,35.62845],[139.55611,35.62873],[139.55554,35.62891],[139.55437,35.62926],[139.5517,35.62989]],[[139.43098,35.68516],[139.42976,35.68532],[139.42909,35.68546],[139.42849,35.68568],[139.42794,35.68594],[139.42764,35.68611],[139.4273,35.68638],[139.42696,35.68677],[139.42661,35.6873],[139.42641,35.68769],[139.42631,35.68789],[139.4261,35.68836],[139.42558,35.6895],[139.42472,35.69141],[139.42459,35.69173],[139.42443,35.69213],[139.42427,35.69259],[139.42405,35.69331]],[[139.48999,35.64925],[139.4916,35.64934],[139.49181,35.64933],[139.49214,35.64925],[139.49253,35.64914],[139.49284,35.64904],[139.49319,35.64887],[139.49436,35.64823],[139.49548,35.64762],[139.49679,35.6469],[139.49832,35.64613],[139.49931,35.64569],[139.50062,35.64515],[139.50184,35.64461]],[[139.58022,35.61515],[139.57887,35.61569]],[[139.53512,35.6336],[139.53484,35.63365],[139.534,35.63392],[139.53334,35.63423],[139.53286,35.63451],[139.53257,35.63469],[139.53134,35.63539],[139.53002,35.63617],[139.52854,35.63704],[139.52753,35.63761],[139.52618,35.63839],[139.52499,35.6391],[139.52386,35.63977],[139.52385,35.63977],[139.52319,35.64015],[139.52203,35.64081],[139.52103,35.6414]],[[139.5517,35.62989],[139.55045,35.63015]],[[139.59232,35.61054],[139.59188,35.61081],[139.59172,35.61091],[139.59161,35.61098],[139.59159,35.61099],[139.59095,35.61137],[139.59024,35.61178],[139.58956,35.61217],[139.58874,35.61264],[139.58786,35.61313],[139.58706,35.61357],[139.58657,35.61373],[139.58605,35.61383],[139.58542,35.6139],[139.58445,35.61397],[139.58341,35.61402],[139.58288,35.61409],[139.58243,35.61425],[139.58022,35.61515]],[[139.59383,35.60967],[139.59232,35.61054]],[[139.47748,35.66535],[139.47823,35.66313],[139.47857,35.66222],[139.47894,35.6615],[139.47934,35.6609],[139.47978,35.66041],[139.47997,35.6602],[139.48137,35.65896],[139.48189,35.65841],[139.48217,35.65809],[139.48252,35.65761],[139.48267,35.65734],[139.48274,35.65716],[139.48285,35.65692],[139.48305,35.65594],[139.48342,35.65396],[139.48373,35.65241],[139.48393,35.65142],[139.484,35.65126],[139.48414,35.65106],[139.48468,35.65055],[139.4849,35.65036],[139.48516,35.65019],[139.48538,35.65007],[139.48555,35.65001],[139.48622,35.64975],[139.48734,35.6494],[139.48765,35.64932],[139.48787,35.64927],[139.48835,35.64919],[139.4891,35.64918]],[[139.45716,35.67109],[139.45597,35.67187],[139.45498,35.67252],[139.45407,35.67312],[139.45359,35.67349],[139.45326,35.67384],[139.45292,35.67433],[139.45277,35.67474],[139.45262,35.67519],[139.45254,35.67564],[139.45254,35.67694],[139.45249,35.6774],[139.45233,35.67797],[139.4521,35.67848],[139.45207,35.67857],[139.45169,35.67911],[139.45128,35.67952],[139.45081,35.67989],[139.4504,35.68009],[139.44934,35.68051],[139.44752,35.68111]],[[139.6122,35.59818],[139.61055,35.59945]],[[139.57105,35.62035],[139.5701,35.62077],[139.56947,35.62101]],[[139.46948,35.66851],[139.46835,35.66833]],[[139.60008,35.60402],[139.5999,35.60414],[139.59861,35.60485],[139.59779,35.60533],[139.59738,35.60564],[139.59696,35.60603],[139.59671,35.60638],[139.59649,35.60672],[139.59608,35.6076],[139.59585,35.60805],[139.59569,35.60829],[139.59549,35.60855],[139.59528,35.60874],[139.59485,35.60906],[139.59383,35.60967]],[[139.44604,35.68165],[139.44289,35.68282],[139.44269,35.68289],[139.44129,35.68341],[139.44044,35.68367],[139.43956,35.68393],[139.43863,35.68412],[139.43722,35.68434],[139.43493,35.68464],[139.4322,35.68499]],[[139.47698,35.66638],[139.47733,35.66581],[139.47748,35.66535]],[[139.57887,35.61569],[139.57832,35.61592],[139.57695,35.61648],[139.57581,35.61693],[139.57478,35.61735],[139.57446,35.61753],[139.57407,35.61784],[139.57348,35.61833],[139.57205,35.6196],[139.57146,35.62009],[139.57105,35.62035]],[[139.50338,35.64394],[139.50184,35.64461]],[[139.47698,35.66638],[139.47694,35.66642],[139.47689,35.6665],[139.47687,35.66654],[139.47675,35.66687],[139.47667,35.66705],[139.47655,35.66723],[139.47639,35.66743],[139.47606,35.66773],[139.47582,35.6679],[139.47536,35.66817],[139.47486,35.6684],[139.47429,35.66856],[139.47398,35.66863],[139.47355,35.66867],[139.47128,35.66858],[139.46983,35.66853],[139.46958,35.66852],[139.46948,35.66851]],[[139.44752,35.68111],[139.44604,35.68165]],[[139.4891,35.64918],[139.48999,35.64925]],[[139.68401,35.53158],[139.68459,35.53037]],[[139.6853,35.52916],[139.6854,35.52866],[139.68541,35.52857],[139.68546,35.52833],[139.68552,35.52815],[139.68566,35.52789],[139.6858,35.52762],[139.68604,35.52715],[139.68623,35.52687],[139.68641,35.52659],[139.68659,35.5264],[139.68679,35.52623],[139.68759,35.52555],[139.68802,35.52521],[139.68855,35.52477],[139.68925,35.52422],[139.6896,35.52394],[139.68989,35.52376],[139.69036,35.5235],[139.69057,35.52341],[139.69099,35.52323]],[[139.68459,35.53037],[139.68465,35.53028],[139.68492,35.52977],[139.68508,35.52948],[139.6853,35.52916]],[[139.71343,35.51045],[139.71413,35.51032]],[[139.69758,35.532],[139.69604,35.53073]],[[139.69886,35.51859],[139.69966,35.51806]],[[139.69176,35.52291],[139.69243,35.52259],[139.69295,35.52234],[139.69347,35.52208],[139.69402,35.52175],[139.6941,35.52171],[139.69447,35.52148],[139.69502,35.52114],[139.69623,35.52037],[139.69781,35.5193],[139.69886,35.51859]],[[139.69966,35.51806],[139.70072,35.51735],[139.70203,35.51646],[139.70297,35.51583],[139.70345,35.5155],[139.70432,35.51493],[139.704418,35.514863]],[[139.69099,35.52323],[139.69176,35.52291]],[[139.69246,35.52757],[139.692,35.52729],[139.69155,35.5271],[139.69149,35.52707],[139.69114,35.52693],[139.69076,35.5268],[139.69024,35.52672],[139.68986,35.5267],[139.68945,35.52674],[139.68908,35.52678],[139.68865,35.52693],[139.68743,35.52744],[139.68684,35.52768],[139.68648,35.52787],[139.68624,35.52803],[139.68617,35.5281],[139.68605,35.52821],[139.68587,35.52841],[139.68572,35.52858],[139.6853,35.52916]],[[139.69604,35.53073],[139.6958,35.53052],[139.69564,35.53038],[139.69446,35.52935],[139.69357,35.52857],[139.69331,35.52834],[139.69315,35.52819],[139.693,35.52806],[139.69284,35.52791],[139.69246,35.52757]],[[139.68068,35.53876],[139.68111,35.53769],[139.68116,35.53758],[139.68136,35.53715],[139.68186,35.53608],[139.68245,35.53484],[139.68301,35.53373],[139.68379,35.53204],[139.68401,35.53159],[139.68401,35.53158]],[[139.45762,35.67078],[139.45716,35.67109]],[[139.46835,35.66833],[139.46671,35.66806],[139.46504,35.66777],[139.46448,35.66772],[139.46403,35.66769],[139.46369,35.66768],[139.4633,35.6677],[139.46289,35.66774],[139.46255,35.66783],[139.4621,35.66797],[139.46168,35.66819],[139.46094,35.66865],[139.46065,35.66882],[139.45977,35.66938],[139.45901,35.66984],[139.45894,35.6699],[139.45871,35.67007],[139.45762,35.67078]],[[139.704418,35.514863],[139.70507,35.51442],[139.705739,35.513967]],[[139.705739,35.513967],[139.70606,35.51375],[139.70728,35.51294],[139.70779,35.51259],[139.70822,35.51236],[139.70863,35.51217],[139.70987,35.51172],[139.7109,35.51135],[139.71221,35.51089],[139.71272,35.51069],[139.7131,35.51055],[139.71343,35.51045]]]}},{"properties":{"name":"外房線","uri":"https://uedayou.net/jrslod/東日本旅客鉄道/外房線","color":"FF4500"},"type":"Feature","geometry":{"type":"MultiLineString","coordinates":[[[140.12794,35.5876],[140.128,35.58751],[140.12823,35.58714],[140.12847,35.58665],[140.12848,35.58662],[140.1285,35.58659],[140.12856,35.58646],[140.12863,35.58633],[140.12888,35.58585],[140.13012,35.58341]],[[140.13124,35.58113],[140.13049,35.58266],[140.13023,35.58318]],[[140.13246,35.57866],[140.13207,35.57944],[140.13124,35.58113]],[[140.13023,35.58318],[140.13012,35.58341]],[[140.29945,35.44845],[140.29998,35.45041]],[[140.34642,35.40337],[140.34429,35.40454]],[[140.35082,35.18675],[140.35065,35.18653],[140.35039,35.18621],[140.34979,35.18547],[140.34957,35.18517],[140.34885,35.18425],[140.34862,35.18395],[140.34743,35.18244],[140.34721,35.18217]],[[140.39156,35.28258],[140.39133,35.28326]],[[140.19102,35.12885],[140.19245,35.12908],[140.19264,35.12912],[140.19334,35.12923],[140.19365,35.12927],[140.19439,35.12927],[140.1946,35.12924],[140.19492,35.12918],[140.19512,35.12911],[140.19541,35.12899],[140.19575,35.1288],[140.19605,35.12859],[140.19624,35.12842],[140.19644,35.12818],[140.19668,35.12786],[140.19696,35.12743],[140.19726,35.12695],[140.19755,35.1264],[140.19767,35.12619],[140.19781,35.12604],[140.19838,35.12547],[140.20017,35.1239],[140.2008,35.12335],[140.20091,35.12323],[140.20093,35.12322],[140.20096,35.1232],[140.20156,35.12266],[140.20184,35.12238],[140.20192,35.12232],[140.20287,35.1214],[140.20318,35.12113],[140.20321,35.12109],[140.20385,35.12047],[140.2041,35.12021],[140.2044,35.11994],[140.20472,35.11972],[140.20485,35.11966],[140.20513,35.11954],[140.20539,35.11946],[140.20549,35.11945],[140.20559,35.11942],[140.20604,35.11936],[140.20618,35.11935],[140.20742,35.11917],[140.20802,35.11908],[140.21215,35.11848],[140.2137,35.11825],[140.21765,35.11767],[140.2182,35.11761],[140.21881,35.11763],[140.21916,35.11765],[140.21936,35.11767],[140.22016,35.11774],[140.22073,35.11778],[140.22462,35.11814],[140.22531,35.11821]],[[140.12093,35.60167],[140.12174,35.59992],[140.12193,35.59958]],[[140.30741,35.48115],[140.30773,35.48317]],[[140.11221,35.61371],[140.11103,35.61454],[140.11035,35.61508]],[[140.37615,35.34764],[140.37572,35.34838],[140.37546,35.34891],[140.37522,35.34933],[140.37496,35.34974],[140.3747,35.35006],[140.37441,35.35037],[140.37406,35.35083],[140.37361,35.35152],[140.37299,35.35257],[140.37244,35.35349],[140.37172,35.3547],[140.37069,35.35642],[140.36893,35.35937],[140.36686,35.36275],[140.3666,35.36317],[140.36609,35.36397],[140.36583,35.36452],[140.36541,35.3654],[140.36517,35.3659],[140.36506,35.36615],[140.36496,35.36637],[140.36486,35.36664],[140.36476,35.36688],[140.36467,35.36715],[140.3646,35.36744],[140.36454,35.36775],[140.36449,35.36803],[140.36448,35.36822],[140.36447,35.36845],[140.36447,35.36871],[140.36448,35.36909],[140.36451,35.36939],[140.36455,35.36964],[140.36459,35.36994],[140.36465,35.37023],[140.36471,35.37053],[140.36493,35.37171],[140.36526,35.37331]],[[140.37715,35.3459],[140.37881,35.34285],[140.37963,35.34138],[140.37984,35.34098],[140.37999,35.34067],[140.38012,35.34041],[140.38019,35.34016],[140.38022,35.33993],[140.38021,35.33963],[140.38012,35.33912],[140.38002,35.3386],[140.37996,35.33818],[140.37994,35.33787],[140.37994,35.33758],[140.37995,35.33742],[140.37997,35.3373],[140.38008,35.33694],[140.38009,35.33689],[140.38017,35.33662],[140.38054,35.33545],[140.38073,35.3349],[140.38094,35.33431],[140.38106,35.33385],[140.38113,35.3335],[140.38116,35.33323],[140.38118,35.33296],[140.38113,35.33233],[140.38096,35.33093],[140.38091,35.33055],[140.38088,35.33035],[140.38046,35.32763],[140.38041,35.32721],[140.38041,35.32658],[140.38044,35.32621],[140.38061,35.32483],[140.38061,35.32477],[140.38073,35.32393],[140.38117,35.32087],[140.38119,35.32066]],[[140.31111,35.15215],[140.31068,35.15191],[140.31001,35.15158],[140.30936,35.15136],[140.30868,35.15121],[140.30857,35.1512],[140.30819,35.15118],[140.30816,35.15117],[140.30755,35.15118],[140.30704,35.15123],[140.30581,35.15144],[140.30407,35.15179],[140.30384,35.15184],[140.30248,35.15215],[140.30202,35.15229],[140.30133,35.1525],[140.30041,35.15272],[140.30014,35.15277],[140.29981,35.15281],[140.29949,35.15281],[140.29917,35.15278],[140.29888,35.15271],[140.29864,35.15265],[140.29838,35.15256],[140.29737,35.15214],[140.29717,35.15206],[140.29671,35.15183],[140.29651,35.15174],[140.29611,35.15156],[140.2954,35.15131],[140.29493,35.1511],[140.29441,35.15084],[140.2939,35.15053],[140.29367,35.15032],[140.29313,35.1499],[140.2924,35.1493],[140.29099,35.14816],[140.28956,35.14692],[140.2888,35.14631],[140.2881,35.1458],[140.28746,35.14543],[140.28707,35.14521],[140.28668,35.14501],[140.28641,35.1449],[140.28535,35.14442],[140.28437,35.14393],[140.28295,35.14328],[140.28276,35.1432],[140.281,35.14235],[140.2802,35.14194],[140.27978,35.14172],[140.27946,35.14152]],[[140.27946,35.14152],[140.27847,35.14098]],[[140.11396,35.61259],[140.11298,35.61321],[140.11235,35.61362],[140.11221,35.61371]],[[140.17825,35.56307],[140.17846,35.56289],[140.17874,35.56265],[140.17925,35.56224]],[[140.12193,35.59958],[140.12245,35.59854],[140.12325,35.59694],[140.12347,35.5965],[140.12521,35.59304],[140.12563,35.5922],[140.12733,35.58889],[140.12774,35.58801],[140.12794,35.5876]],[[140.36526,35.37331],[140.36579,35.37606]],[[140.31546,35.15466],[140.31689,35.15524],[140.3179,35.1556],[140.31944,35.15605],[140.32006,35.15628],[140.32076,35.15663],[140.3213,35.15707],[140.32178,35.15761],[140.32239,35.15838],[140.32445,35.16103],[140.32495,35.16167],[140.32535,35.16222],[140.32564,35.16266],[140.32581,35.16307],[140.32605,35.16411],[140.32614,35.1644],[140.32634,35.16482],[140.32654,35.16512],[140.32674,35.16534],[140.32733,35.16582]],[[140.29998,35.45041],[140.30097,35.45424],[140.30108,35.45468],[140.30162,35.45676],[140.30258,35.46042],[140.30315,35.46259],[140.30337,35.46343],[140.305,35.46981],[140.30566,35.47225],[140.30604,35.4737],[140.30625,35.47481],[140.30741,35.48115]],[[140.35082,35.18675],[140.35207,35.18833]],[[140.12093,35.60167],[140.1197,35.60418],[140.11959,35.60439],[140.11802,35.60756],[140.11679,35.61007],[140.11632,35.61067],[140.11576,35.61123],[140.11526,35.61169],[140.11496,35.6119],[140.11447,35.61225],[140.11427,35.6124],[140.11396,35.61259]],[[140.30259,35.42766],[140.30168,35.42817],[140.30081,35.42865],[140.30012,35.42904],[140.29908,35.42961],[140.29883,35.42975],[140.29753,35.43046],[140.29723,35.43065],[140.29681,35.43095],[140.29656,35.43119],[140.29641,35.43136],[140.29622,35.4316],[140.296,35.43194],[140.29588,35.43222],[140.29578,35.43245],[140.29567,35.43282],[140.29564,35.43307],[140.29563,35.4334],[140.29564,35.43364],[140.29567,35.43388],[140.2957,35.43405],[140.29576,35.43433],[140.29585,35.43475],[140.29597,35.43519],[140.29616,35.43593],[140.29632,35.43647],[140.29656,35.43735],[140.29676,35.43814],[140.29706,35.43921],[140.29717,35.43962],[140.29945,35.44845]],[[140.13246,35.57866],[140.13342,35.57777],[140.13456,35.5769],[140.13589,35.5759],[140.13819,35.57419],[140.13868,35.57384],[140.14067,35.57231],[140.14316,35.57062],[140.14372,35.57028],[140.14456,35.56992],[140.14799,35.56847],[140.14993,35.56762],[140.15057,35.56734],[140.15348,35.56611],[140.15628,35.56489],[140.15703,35.56466],[140.15746,35.56458],[140.15812,35.56453],[140.15892,35.56453],[140.15949,35.56453],[140.15981,35.56452],[140.16008,35.56452],[140.16025,35.56453],[140.16346,35.56453],[140.16351,35.56453],[140.16716,35.56451],[140.16918,35.56449],[140.16966,35.56449],[140.17146,35.5648],[140.17252,35.56494],[140.1728,35.56497],[140.17329,35.565],[140.17373,35.56498],[140.17452,35.56487],[140.1749,35.5648],[140.17527,35.56473],[140.17626,35.56441],[140.17684,35.56416],[140.17706,35.56403],[140.17713,35.56399],[140.17765,35.56359],[140.17825,35.56307]],[[140.31239,35.52143],[140.31221,35.52162],[140.31193,35.52191],[140.31164,35.52214],[140.31142,35.52232],[140.31117,35.52249],[140.31095,35.5226],[140.31075,35.52271],[140.31052,35.52282],[140.30991,35.52306],[140.30963,35.52317]],[[140.32733,35.16582],[140.3277,35.16601],[140.32844,35.16627],[140.32964,35.16663],[140.33,35.16674],[140.33027,35.16682],[140.33104,35.16708],[140.3315,35.16724],[140.33184,35.16741],[140.33201,35.16751],[140.33233,35.1677],[140.33284,35.16812],[140.33312,35.16843],[140.33353,35.169],[140.33416,35.16998],[140.3348,35.17082]],[[140.25117,35.13749],[140.24977,35.13694]],[[140.34429,35.40454],[140.34254,35.40551],[140.33994,35.40695],[140.33706,35.40852],[140.33515,35.40957],[140.33369,35.4104],[140.33337,35.41058],[140.32835,35.41334],[140.32458,35.41544],[140.3242,35.41565],[140.32355,35.41601],[140.32087,35.41749],[140.31679,35.41977],[140.31648,35.41995],[140.31472,35.42094],[140.31072,35.42318],[140.31033,35.42339],[140.30753,35.42493],[140.30607,35.42572],[140.30555,35.426]],[[140.15384,35.12546],[140.15564,35.12612]],[[140.27125,35.53043],[140.27004,35.53083],[140.2697,35.53094],[140.26829,35.53141]],[[140.31283,35.15309],[140.31111,35.15215]],[[140.26829,35.53141],[140.26781,35.53157],[140.26759,35.53164],[140.26735,35.53172],[140.26576,35.53225],[140.26566,35.53229],[140.26555,35.53231],[140.2652,35.53245],[140.26471,35.5326],[140.26436,35.53271],[140.26383,35.53289],[140.26304,35.53317],[140.26229,35.53342],[140.26173,35.53358],[140.2612,35.53371],[140.2606,35.53382],[140.25979,35.53391],[140.2592,35.5339],[140.25826,35.53383],[140.2572,35.53375],[140.25689,35.53373],[140.25677,35.53373],[140.25658,35.53372],[140.25616,35.53373],[140.2557,35.53376],[140.25527,35.53381],[140.25487,35.53389],[140.2543,35.53406],[140.25394,35.5342],[140.2537,35.53428],[140.25343,35.5344],[140.25188,35.53508],[140.24874,35.53645],[140.24673,35.5373],[140.24482,35.53808],[140.24307,35.53883],[140.24221,35.53917],[140.24165,35.53933],[140.24106,35.53947],[140.24016,35.53967],[140.2382,35.54003],[140.23691,35.54026],[140.23597,35.54044],[140.23411,35.54099],[140.2315,35.54178],[140.23091,35.54195],[140.22945,35.54238],[140.22746,35.54295],[140.2241,35.54396],[140.221,35.54487],[140.2205,35.54502],[140.21908,35.54545],[140.21611,35.5463],[140.21469,35.54673]],[[140.39099,35.25185],[140.39105,35.25052],[140.39106,35.25017]],[[140.21288,35.54727],[140.21469,35.54673]],[[140.39106,35.25017],[140.39108,35.24983],[140.3911,35.24975],[140.3911,35.24956],[140.3911,35.24943],[140.39111,35.24929],[140.39111,35.24908],[140.39113,35.24884],[140.39112,35.24864],[140.39114,35.24835],[140.39116,35.24806],[140.39117,35.24784],[140.39119,35.24749],[140.39126,35.24614],[140.39125,35.24572],[140.39121,35.24547],[140.39113,35.24511],[140.39093,35.24453],[140.39082,35.24428],[140.39011,35.24303],[140.38958,35.2421],[140.38933,35.24168],[140.38915,35.24135],[140.38881,35.24074],[140.38861,35.24039],[140.38844,35.24009],[140.38824,35.23974],[140.38794,35.23923],[140.38777,35.23891],[140.38761,35.23863],[140.38745,35.23835],[140.38684,35.23726],[140.38651,35.23669],[140.38565,35.23517],[140.38499,35.23401],[140.3848,35.23368],[140.38466,35.23343],[140.38456,35.23324],[140.38434,35.23286],[140.38418,35.23255],[140.38404,35.23222],[140.38388,35.23188],[140.38365,35.23128],[140.38357,35.2311],[140.38288,35.22944],[140.38282,35.22931],[140.38257,35.22868],[140.38235,35.22816],[140.38223,35.22785],[140.38153,35.22616],[140.38138,35.22579],[140.38119,35.22531],[140.38112,35.2252],[140.38094,35.22493],[140.3803,35.22413],[140.38018,35.22398],[140.38005,35.22382],[140.37981,35.2235],[140.37959,35.22321]],[[140.39099,35.25185],[140.39097,35.2527],[140.39094,35.2533],[140.39094,35.25353],[140.39093,35.25402]],[[140.39093,35.25402],[140.39092,35.25472],[140.39088,35.25596],[140.39086,35.25641],[140.39085,35.25662],[140.3908,35.25803],[140.39073,35.25987],[140.39064,35.26187],[140.39059,35.26243],[140.39048,35.26336],[140.39042,35.26371],[140.39036,35.26422],[140.39033,35.26444],[140.39016,35.26562],[140.38998,35.26686],[140.38991,35.26735],[140.38987,35.2676],[140.38978,35.26829],[140.38971,35.26891],[140.38969,35.26948],[140.3897,35.26967],[140.38972,35.2701],[140.3898,35.27082],[140.38985,35.27131],[140.38998,35.27248],[140.38998,35.27263],[140.39014,35.2741],[140.39017,35.27443],[140.39027,35.2752],[140.39029,35.27533],[140.39031,35.27545],[140.39052,35.27628],[140.3906,35.27664],[140.39092,35.27809],[140.39097,35.27827],[140.391,35.2784],[140.39138,35.28011],[140.39154,35.28083],[140.3916,35.28112],[140.39164,35.2814],[140.39167,35.28179],[140.39167,35.28181],[140.39166,35.28191],[140.39166,35.28216],[140.39162,35.28237],[140.39156,35.28258]],[[140.37868,35.22206],[140.37959,35.22321]],[[140.30773,35.48317],[140.309,35.49014],[140.30904,35.49037],[140.30905,35.49042],[140.30948,35.49289],[140.31015,35.49671],[140.31103,35.50182],[140.3111,35.50223]],[[140.38119,35.32066],[140.38139,35.31953]],[[140.31144,35.50425],[140.31151,35.50466],[140.3116,35.50518],[140.31173,35.50563],[140.31192,35.50624],[140.31203,35.50653],[140.31226,35.50711],[140.31227,35.50712],[140.31255,35.50779],[140.3127,35.50812],[140.31271,35.50813],[140.31292,35.50874],[140.31292,35.50878],[140.31294,35.50884],[140.31296,35.50895],[140.31299,35.50914],[140.31304,35.50947],[140.31304,35.51064],[140.31297,35.51137],[140.31292,35.51167],[140.31288,35.51205],[140.31286,35.51225],[140.31288,35.51244],[140.31288,35.5126],[140.31288,35.51285],[140.3129,35.5131],[140.31299,35.51378],[140.31312,35.51445],[140.31338,35.51587],[140.31353,35.51658],[140.3137,35.51744],[140.31372,35.51756],[140.31374,35.5177],[140.31375,35.5179],[140.31366,35.51892],[140.31359,35.51921],[140.31356,35.51934],[140.3135,35.51956],[140.31341,35.51985],[140.31324,35.52024],[140.31304,35.52059],[140.31283,35.52089],[140.31239,35.52143]],[[140.24977,35.13694],[140.24847,35.13642],[140.24704,35.13588],[140.24674,35.13576],[140.24661,35.13569],[140.24623,35.13547],[140.24552,35.13501],[140.24508,35.1347],[140.24491,35.13457],[140.24478,35.13447],[140.24465,35.13437],[140.24461,35.13433],[140.24448,35.13419],[140.24429,35.13398],[140.24396,35.13359],[140.24392,35.13354],[140.24389,35.13346],[140.24384,35.13319],[140.24377,35.13289],[140.24373,35.13272],[140.2437,35.13245],[140.24369,35.13243],[140.24364,35.13218],[140.24353,35.13172],[140.24347,35.13152],[140.2434,35.13135],[140.24328,35.13112],[140.24312,35.13089],[140.2431,35.13084],[140.243,35.13071],[140.24283,35.13052],[140.2428,35.13051],[140.24238,35.13018],[140.2419,35.12986],[140.24146,35.12959],[140.24021,35.12878],[140.23987,35.12852],[140.23954,35.12825],[140.23896,35.12769],[140.23872,35.1274],[140.23848,35.12712],[140.23828,35.12694],[140.23808,35.12679],[140.23772,35.12656],[140.2369,35.12605],[140.23294,35.12371],[140.23137,35.12279],[140.2311,35.12264],[140.23088,35.12249],[140.23062,35.12228],[140.23051,35.12217],[140.23031,35.12198],[140.23012,35.12171],[140.22997,35.12146],[140.22971,35.12098],[140.22953,35.12058],[140.22938,35.1202],[140.22916,35.11973],[140.2291,35.11965],[140.22907,35.11959],[140.22894,35.11943],[140.22849,35.11902],[140.22814,35.11879],[140.22789,35.11867],[140.22772,35.11858],[140.22749,35.11849],[140.22724,35.11843],[140.22674,35.11835],[140.22634,35.11831],[140.2263,35.1183],[140.22611,35.1183]],[[140.19102,35.12885],[140.18852,35.12842]],[[140.27125,35.53043],[140.27185,35.53024],[140.27335,35.52979],[140.27391,35.52968],[140.27445,35.52964],[140.27522,35.5296],[140.27652,35.52959],[140.27756,35.5296],[140.27782,35.5296],[140.27819,35.52958],[140.27866,35.52951],[140.27896,35.52946],[140.27954,35.52931],[140.27999,35.52919],[140.28034,35.52908],[140.2807,35.52896],[140.28076,35.52894],[140.28138,35.52871],[140.28192,35.52849],[140.28198,35.52846],[140.28229,35.52834],[140.28249,35.52827],[140.28278,35.5282],[140.28326,35.52814],[140.28384,35.5281],[140.28453,35.52813],[140.28608,35.5283],[140.28722,35.52852],[140.28842,35.52883],[140.28913,35.52905],[140.29005,35.52936],[140.29102,35.52967],[140.29116,35.52972],[140.29169,35.52988],[140.29187,35.52995],[140.29227,35.53006],[140.29271,35.53015],[140.29318,35.53022],[140.29375,35.53028],[140.29487,35.53026],[140.29535,35.53022],[140.29572,35.53016],[140.29629,35.53003],[140.29687,35.52984],[140.29751,35.52957],[140.29808,35.52927],[140.29861,35.52896],[140.2997,35.52827],[140.30062,35.52771],[140.30111,35.52736],[140.30144,35.52708],[140.30297,35.5256],[140.3032,35.5254],[140.30362,35.52507],[140.30405,35.5248],[140.30447,35.52458],[140.30481,35.52443],[140.30549,35.52421],[140.30575,35.52413],[140.30617,35.52403],[140.30666,35.52391],[140.30678,35.52389],[140.30774,35.52369],[140.30807,35.52364],[140.30833,35.5236]],[[140.30833,35.5236],[140.30903,35.52337],[140.30938,35.52325],[140.30963,35.52317]],[[140.3348,35.17082],[140.3352,35.17145],[140.33563,35.17196],[140.33587,35.17222],[140.33628,35.17258],[140.33815,35.17401],[140.33829,35.17411],[140.3391,35.1747],[140.34066,35.17581],[140.34114,35.17616],[140.34162,35.17653],[140.3423,35.17707],[140.34335,35.17806],[140.34461,35.17935],[140.34601,35.18089],[140.34687,35.18187],[140.34721,35.18217]],[[140.27847,35.14098],[140.27766,35.1405],[140.27708,35.14011],[140.27682,35.13991],[140.27645,35.13955],[140.27621,35.13941],[140.2759,35.13928],[140.27557,35.13919],[140.27504,35.13905],[140.27473,35.139],[140.27466,35.139],[140.27447,35.139],[140.27439,35.13901],[140.27406,35.13904],[140.27368,35.13911],[140.27361,35.13913],[140.27339,35.13919],[140.27317,35.13925],[140.27279,35.13939],[140.27245,35.13955],[140.27194,35.13982],[140.27165,35.13996],[140.27095,35.14028],[140.27034,35.14054],[140.27,35.14065],[140.26965,35.1407],[140.26927,35.14073],[140.26882,35.14069],[140.26789,35.14057],[140.26732,35.14048],[140.26684,35.14042],[140.26642,35.1404],[140.26583,35.14039],[140.26501,35.14045],[140.26438,35.1405],[140.26392,35.1405],[140.2635,35.14048],[140.26327,35.14045],[140.26287,35.14034],[140.2625,35.14021],[140.2621,35.14002],[140.26161,35.13975],[140.26136,35.13961],[140.26109,35.13941],[140.26073,35.13919],[140.26014,35.13895],[140.25929,35.13869],[140.25897,35.13865],[140.25848,35.13863],[140.25827,35.13864],[140.2572,35.13878],[140.25589,35.13888],[140.25549,35.13889],[140.25476,35.13879],[140.25443,35.13871],[140.25236,35.13795],[140.25117,35.13749]],[[140.31144,35.50425],[140.31132,35.50362],[140.31127,35.50327],[140.3111,35.50223]],[[140.37715,35.3459],[140.37615,35.34764]],[[140.36579,35.37606],[140.36608,35.37751],[140.36616,35.37791],[140.3662,35.3781],[140.36647,35.37945],[140.36661,35.38014],[140.36675,35.38088],[140.3668,35.38123],[140.36686,35.38177],[140.36688,35.38212],[140.36686,35.38249],[140.36683,35.38281],[140.36677,35.38316],[140.36666,35.38355],[140.36653,35.38393],[140.36637,35.38427],[140.36617,35.38465],[140.36592,35.38501],[140.36552,35.3855],[140.36523,35.38588],[140.36481,35.38633],[140.36456,35.38658],[140.36452,35.38663],[140.36414,35.38698],[140.36379,35.3873],[140.36324,35.38772],[140.36283,35.38799],[140.3624,35.38825],[140.36185,35.38853],[140.36136,35.38874],[140.36084,35.38901],[140.36036,35.38932],[140.36022,35.38943],[140.35997,35.38961],[140.35965,35.38987],[140.35931,35.39019],[140.35894,35.39059],[140.35854,35.39107],[140.35833,35.39139],[140.35815,35.3917],[140.3579,35.39216],[140.35771,35.39252],[140.35716,35.39341],[140.35684,35.39383],[140.35662,35.3941],[140.35632,35.39444],[140.356,35.39478],[140.35393,35.39678],[140.35358,35.39712],[140.35108,35.39951],[140.35006,35.40049],[140.34953,35.40102],[140.34864,35.40187],[140.34828,35.40216],[140.34777,35.40255],[140.34717,35.40295],[140.34642,35.40337]],[[140.31546,35.15466],[140.31607,35.15504],[140.31706,35.15554],[140.31761,35.15574],[140.31808,35.15589],[140.3187,35.15605],[140.3192,35.15618],[140.3196,35.15631],[140.31994,35.15644],[140.32024,35.1566],[140.32051,35.15677],[140.32097,35.15716],[140.32133,35.15759],[140.32165,35.15807],[140.32332,35.16084],[140.32453,35.16291],[140.32522,35.164],[140.32547,35.16435],[140.32579,35.1647],[140.32619,35.16507],[140.32692,35.16561],[140.32733,35.16582]],[[140.38443,35.29694],[140.38399,35.29777],[140.38396,35.29784],[140.3838,35.29817],[140.38369,35.29842],[140.3836,35.29867],[140.38344,35.29912],[140.38296,35.30083],[140.38283,35.30127],[140.38274,35.30159],[140.38267,35.30185],[140.38224,35.30343],[140.38097,35.30816],[140.3805,35.30992],[140.38045,35.31018],[140.38043,35.31032],[140.3804,35.31066],[140.38041,35.31118],[140.38045,35.31155],[140.38053,35.31202],[140.38071,35.31269],[140.38128,35.3149],[140.38164,35.31631],[140.38167,35.31651],[140.38169,35.31677],[140.38169,35.31733],[140.38166,35.31761],[140.38152,35.31866],[140.38139,35.31953]],[[140.38519,35.29558],[140.38443,35.29694]],[[140.35207,35.18833],[140.35235,35.1887],[140.35253,35.18891],[140.35297,35.18948],[140.35312,35.18969],[140.35336,35.19],[140.35399,35.19082],[140.3542,35.19106],[140.35441,35.19127],[140.3546,35.19146],[140.35496,35.19177],[140.35517,35.19193],[140.35565,35.19225],[140.356,35.19245],[140.35688,35.19285],[140.35708,35.19294],[140.3571,35.19296],[140.35716,35.19299],[140.35745,35.19311],[140.35819,35.19345],[140.3596,35.1941],[140.3597,35.19413],[140.35975,35.19417],[140.35981,35.19419],[140.36382,35.19602],[140.36551,35.19683],[140.36668,35.19742],[140.36726,35.19776],[140.36825,35.19836],[140.36852,35.19852],[140.36923,35.19905],[140.3698,35.19954],[140.37048,35.20033],[140.37172,35.202],[140.37181,35.20213],[140.37202,35.2024],[140.37203,35.20241],[140.37204,35.20243],[140.37242,35.20298],[140.37293,35.20362],[140.37309,35.20397],[140.3732,35.20435],[140.37321,35.20444],[140.37325,35.20607],[140.37327,35.20708],[140.37332,35.20852],[140.37332,35.20875],[140.37334,35.20982],[140.3734,35.2102],[140.3735,35.21072],[140.37365,35.21116],[140.37392,35.21165],[140.37407,35.2119],[140.37425,35.21219],[140.37474,35.21299],[140.37494,35.21331],[140.37502,35.21345],[140.37528,35.21388],[140.3753,35.21389],[140.37537,35.21402],[140.37551,35.21429],[140.3756,35.21457],[140.37562,35.2147],[140.37568,35.21505],[140.37579,35.21569],[140.37582,35.21592],[140.37604,35.21728],[140.37623,35.2184],[140.37625,35.21845],[140.37625,35.2185],[140.37632,35.21869],[140.37645,35.21905],[140.37647,35.21906],[140.37651,35.21918],[140.37673,35.21959],[140.37703,35.22004],[140.37719,35.22024],[140.37728,35.22034],[140.37732,35.22039],[140.37755,35.22069],[140.37827,35.22158],[140.37868,35.22206]],[[140.15564,35.12612],[140.15571,35.12613],[140.15605,35.12625],[140.15645,35.12637],[140.15677,35.12646],[140.15688,35.12648],[140.15719,35.12657],[140.15758,35.1266],[140.15792,35.12657],[140.15831,35.12649],[140.15869,35.12637],[140.15918,35.12617],[140.15981,35.12586],[140.16019,35.1257],[140.16142,35.12524],[140.1619,35.12507],[140.16233,35.12494],[140.16264,35.12487],[140.16328,35.12481],[140.16388,35.12482],[140.16431,35.12486],[140.16456,35.12489],[140.16476,35.1249],[140.16493,35.12493],[140.16513,35.12498],[140.16563,35.12513],[140.16603,35.12526],[140.16645,35.12546],[140.16807,35.12627],[140.16826,35.12636],[140.16838,35.12641],[140.16884,35.12666],[140.16927,35.12687],[140.16982,35.12714],[140.17,35.12724],[140.1701,35.12729],[140.17059,35.12754],[140.17098,35.12773],[140.17133,35.12791],[140.17352,35.129],[140.174,35.12919],[140.1744,35.1293],[140.17468,35.12936],[140.17484,35.12939],[140.17513,35.12942],[140.17547,35.12945],[140.17582,35.12944],[140.17636,35.12941],[140.17669,35.12936],[140.17908,35.12891],[140.18379,35.12801],[140.18403,35.12798],[140.18424,35.12795],[140.18477,35.12792],[140.1855,35.12796],[140.18601,35.12801],[140.18605,35.12803],[140.18645,35.12807],[140.18682,35.12813],[140.18701,35.12817],[140.18723,35.12821],[140.18759,35.12827],[140.18788,35.12831],[140.18852,35.12842]],[[140.39133,35.28326],[140.3913,35.28334],[140.39112,35.2838],[140.39108,35.28392],[140.39024,35.28606],[140.39011,35.28639],[140.38976,35.28722],[140.38974,35.28728],[140.38967,35.28742],[140.38962,35.28753],[140.38938,35.28805],[140.38891,35.28892],[140.38856,35.28958],[140.38799,35.29064],[140.38791,35.29078],[140.38773,35.29112],[140.38748,35.29159],[140.38689,35.29268],[140.3866,35.29318],[140.38631,35.29373],[140.38623,35.29387],[140.38599,35.29428],[140.38592,35.2944],[140.38563,35.29486],[140.38558,35.29494],[140.38529,35.29541],[140.38519,35.29558]],[[140.30555,35.426],[140.30259,35.42766]],[[140.31283,35.15309],[140.31412,35.15386],[140.31434,35.15399],[140.31504,35.1544],[140.31546,35.15466]],[[140.22531,35.11821],[140.22611,35.1183]],[[140.17925,35.56224],[140.18028,35.56134],[140.18056,35.56111],[140.18081,35.56093],[140.18104,35.56076],[140.18161,35.56041],[140.18206,35.56019],[140.18261,35.55992],[140.18343,35.55952],[140.18465,35.55892],[140.18539,35.55856],[140.18808,35.55724],[140.18937,35.55658],[140.1906,35.55608],[140.19209,35.55546],[140.19409,35.55464],[140.19433,35.55454],[140.19739,35.55328],[140.20089,35.55187],[140.20186,35.55146],[140.20362,35.55074],[140.20729,35.54923],[140.20744,35.54917],[140.21018,35.54808],[140.21055,35.54794],[140.21064,35.5479],[140.21251,35.54737],[140.21288,35.54727]],[[140.3348,35.17082],[140.33554,35.17151],[140.3369,35.17249],[140.33776,35.17314],[140.33996,35.17475],[140.34179,35.1761],[140.34213,35.17635],[140.34269,35.17687],[140.3436,35.17771],[140.34412,35.17826],[140.34454,35.17875],[140.34511,35.17946],[140.34596,35.18051],[140.34662,35.18139],[140.34699,35.18189],[140.34721,35.18217]],[[140.10431,35.10822],[140.10571,35.10964],[140.10601,35.10996],[140.1064,35.11037],[140.1067,35.11067],[140.10705,35.11103],[140.10743,35.11141],[140.10754,35.11152],[140.10837,35.11238],[140.10884,35.11285],[140.10904,35.11305],[140.10965,35.11368],[140.1097,35.11372],[140.11011,35.11415],[140.11024,35.1143],[140.1103,35.11435],[140.11084,35.1149],[140.11113,35.1152],[140.11196,35.11598],[140.11237,35.11635],[140.11283,35.11677],[140.11312,35.11702],[140.11381,35.11759],[140.11422,35.11789],[140.11495,35.11843],[140.11582,35.11893],[140.11594,35.11901],[140.11619,35.11916],[140.11681,35.11952],[140.11741,35.11986],[140.11751,35.11992],[140.11776,35.12006],[140.11802,35.12021],[140.11896,35.12075],[140.12024,35.12149],[140.12136,35.12216],[140.12175,35.12237],[140.12184,35.12242],[140.12245,35.12278],[140.12268,35.12292],[140.12324,35.12326],[140.12342,35.12336],[140.12362,35.12347],[140.12368,35.12351],[140.12404,35.12372],[140.12436,35.12387],[140.12443,35.12389],[140.12485,35.12406],[140.12538,35.12424],[140.12577,35.12436],[140.12582,35.12437],[140.12637,35.12448],[140.12682,35.12453],[140.12711,35.12455],[140.1286,35.12454],[140.12913,35.12452],[140.12941,35.1245],[140.13018,35.12441],[140.13057,35.12434],[140.13079,35.12429],[140.13236,35.12381],[140.13402,35.12328],[140.13414,35.12324],[140.13432,35.12319],[140.13504,35.12297],[140.13533,35.12287],[140.13645,35.12252],[140.13937,35.12163],[140.1394,35.12161],[140.1398,35.1215],[140.14021,35.12141],[140.14077,35.12132],[140.14104,35.1213],[140.14143,35.1213],[140.14179,35.12132],[140.14214,35.12137],[140.14238,35.12143],[140.14267,35.12149],[140.14331,35.12173],[140.14362,35.12184],[140.14386,35.12193],[140.14475,35.12224],[140.14478,35.12225],[140.14529,35.12243],[140.14536,35.12246],[140.14544,35.12248],[140.14609,35.12271],[140.14631,35.12279],[140.14639,35.12282],[140.1469,35.123],[140.14728,35.12313],[140.14782,35.12333],[140.14788,35.12334],[140.14794,35.12338],[140.14808,35.12341],[140.14839,35.12353],[140.1492,35.12381],[140.14998,35.12409],[140.15045,35.12425],[140.15047,35.12427],[140.15084,35.1244],[140.15092,35.12442],[140.15113,35.1245],[140.15142,35.1246],[140.15166,35.12469],[140.15212,35.12485],[140.15296,35.12515],[140.15328,35.12526],[140.15378,35.12543],[140.15384,35.12546]],[[140.10311,35.10702],[140.10431,35.10822]]]}},{"properties":{"name":"大糸線","uri":"https://uedayou.net/jrslod/東日本旅客鉄道/大糸線","color":"9370DB"},"type":"Feature","geometry":{"type":"MultiLineString","coordinates":[[[137.90894,36.77527],[137.90872,36.77501],[137.90845,36.7747],[137.9082,36.77441],[137.908,36.7742],[137.90782,36.774]],[[137.90075,36.76291],[137.9007,36.76273],[137.90066,36.76262],[137.90063,36.76251],[137.9005,36.7622],[137.90033,36.76182],[137.90017,36.76153],[137.90001,36.7612],[137.89963,36.76043],[137.89954,36.76024],[137.8995,36.76015],[137.89941,36.75994],[137.89928,36.75962],[137.89918,36.75936],[137.89903,36.75899],[137.89893,36.7587],[137.89882,36.75836],[137.89874,36.75805],[137.8987,36.75781],[137.89867,36.75749],[137.89866,36.75726],[137.89851,36.7568],[137.89829,36.7563],[137.89807,36.75581],[137.89792,36.75551],[137.89779,36.75532],[137.89767,36.75518],[137.89733,36.75487],[137.89707,36.75463],[137.89619,36.75382],[137.896,36.75365],[137.89574,36.75347],[137.89542,36.75328],[137.89474,36.75307],[137.89404,36.75286],[137.89362,36.75268],[137.8933,36.75247],[137.89297,36.7522],[137.89266,36.75189],[137.89237,36.75148],[137.89219,36.75118],[137.89205,36.75082],[137.89191,36.74982],[137.89162,36.74769],[137.89158,36.74748],[137.89145,36.74717],[137.89132,36.74696],[137.89111,36.7467],[137.89083,36.74646],[137.89053,36.74625],[137.89032,36.74611],[137.88995,36.74596],[137.88961,36.74584],[137.88927,36.74571],[137.88892,36.74556],[137.88866,36.74539],[137.88845,36.7452],[137.88829,36.74501],[137.88813,36.74476],[137.88806,36.74458],[137.88796,36.74431],[137.88786,36.74413],[137.88762,36.74375],[137.88743,36.74349],[137.88718,36.74324],[137.88659,36.74278],[137.88631,36.74255],[137.88599,36.74227],[137.88579,36.74206],[137.88565,36.74185],[137.88553,36.74162],[137.88547,36.7414],[137.88542,36.74115],[137.88541,36.74095],[137.88544,36.74071]],[[137.85455,36.6055],[137.85499,36.60583],[137.85542,36.60615]],[[137.84261,36.55378],[137.84262,36.55444]],[[137.84656,36.53511],[137.84594,36.53617]],[[137.84192,36.63744],[137.84228,36.63779],[137.84236,36.63792],[137.8424,36.63803],[137.84245,36.63816],[137.84251,36.63836],[137.84255,36.63849],[137.8426,36.63872],[137.84263,36.639],[137.84264,36.63923],[137.84261,36.64096],[137.84253,36.64371],[137.84254,36.64387],[137.84267,36.64476],[137.84275,36.6452],[137.84281,36.64622],[137.84286,36.64638],[137.84293,36.64655],[137.84306,36.64675],[137.84339,36.64724],[137.84391,36.64802],[137.84402,36.64823],[137.84422,36.64871],[137.84425,36.64885],[137.84426,36.64898],[137.84423,36.64917],[137.84411,36.64966],[137.84405,36.65013],[137.84406,36.65042],[137.84409,36.65069],[137.84416,36.65103],[137.84425,36.6513],[137.84438,36.65161],[137.84454,36.65189],[137.84468,36.65215],[137.84477,36.6523],[137.84588,36.65361],[137.84598,36.65377],[137.84607,36.65395],[137.84613,36.65411],[137.84618,36.65432],[137.84636,36.65565],[137.84638,36.65579],[137.8464,36.65595],[137.84646,36.65668],[137.84653,36.65748]],[[137.85824,36.51734],[137.85789,36.51787]],[[137.84996,36.67031],[137.85036,36.6709]],[[137.84653,36.65748],[137.8466,36.65814],[137.8467,36.65904]],[[137.86142,36.49977],[137.86128,36.49955],[137.86105,36.49917],[137.86045,36.49818],[137.86027,36.49788],[137.85784,36.49394],[137.85666,36.49202]],[[137.85789,36.51787],[137.85751,36.51846],[137.85712,36.51905],[137.85701,36.51921],[137.85681,36.51951],[137.85643,36.52009],[137.85611,36.52057],[137.85575,36.52113],[137.85547,36.52155],[137.85542,36.52162],[137.85507,36.52214],[137.85474,36.52265],[137.85436,36.52322],[137.85403,36.52373],[137.85334,36.52478],[137.85291,36.52543],[137.85288,36.52547],[137.85264,36.52584],[137.85228,36.52638],[137.85196,36.52687],[137.85177,36.52716],[137.85157,36.52748],[137.8513,36.52789],[137.85129,36.52791],[137.85087,36.52853],[137.85055,36.52902],[137.85019,36.52956],[137.84988,36.53005],[137.84952,36.5306],[137.84919,36.53109],[137.84882,36.53165],[137.84862,36.53196],[137.84815,36.53267],[137.84721,36.53409],[137.84718,36.53416],[137.84656,36.53511]],[[137.84134,36.63691],[137.84163,36.63718],[137.84192,36.63744]],[[137.85036,36.6709],[137.85159,36.67314],[137.85175,36.67344],[137.85309,36.67586],[137.85451,36.67848],[137.85505,36.67948],[137.85556,36.68044],[137.85572,36.68074],[137.85604,36.68137],[137.85835,36.68575],[137.85856,36.68614],[137.86279,36.69401],[137.86293,36.69429],[137.86349,36.69528]],[[137.88564,36.7392],[137.88544,36.74071]],[[137.90782,36.774],[137.90762,36.77375],[137.90708,36.77308],[137.90648,36.77233],[137.90634,36.77211],[137.90621,36.77189],[137.90611,36.77165],[137.90604,36.77133],[137.90602,36.77065],[137.90605,36.77026],[137.90606,36.77016],[137.90622,36.76953],[137.90622,36.7694],[137.9062,36.76926],[137.90613,36.769],[137.90608,36.7689],[137.9059,36.7686],[137.90578,36.76846],[137.90559,36.7683],[137.90533,36.76813],[137.90504,36.76794],[137.90452,36.76759],[137.90382,36.76712],[137.90327,36.76676],[137.90311,36.76666],[137.90224,36.76607],[137.90216,36.76602],[137.9018,36.76572],[137.90168,36.76558],[137.90154,36.76539],[137.90147,36.76522],[137.90103,36.76382],[137.90095,36.76357]],[[137.84261,36.55378],[137.84261,36.55272],[137.84261,36.55136],[137.84261,36.55088],[137.84261,36.55037],[137.84261,36.54964],[137.84263,36.54937],[137.84268,36.54914],[137.84276,36.54889],[137.84293,36.54834],[137.84324,36.54748],[137.84341,36.54693],[137.84362,36.54634],[137.84371,36.54614],[137.84391,36.54582],[137.84398,36.54569],[137.8441,36.54536],[137.84416,36.54513],[137.84419,36.54488],[137.84421,36.54467],[137.84421,36.54457],[137.84417,36.5441],[137.84412,36.54378],[137.84402,36.5431],[137.84396,36.54275],[137.84395,36.54266],[137.84395,36.54231],[137.84398,36.54189],[137.84402,36.54158],[137.8441,36.54098],[137.84418,36.54038],[137.84426,36.53975],[137.84432,36.53921],[137.84437,36.539],[137.84447,36.53872],[137.84477,36.53819],[137.84504,36.53773],[137.84568,36.53662],[137.84594,36.53617]],[[137.87262,36.71133],[137.87523,36.71217],[137.87577,36.71234],[137.87956,36.71354],[137.87999,36.71368],[137.88022,36.71376],[137.88037,36.71385],[137.88053,36.71395],[137.88083,36.71422],[137.88128,36.71465],[137.88148,36.71487],[137.88158,36.71502],[137.88165,36.71519],[137.88245,36.71736],[137.88252,36.71751],[137.8826,36.71767],[137.88268,36.71778],[137.88305,36.71822],[137.88335,36.71856],[137.88406,36.71935],[137.88441,36.71978],[137.8847,36.7201],[137.88485,36.72034],[137.88491,36.72053],[137.88496,36.7208],[137.88497,36.72108],[137.88496,36.7213],[137.88485,36.72168],[137.88477,36.72198],[137.8847,36.72226],[137.88468,36.72242],[137.88466,36.72258],[137.88465,36.7228],[137.88466,36.72302],[137.88469,36.72317],[137.88476,36.72334],[137.88486,36.72349],[137.88591,36.7249],[137.88612,36.72515],[137.8863,36.72527],[137.88667,36.7255],[137.88687,36.72564],[137.88702,36.72578],[137.88715,36.72593],[137.88721,36.72609],[137.88725,36.72626],[137.88728,36.72643],[137.88751,36.73],[137.88751,36.73028],[137.8875,36.73041],[137.88744,36.73061],[137.88741,36.73071],[137.88737,36.73082],[137.88583,36.73465],[137.88569,36.73505],[137.88565,36.73525],[137.88562,36.73545],[137.88563,36.73568],[137.88566,36.73591],[137.88572,36.73607],[137.88584,36.73645],[137.88592,36.7367],[137.88593,36.73693],[137.88593,36.7371],[137.88591,36.7373],[137.88564,36.7392]],[[137.90095,36.76357],[137.90075,36.76291]],[[137.85824,36.51734],[137.85852,36.51692],[137.85901,36.51617],[137.85949,36.51544],[137.85984,36.51484],[137.86,36.51453],[137.86014,36.51419],[137.86028,36.51383],[137.8603,36.51374],[137.86053,36.51314],[137.86071,36.51266],[137.86095,36.51203],[137.86113,36.51156],[137.86136,36.51096],[137.86155,36.51042],[137.86184,36.50966],[137.86208,36.50903],[137.86212,36.50893],[137.86268,36.50741],[137.86326,36.50583],[137.86351,36.50525],[137.86361,36.50493],[137.86368,36.5046],[137.86372,36.50424],[137.86373,36.50389],[137.8637,36.50362],[137.86359,36.50333],[137.86347,36.50309],[137.86316,36.50263],[137.86277,36.50205],[137.86231,36.50124],[137.86207,36.50085]],[[137.84262,36.55444],[137.84262,36.55524],[137.84264,36.55599],[137.84266,36.55627],[137.8427,36.55651],[137.84278,36.55675],[137.84287,36.55697],[137.84289,36.55701],[137.84323,36.55763],[137.84338,36.55793],[137.84352,36.55824],[137.84364,36.55869],[137.8437,36.55902],[137.84369,36.55967],[137.8437,36.55997],[137.84377,36.56027],[137.84386,36.56064],[137.8441,36.56143],[137.84414,36.56166],[137.84417,36.5619],[137.84416,36.56216],[137.84411,36.56243],[137.84405,36.5626],[137.84391,36.5629],[137.84378,36.56318],[137.84367,36.56337],[137.84359,36.56348],[137.84341,36.56373],[137.84317,36.56403],[137.84241,36.56497],[137.84205,36.56542]],[[137.86349,36.69528],[137.8643,36.69674]],[[137.85542,36.60615],[137.85578,36.60645],[137.85597,36.60658],[137.8562,36.60672],[137.85633,36.60682],[137.85648,36.60696],[137.85722,36.60788],[137.85763,36.6084],[137.85774,36.60858],[137.85775,36.60861],[137.85785,36.6088],[137.85796,36.60908],[137.85806,36.60939],[137.8583,36.61027],[137.85846,36.61093],[137.85852,36.61116],[137.85858,36.6113],[137.85872,36.61154],[137.85885,36.61177],[137.85903,36.612],[137.85928,36.6123],[137.85951,36.61253],[137.85962,36.61264],[137.85998,36.61325],[137.8604,36.61408],[137.86048,36.61427],[137.86051,36.61444],[137.86049,36.61462],[137.86039,36.61588],[137.8603,36.61714],[137.86026,36.61761],[137.86027,36.61853],[137.86026,36.61872],[137.86022,36.61892],[137.86017,36.61913],[137.86005,36.61935],[137.85984,36.61965],[137.85957,36.61996],[137.85926,36.62025],[137.85902,36.62041],[137.85875,36.62056],[137.85852,36.62065],[137.85833,36.62072],[137.85819,36.62075],[137.85801,36.62077],[137.85714,36.62076],[137.85627,36.62071],[137.85602,36.62073],[137.85575,36.62076],[137.85548,36.62081],[137.85522,36.62087],[137.855,36.62096],[137.85476,36.62109],[137.85455,36.62122],[137.85426,36.62147],[137.8541,36.62162],[137.85393,36.62181],[137.85343,36.62249],[137.85229,36.62401],[137.85212,36.62421],[137.85194,36.62438],[137.85169,36.62456],[137.85146,36.62473],[137.85117,36.62489],[137.85096,36.62496],[137.85071,36.62501],[137.85036,36.62503],[137.85005,36.62503],[137.84971,36.62499],[137.84906,36.62487],[137.84858,36.62475],[137.84781,36.62452],[137.84754,36.62451],[137.84678,36.62455],[137.84621,36.6246],[137.84566,36.62469],[137.84424,36.62493],[137.84393,36.62498],[137.84358,36.62509],[137.84323,36.62522],[137.84297,36.62537],[137.8428,36.6255],[137.84262,36.62568],[137.84247,36.62586],[137.84222,36.62625],[137.84213,36.62652],[137.8421,36.62671],[137.8421,36.627],[137.84212,36.62735],[137.84219,36.62812],[137.84235,36.62982],[137.84236,36.62998],[137.84236,36.63014],[137.84227,36.63094],[137.84222,36.63117],[137.84215,36.63137],[137.84206,36.63158],[137.84197,36.63176],[137.84179,36.63212],[137.84089,36.63381],[137.84049,36.63453],[137.84042,36.63472],[137.8404,36.63487],[137.84043,36.63549],[137.84045,36.63564],[137.84051,36.63584],[137.84058,36.63604],[137.84067,36.63622],[137.84078,36.63637],[137.84134,36.63691]],[[137.84205,36.56542],[137.84164,36.56594]],[[137.8467,36.65904],[137.84684,36.65981],[137.84697,36.66109],[137.84703,36.66166],[137.84712,36.66248],[137.84721,36.66369],[137.84726,36.66405],[137.84745,36.66529],[137.84751,36.66553],[137.84763,36.66592],[137.84769,36.66608],[137.84873,36.66787],[137.84921,36.66875],[137.8496,36.66974],[137.84996,36.67031]],[[137.86207,36.50085],[137.86183,36.50048],[137.86143,36.49979],[137.86142,36.49977]],[[137.8643,36.69674],[137.86556,36.69908],[137.86659,36.70093],[137.86721,36.70213],[137.86747,36.70357],[137.86776,36.70505],[137.86797,36.70604],[137.86812,36.70669],[137.86826,36.70735],[137.86839,36.70771],[137.86859,36.70812],[137.8688,36.70842],[137.86929,36.7091],[137.8696,36.70947],[137.86991,36.70981],[137.87048,36.71025],[137.87124,36.71069]],[[137.84164,36.56594],[137.84122,36.56645],[137.84069,36.56711],[137.84064,36.56716],[137.83969,36.56833],[137.83951,36.56855],[137.83907,36.56909],[137.8388,36.56942],[137.83868,36.56956],[137.83849,36.56984],[137.83843,36.56996],[137.83826,36.5703],[137.8382,36.57052],[137.83817,36.57077],[137.83807,36.5719],[137.83795,36.57302],[137.83791,36.57348],[137.83785,36.57414],[137.83783,36.57444],[137.83778,36.57504],[137.83769,36.57599],[137.8376,36.57727],[137.83757,36.57765],[137.83752,36.57865],[137.83752,36.57902],[137.83755,36.57938],[137.83762,36.58018],[137.83769,36.58043],[137.83778,36.58061],[137.83792,36.58087],[137.83807,36.58111],[137.83832,36.58141],[137.83857,36.58167],[137.83881,36.58188],[137.83905,36.58205],[137.83954,36.58236],[137.83972,36.58252],[137.83974,36.58253],[137.83987,36.58269],[137.83997,36.58287],[137.84014,36.58326],[137.84023,36.58363],[137.84036,36.58417],[137.84062,36.58528],[137.84078,36.58594],[137.84089,36.58642],[137.84109,36.58726],[137.84131,36.58794],[137.84144,36.58828],[137.84165,36.58878],[137.84173,36.58893],[137.8418,36.58905],[137.84208,36.58962],[137.84242,36.59039],[137.84246,36.59046],[137.84252,36.59058],[137.84265,36.59079],[137.84277,36.59099],[137.84283,36.59108],[137.84287,36.59114],[137.84304,36.59143],[137.84318,36.59167],[137.84328,36.59192],[137.84437,36.59408]],[[137.85666,36.49202],[137.85588,36.49105]],[[137.87124,36.71069],[137.87157,36.71086],[137.87191,36.71104],[137.87262,36.71133]],[[137.84437,36.59408],[137.84494,36.59511],[137.84518,36.59555]],[[137.84518,36.59555],[137.8454,36.59602],[137.84558,36.59641],[137.84584,36.59704],[137.84605,36.59754],[137.84621,36.59789],[137.84683,36.59907],[137.84743,36.60006],[137.84783,36.60068],[137.84796,36.60084],[137.84808,36.60098],[137.84822,36.60114],[137.84855,36.60146],[137.84871,36.60162],[137.84895,36.60184],[137.84922,36.60206],[137.84944,36.60222],[137.84967,36.60237],[137.85003,36.60258],[137.85033,36.60275],[137.85058,36.60288],[137.85089,36.60303],[137.85156,36.60333],[137.85181,36.60346],[137.85199,36.60356],[137.8522,36.60373],[137.85455,36.6055]],[[137.95468,36.2419],[137.95477,36.24183],[137.95598,36.24097],[137.95704,36.24022],[137.95859,36.23918],[137.95957,36.23849],[137.95977,36.23834],[137.95989,36.23824],[137.96034,36.23779],[137.96068,36.23744]],[[137.96405,36.2314],[137.9635,36.23249],[137.9624,36.23464],[137.9619,36.23561],[137.96147,36.23639]],[[137.9652,36.22914],[137.96405,36.2314]],[[137.96147,36.23639],[137.96126,36.2367],[137.96113,36.23687],[137.96096,36.23709],[137.96068,36.23744]],[[137.87852,36.35927],[137.87825,36.36001],[137.87797,36.36075]],[[137.94441,36.24706],[137.94428,36.24711],[137.94399,36.24719],[137.94375,36.24721],[137.94352,36.24723],[137.94329,36.24722],[137.94321,36.24722],[137.94285,36.2472],[137.94129,36.24707],[137.93943,36.24693],[137.93824,36.24683],[137.9371,36.24675],[137.93535,36.24661],[137.93218,36.24637]],[[137.88172,36.33984],[137.88167,36.34025],[137.8817,36.34107],[137.88179,36.34203],[137.88188,36.34297],[137.88204,36.34499],[137.88235,36.34822],[137.8823,36.34876],[137.88225,36.34899],[137.88202,36.35007],[137.88193,36.35032],[137.88168,36.35096],[137.88133,36.35187],[137.88098,36.35279],[137.8802,36.35484],[137.87907,36.35783],[137.87852,36.35927]],[[137.8658,36.39676],[137.86577,36.39738]],[[137.90132,36.29944],[137.90056,36.3006]],[[137.86259,36.40669],[137.86147,36.40871],[137.86051,36.41049],[137.86045,36.41064],[137.86041,36.41084],[137.8602,36.4119],[137.85936,36.41655],[137.85907,36.41825],[137.85896,36.41977],[137.85895,36.42001],[137.85884,36.42125],[137.8588,36.42171],[137.85867,36.42314],[137.85863,36.42357]],[[137.87797,36.36075],[137.87722,36.36272],[137.87714,36.36294],[137.87671,36.36406],[137.8763,36.36518],[137.87598,36.36598],[137.87588,36.36617],[137.87308,36.37131]],[[137.84704,36.46796],[137.84728,36.46678]],[[137.93106,36.24629],[137.93025,36.24623],[137.92837,36.2461],[137.92731,36.24601],[137.92681,36.246],[137.92639,36.24602],[137.92602,36.24607],[137.92564,36.24616],[137.9252,36.2463],[137.92475,36.24646],[137.92433,36.24664],[137.92402,36.24679],[137.92227,36.24765],[137.92167,36.24798],[137.92041,36.24874],[137.92028,36.24882],[137.91915,36.2495],[137.91914,36.24951],[137.91892,36.24965],[137.9187,36.24979]],[[137.9187,36.24979],[137.91808,36.25018],[137.91746,36.25058]],[[137.85455,36.4481],[137.85498,36.44751]],[[137.9035,36.29159],[137.90353,36.29385],[137.90351,36.29457],[137.90348,36.29499],[137.90322,36.29609],[137.90298,36.29664],[137.9027,36.2972],[137.90132,36.29944]],[[137.84728,36.46678],[137.84766,36.4649],[137.84817,36.46232],[137.84928,36.45658],[137.84941,36.456],[137.84954,36.45536],[137.84964,36.45489],[137.84972,36.45462],[137.84991,36.45424],[137.85022,36.45377],[137.85063,36.45325],[137.85267,36.45055],[137.85455,36.4481]],[[137.85498,36.44751],[137.85608,36.44612],[137.85609,36.4461],[137.85679,36.44516],[137.857,36.44487],[137.85721,36.44453],[137.85737,36.44414],[137.85756,36.44362],[137.85765,36.44315],[137.8577,36.44262],[137.85772,36.44227],[137.85768,36.44186],[137.85761,36.44143],[137.85753,36.44081],[137.85744,36.44026],[137.85739,36.43991],[137.85737,36.43944],[137.85749,36.43768],[137.85751,36.4374],[137.85769,36.43508],[137.85775,36.43437],[137.85789,36.43285],[137.85798,36.43176],[137.85804,36.43103],[137.85813,36.42989],[137.85825,36.42859],[137.85843,36.42676],[137.85852,36.42538]],[[137.95468,36.2419],[137.9538,36.24242],[137.95323,36.24273],[137.9527,36.24297],[137.95083,36.24375],[137.95035,36.24395],[137.94986,36.24415],[137.94905,36.24448],[137.94824,36.24482],[137.94796,36.24493],[137.94768,36.24504],[137.94732,36.2452],[137.94715,36.2453],[137.94578,36.2463],[137.94512,36.24675]],[[137.85852,36.42538],[137.85863,36.42357]],[[137.87308,36.37131],[137.87247,36.37242]],[[137.90348,36.29039],[137.90349,36.29099],[137.9035,36.29159]],[[137.86287,36.40619],[137.86259,36.40669]],[[137.88819,36.32306],[137.88713,36.32632],[137.88667,36.32784],[137.88599,36.33007],[137.88461,36.33442],[137.88434,36.335],[137.8835,36.33645],[137.88293,36.3373],[137.88228,36.33832]],[[137.85588,36.49105],[137.85531,36.49056],[137.85451,36.49002],[137.85427,36.48986],[137.85397,36.48966],[137.85371,36.48948],[137.85359,36.48938],[137.85226,36.48836],[137.85158,36.48783],[137.85117,36.48753],[137.8486,36.48563],[137.84794,36.48513],[137.84778,36.48501],[137.84694,36.4844],[137.84664,36.48417],[137.84634,36.48381],[137.8461,36.48337],[137.84518,36.48036],[137.84499,36.4797],[137.84484,36.47923],[137.84481,36.47904],[137.84484,36.47871],[137.84515,36.47721],[137.84522,36.47685],[137.8459,36.47369],[137.84667,36.46981],[137.84704,36.46796]],[[137.90331,36.27446],[137.90332,36.27634],[137.90332,36.27673],[137.90335,36.27923],[137.90338,36.28159],[137.90342,36.28372],[137.90345,36.28536],[137.90345,36.2857],[137.90345,36.28635],[137.90345,36.28758],[137.90348,36.29039]],[[137.90351,36.26064],[137.9031,36.26109],[137.9029,36.26132],[137.90275,36.26152],[137.9025,36.2619],[137.9023,36.2623],[137.90211,36.2627],[137.90193,36.26326],[137.90187,36.26353],[137.90187,36.26378],[137.90189,36.26399],[137.90193,36.26422],[137.90198,36.2644],[137.90218,36.26516],[137.90312,36.26872],[137.90322,36.26944],[137.90326,36.27156],[137.90327,36.27221],[137.90329,36.27331]],[[137.93218,36.24637],[137.93162,36.24633],[137.93106,36.24629]],[[137.90056,36.3006],[137.8999,36.3016],[137.89948,36.30213],[137.8991,36.30259],[137.89605,36.30628],[137.89291,36.31007],[137.89273,36.31028],[137.89257,36.31048],[137.8922,36.31098],[137.89189,36.31148],[137.89162,36.31206],[137.89156,36.3122],[137.89126,36.31315],[137.89061,36.31524],[137.8902,36.31655],[137.88985,36.31761],[137.8894,36.31901],[137.88898,36.32042],[137.88853,36.32189]],[[137.86577,36.39738],[137.86576,36.39763],[137.86571,36.39845],[137.86562,36.40025],[137.8655,36.40112],[137.86543,36.40148],[137.86328,36.40547],[137.86287,36.40619]],[[137.88228,36.33832],[137.88206,36.33868],[137.88188,36.33904],[137.88177,36.3394],[137.88172,36.33984]],[[137.90329,36.27331],[137.90331,36.27446]],[[137.88853,36.32189],[137.88819,36.32306]],[[137.87247,36.37242],[137.87246,36.37243],[137.87192,36.37358],[137.87182,36.37373],[137.87162,36.37409],[137.87113,36.37611],[137.87063,36.37811],[137.87049,36.37868],[137.87035,36.37917],[137.87022,36.37948],[137.86912,36.38157],[137.86797,36.38376],[137.86676,36.386],[137.86657,36.38648],[137.86649,36.38669],[137.86635,36.38709],[137.86632,36.38738],[137.8663,36.38775],[137.86625,36.38878],[137.86613,36.39041],[137.86593,36.39449],[137.8658,36.39676]],[[137.91746,36.25058],[137.91683,36.25103],[137.91662,36.25117],[137.91641,36.25132],[137.9149,36.25228],[137.91472,36.25239],[137.91356,36.25313],[137.91274,36.25364],[137.91258,36.25373],[137.91027,36.25517],[137.90838,36.25633],[137.90685,36.25728],[137.90613,36.25773],[137.90576,36.25805],[137.90554,36.25826],[137.90509,36.25877],[137.90445,36.25953]],[[137.94512,36.24675],[137.94476,36.24691],[137.94441,36.24706]],[[137.90445,36.25953],[137.90351,36.26064]]]}},{"properties":{"name":"川越線","uri":"https://uedayou.net/jrslod/東日本旅客鉄道/川越線","color":"2E8B57"},"type":"Feature","geometry":{"type":"MultiLineString","coordinates":[[[139.46062,35.91898],[139.46187,35.91877],[139.46223,35.91871],[139.46426,35.91837],[139.46619,35.91804],[139.46733,35.91786],[139.46909,35.91749],[139.46942,35.9174],[139.46972,35.91726],[139.4716,35.91612],[139.4724,35.9156],[139.47261,35.91547],[139.47375,35.91475],[139.47513,35.91387],[139.47568,35.91351],[139.47703,35.91265],[139.47776,35.91218],[139.47843,35.91177],[139.47922,35.91124],[139.47965,35.91092],[139.47984,35.91071],[139.48004,35.91049],[139.48044,35.91002],[139.48092,35.90944],[139.48132,35.90899],[139.48155,35.9087],[139.48179,35.90842],[139.48216,35.90792],[139.48268,35.90724]],[[139.40566,35.90739],[139.40686,35.90777]],[[139.45925,35.91921],[139.46062,35.91898]],[[139.43603,35.91776],[139.4374,35.9183],[139.4391,35.91892],[139.44076,35.91957],[139.44153,35.91987],[139.44211,35.92009],[139.44282,35.92033],[139.44349,35.92055],[139.44409,35.92071],[139.44482,35.92089],[139.44551,35.92102],[139.44619,35.92109],[139.4469,35.92112],[139.44757,35.92112],[139.44831,35.92107],[139.44897,35.92097],[139.44967,35.92085],[139.45033,35.92074],[139.45044,35.92072],[139.45075,35.92067],[139.45105,35.92062],[139.45136,35.92058],[139.45273,35.92036],[139.45389,35.9202],[139.45433,35.92014],[139.45497,35.92002],[139.45511,35.91999],[139.4554,35.91993],[139.45565,35.91987],[139.45588,35.91982],[139.45705,35.91961],[139.45812,35.91943],[139.45925,35.91921]],[[139.43479,35.91732],[139.43603,35.91776]],[[139.40686,35.90777],[139.40754,35.90796],[139.4084,35.90822],[139.40948,35.90854],[139.41077,35.90893],[139.41217,35.90935],[139.41321,35.90965],[139.4148,35.91013],[139.415,35.91019],[139.41525,35.91027],[139.41603,35.9105],[139.41801,35.9111],[139.41994,35.91181],[139.42194,35.91255],[139.42372,35.9132],[139.42471,35.91357],[139.42531,35.91379],[139.42693,35.91439],[139.42892,35.91513],[139.43042,35.91568],[139.43137,35.91604],[139.43208,35.9163],[139.43336,35.91679],[139.43479,35.91732]],[[139.57935,35.92212],[139.58194,35.92304],[139.58392,35.92376],[139.58581,35.92442],[139.58814,35.92523],[139.58861,35.9254],[139.5913,35.92635],[139.59392,35.92726],[139.59703,35.92838],[139.59879,35.92898],[139.59918,35.92911],[139.60051,35.9296],[139.6028,35.9304],[139.60328,35.93058],[139.60532,35.93128]],[[139.56559,35.91719],[139.56435,35.91674]],[[139.60532,35.93128],[139.6068,35.93178]],[[139.62381,35.90445],[139.62313,35.906],[139.62235,35.90806]],[[139.56435,35.91674],[139.56404,35.91662],[139.56377,35.91651],[139.56287,35.91615],[139.56077,35.91523],[139.56028,35.91499],[139.55979,35.91474],[139.55915,35.91433],[139.55858,35.91389],[139.55715,35.91274],[139.5545,35.9106],[139.55336,35.90969],[139.55197,35.90858],[139.55074,35.9076],[139.54851,35.90583],[139.54798,35.9054],[139.54739,35.90496],[139.54664,35.9045],[139.54637,35.90434],[139.54573,35.90405],[139.54549,35.90398],[139.54493,35.90381],[139.54427,35.90372],[139.54232,35.90368],[139.53821,35.90362],[139.53445,35.90356],[139.53408,35.90356],[139.52951,35.90353],[139.52639,35.90352],[139.52584,35.90352],[139.52319,35.90348],[139.52164,35.9034],[139.52007,35.90327]],[[139.52007,35.90327],[139.51824,35.90309]],[[139.48268,35.90724],[139.48301,35.90688],[139.48373,35.90613]],[[139.37028,35.90158],[139.37062,35.90162],[139.37127,35.9017],[139.37161,35.90175],[139.37179,35.90178],[139.37196,35.90179]],[[139.37196,35.90179],[139.37216,35.90184],[139.37342,35.90213],[139.37443,35.90241],[139.37539,35.90271],[139.37573,35.90283],[139.3765,35.90309],[139.37829,35.90368],[139.37958,35.90409],[139.38022,35.9043],[139.38199,35.90488],[139.38303,35.90522],[139.38351,35.90536],[139.38428,35.90551],[139.3846,35.90554],[139.3862,35.90564],[139.38773,35.90573],[139.39032,35.90594],[139.39056,35.90596],[139.39154,35.90602],[139.39222,35.90609],[139.39246,35.9061],[139.39256,35.90611],[139.3939,35.9062],[139.39467,35.90625],[139.39469,35.90625],[139.39647,35.90637],[139.39804,35.90649],[139.39938,35.90659],[139.40086,35.9067],[139.40205,35.90679],[139.403,35.90688],[139.40385,35.90701],[139.40477,35.90718],[139.40519,35.90726],[139.40563,35.90739],[139.40566,35.90739]],[[139.51824,35.90309],[139.51499,35.90279],[139.5122,35.90254],[139.51176,35.9025],[139.50866,35.90222],[139.50779,35.90214],[139.50576,35.90195],[139.50345,35.90173],[139.4997,35.90139],[139.49678,35.90111],[139.49511,35.90098],[139.49437,35.90094],[139.49393,35.90091],[139.49123,35.90072],[139.49076,35.90067],[139.49032,35.90067],[139.48933,35.90073],[139.48903,35.9008],[139.48833,35.90098],[139.48809,35.9011],[139.48773,35.90132],[139.48749,35.90152],[139.48716,35.90185],[139.48663,35.9027],[139.48614,35.90341],[139.48555,35.90419],[139.48504,35.90484],[139.48444,35.90548],[139.48402,35.90585],[139.48373,35.90613]],[[139.33694,35.89836],[139.33705,35.89818],[139.33757,35.8973],[139.33784,35.89688]],[[139.37028,35.90158],[139.37006,35.90156],[139.36992,35.90155],[139.36966,35.90154],[139.36752,35.90154],[139.36262,35.90155],[139.35644,35.9016],[139.35583,35.90161],[139.34735,35.9016],[139.34535,35.9016],[139.34455,35.9016],[139.34208,35.9016],[139.34029,35.90161],[139.3399,35.9016],[139.33962,35.90159],[139.33953,35.90158],[139.33943,35.90157],[139.33928,35.90155],[139.33917,35.90152],[139.33906,35.90149],[139.33898,35.90146],[139.33889,35.90143],[139.33873,35.90137],[139.33857,35.9013],[139.33843,35.90123],[139.33832,35.90118],[139.33811,35.90106],[139.33798,35.90097],[139.33786,35.90087],[139.33778,35.9008],[139.3377,35.90073],[139.33762,35.90066],[139.33749,35.90053],[139.33743,35.90045],[139.33735,35.90034],[139.33732,35.90029],[139.33728,35.90022],[139.33723,35.90014],[139.33716,35.89999],[139.3371,35.89988],[139.33706,35.89978],[139.337,35.89962],[139.33696,35.89946],[139.33693,35.89928],[139.33691,35.89905],[139.3369,35.89872],[139.33691,35.89856],[139.33694,35.89836]],[[139.33842,35.89586],[139.33784,35.89688]],[[139.56559,35.91719],[139.56788,35.91798],[139.56937,35.91851],[139.57206,35.91947],[139.57308,35.91987],[139.57467,35.92044],[139.57845,35.9218]],[[139.57845,35.9218],[139.5791,35.92203],[139.57935,35.92212]],[[139.62235,35.90806],[139.62235,35.908612],[139.622024,35.909669],[139.621582,35.911046],[139.62109,35.912509],[139.620655,35.913931],[139.62034,35.914894],[139.620154,35.91542],[139.619913,35.916254],[139.619602,35.91749],[139.61928,35.918819],[139.618968,35.920002],[139.618747,35.920719],[139.617622,35.923815],[139.617177,35.924937],[139.616698,35.926116],[139.615943,35.928498],[139.615161,35.929845],[139.614748,35.93045],[139.614315,35.930951],[139.61383,35.9314],[139.61339,35.93161],[139.61301,35.93179],[139.61264,35.93196],[139.61246,35.93204],[139.61212,35.93215],[139.6116,35.93228],[139.61129,35.93234],[139.61093,35.93238],[139.6104,35.93243],[139.60997,35.93243],[139.6097,35.93243],[139.60936,35.93242],[139.60887,35.93236],[139.60862,35.93232],[139.60814,35.93221],[139.60781,35.9321],[139.6068,35.93178]]]}},{"properties":{"name":"常磐線","uri":"https://uedayou.net/jrslod/東日本旅客鉄道/常磐線","color":"0000FF"},"type":"Feature","geometry":{"type":"MultiLineString","coordinates":[[[140.900808,37.924587],[140.899502,37.927296],[140.898911,37.928529],[140.898718,37.929003],[140.89855,37.929502],[140.8984,37.930069],[140.898289,37.930597],[140.898243,37.930873],[140.898217,37.931082],[140.898186,37.931369],[140.898168,37.93185],[140.898167,37.932322],[140.89819,37.93281],[140.89824,37.93321],[140.898331,37.933746],[140.898423,37.934149],[140.898576,37.934709],[140.89891,37.93595],[140.899295,37.937381],[140.899423,37.937898],[140.899543,37.938527],[140.899657,37.939254],[140.899734,37.939979],[140.89975,37.94039],[140.899773,37.940927],[140.899758,37.941396],[140.899725,37.94215],[140.899686,37.942522],[140.899654,37.942759],[140.899611,37.943096],[140.899497,37.943751],[140.899353,37.944429],[140.899184,37.945072],[140.898993,37.945681],[140.898722,37.946422],[140.898401,37.94717],[140.898087,37.947809],[140.897682,37.948569],[140.897321,37.949147],[140.896909,37.949766],[140.896058,37.950921],[140.89468,37.952761],[140.894123,37.953517],[140.893523,37.954338],[140.893009,37.955105],[140.89261,37.955787],[140.892378,37.95622],[140.89194,37.957117],[140.891616,37.957926],[140.891403,37.958524],[140.890718,37.960676],[140.890058,37.962769],[140.889369,37.964955],[140.88914,37.965828]],[[140.86095,38.04034],[140.86163,38.03942]],[[140.888826,37.966809],[140.888465,37.967778],[140.887637,37.970389],[140.887015,37.972338],[140.886604,37.973707],[140.886506,37.97407],[140.886444,37.974406],[140.886389,37.974782],[140.886356,37.975148],[140.886341,37.975691],[140.886362,37.97621],[140.886425,37.976693],[140.886532,37.977278],[140.886746,37.978003],[140.886987,37.97862],[140.887398,37.979544],[140.888692,37.982525],[140.890038,37.985621],[140.890653,37.987011],[140.891298,37.988498],[140.891617,37.989236],[140.892003,37.990128],[140.892163,37.990537],[140.89229,37.990946],[140.892374,37.991266],[140.892467,37.991692],[140.892539,37.992238],[140.892568,37.992616],[140.89257,37.993086],[140.892559,37.993503],[140.89251,37.993972],[140.892416,37.994462],[140.89231,37.9948],[140.89206,37.99563],[140.89121,37.99844],[140.89069,38.00017],[140.89019,38.00188]],[[140.96953,37.70349],[140.97063,37.70218]],[[140.92549,37.80321],[140.92501,37.80468],[140.9249,37.80508],[140.92459,37.80594],[140.92422,37.80709],[140.92414,37.80734],[140.92406,37.80759],[140.92357,37.80904],[140.92346,37.80943],[140.9233,37.81044],[140.9232,37.81103],[140.92309,37.81189],[140.92308,37.81231],[140.92309,37.81263],[140.92313,37.81303],[140.9232,37.81351],[140.92331,37.81404],[140.92362,37.81505],[140.92394,37.81594],[140.92409,37.81643],[140.92414,37.81657],[140.92431,37.81711],[140.92485,37.81874],[140.92504,37.81937],[140.92521,37.82006],[140.92533,37.82047],[140.92549,37.82119],[140.92555,37.8216],[140.92558,37.82207],[140.92559,37.8226],[140.92557,37.82303],[140.92554,37.82388],[140.92549,37.8253],[140.92546,37.82613],[140.92542,37.82712],[140.92532,37.83046],[140.92531,37.83104],[140.92531,37.83124],[140.92524,37.83332],[140.92524,37.83378],[140.92525,37.83635],[140.92528,37.83753],[140.92528,37.83761],[140.92525,37.83829],[140.92518,37.84016],[140.92514,37.84137]],[[140.92593,37.80179],[140.92619,37.80099],[140.92648,37.80017],[140.9266,37.79977],[140.9268,37.79901],[140.92689,37.79858],[140.92695,37.79819],[140.92699,37.79777],[140.927,37.79741],[140.92699,37.79711],[140.92697,37.79665],[140.92694,37.79626],[140.92686,37.79556],[140.92682,37.79503],[140.92669,37.79425],[140.92663,37.79393],[140.92654,37.79352],[140.92636,37.79288],[140.92615,37.79228],[140.92601,37.79192],[140.92582,37.79152],[140.92569,37.79124],[140.92543,37.79078],[140.92473,37.78953],[140.92468,37.78946],[140.92434,37.78889],[140.92315,37.78688],[140.92198,37.78485],[140.92082,37.78285],[140.92045,37.78223],[140.91998,37.78139],[140.91963,37.78079],[140.91917,37.77999],[140.91882,37.77936],[140.91846,37.77876],[140.91831,37.77849],[140.9181,37.77803],[140.91796,37.77758],[140.91787,37.77712],[140.91784,37.77671],[140.91789,37.77607],[140.91795,37.77573],[140.91806,37.77534],[140.91822,37.77486],[140.91833,37.77467],[140.91855,37.77434],[140.91874,37.77407],[140.91894,37.77376],[140.91928,37.7734],[140.91957,37.77308],[140.91987,37.77274],[140.92155,37.77082],[140.92332,37.7688],[140.92512,37.76676],[140.92602,37.76574],[140.92695,37.76471],[140.92881,37.76267],[140.93061,37.76067],[140.93137,37.75979],[140.93257,37.75847],[140.93275,37.75827],[140.93404,37.75686],[140.93426,37.7566]],[[140.925456,37.879725],[140.924815,37.881534],[140.924244,37.883037],[140.923291,37.885719],[140.922162,37.888873],[140.921917,37.889564],[140.921664,37.890177],[140.92097,37.891669],[140.919921,37.893932],[140.918742,37.896483],[140.917463,37.899249],[140.916881,37.900488],[140.916012,37.902359],[140.915004,37.904545],[140.91362,37.907536],[140.913317,37.908184],[140.912973,37.908869],[140.912601,37.909554],[140.912352,37.909964],[140.912019,37.910472],[140.911621,37.911032],[140.911414,37.911317],[140.911001,37.911833],[140.910705,37.912188],[140.909645,37.913344],[140.90688,37.916317],[140.90503,37.918311],[140.903433,37.920033],[140.903038,37.920516],[140.90263,37.921073],[140.902324,37.921543],[140.901985,37.922157],[140.901301,37.923571]],[[140.85197,38.09796],[140.8519,38.09776],[140.85177,38.09743],[140.85154,38.09697],[140.8514,38.09658],[140.85133,38.09629],[140.85124,38.09582],[140.85121,38.09555],[140.85121,38.09542],[140.85121,38.09527],[140.85125,38.09497],[140.85126,38.09482],[140.8513,38.09441],[140.85134,38.0941],[140.85141,38.09333],[140.85151,38.09226],[140.85159,38.09144],[140.85168,38.09058],[140.8517,38.0904],[140.85182,38.08898],[140.85195,38.08791],[140.85213,38.08632],[140.85222,38.08558],[140.85252,38.08341],[140.85269,38.08223],[140.85271,38.08209],[140.85288,38.08092],[140.85292,38.08059],[140.85299,38.08008],[140.85312,38.07901],[140.85343,38.07665],[140.8535,38.07607],[140.85351,38.07605],[140.85357,38.07573],[140.85369,38.07517],[140.85373,38.07496],[140.85401,38.07364],[140.85404,38.07354],[140.85422,38.0726],[140.85428,38.07216],[140.85429,38.07212],[140.85442,38.07108],[140.85443,38.07098],[140.85447,38.07084],[140.8546,38.06983],[140.85464,38.06937],[140.85471,38.0686],[140.85471,38.06843]],[[140.86294,38.11094],[140.86217,38.10991],[140.86195,38.1096],[140.86193,38.10958],[140.86159,38.10912],[140.86104,38.10837],[140.86062,38.10782],[140.85994,38.10705],[140.85956,38.10661],[140.85886,38.1058],[140.85801,38.10482],[140.85762,38.10435],[140.85705,38.1037],[140.85624,38.10279],[140.85569,38.10214],[140.8555,38.10192],[140.85477,38.1011],[140.85441,38.1007],[140.85377,38.09997],[140.85293,38.09902],[140.85263,38.0987],[140.85215,38.09817],[140.85197,38.09796]],[[140.92505,37.8429],[140.92503,37.84402],[140.925,37.8456],[140.925,37.84578],[140.925,37.84588],[140.92498,37.84637],[140.92497,37.84663],[140.92499,37.84698],[140.92504,37.84724],[140.92519,37.84788],[140.92532,37.84822],[140.92549,37.8486],[140.92563,37.84883],[140.92578,37.84906],[140.92606,37.84944],[140.92636,37.84981],[140.92702,37.85055],[140.92879,37.85265],[140.92909,37.85301],[140.92929,37.85327],[140.92944,37.85349],[140.92958,37.85377],[140.92969,37.854],[140.92981,37.85431],[140.92989,37.85459],[140.92992,37.85474],[140.92996,37.85491],[140.93003,37.85535],[140.93005,37.85556],[140.93004,37.85585],[140.93003,37.8561],[140.92994,37.85655],[140.92987,37.85707],[140.92939,37.86073],[140.92906,37.86307],[140.92877,37.86493],[140.92861,37.86603],[140.92819,37.86911],[140.92805,37.86995],[140.92783,37.87161],[140.92773,37.87257],[140.9276,37.87334],[140.927534,37.873811],[140.927268,37.874627],[140.927036,37.875244],[140.926406,37.876999],[140.926066,37.877975],[140.925824,37.878706]],[[140.85479,38.06682],[140.85484,38.06648],[140.8549,38.06602],[140.85494,38.06574],[140.85495,38.06569],[140.85523,38.06362],[140.85536,38.0626],[140.85555,38.06122],[140.85565,38.06053],[140.85598,38.05803],[140.85603,38.05764],[140.85615,38.0568],[140.85638,38.05509],[140.85645,38.05459],[140.85669,38.05274],[140.85678,38.052],[140.85711,38.04976],[140.85726,38.04868],[140.8573,38.04839],[140.8575,38.04691],[140.85771,38.04553],[140.85782,38.04513],[140.85791,38.04489],[140.85821,38.04429],[140.85843,38.04388],[140.85867,38.04352],[140.8597,38.04209],[140.86071,38.04066],[140.86095,38.04034]],[[140.88914,37.965828],[140.888826,37.966809]],[[140.86437,38.11279],[140.86294,38.11094]],[[140.85471,38.06843],[140.85479,38.06682]],[[140.86163,38.03942],[140.86262,38.03802],[140.86367,38.03656],[140.86406,38.03604],[140.86472,38.03512],[140.8657,38.03373],[140.86587,38.03349],[140.86599,38.03332],[140.86654,38.03256],[140.86762,38.03109],[140.86788,38.03081],[140.86832,38.0304],[140.86885,38.02995],[140.86933,38.02963],[140.86987,38.02927],[140.87089,38.02863],[140.87158,38.02819],[140.87198,38.02794],[140.87239,38.02768],[140.87266,38.02751],[140.87301,38.02729],[140.87346,38.02703],[140.87382,38.0268],[140.87417,38.02658],[140.87448,38.0264],[140.87462,38.02631],[140.87478,38.02621],[140.87494,38.02611],[140.8757,38.02566],[140.87622,38.02535],[140.87674,38.02503],[140.87733,38.02467],[140.87776,38.02441],[140.87823,38.02412],[140.87848,38.02396],[140.87872,38.02378],[140.87905,38.02353],[140.87932,38.02328],[140.87948,38.02312],[140.8798,38.0228],[140.87996,38.02263],[140.88012,38.02242],[140.88024,38.02227],[140.88042,38.02201],[140.8806,38.02174],[140.88093,38.02121],[140.88127,38.02067],[140.88144,38.02039],[140.88154,38.02023],[140.88185,38.01972],[140.88192,38.01961],[140.88219,38.01918],[140.88254,38.01861],[140.88271,38.01833],[140.88292,38.018],[140.88327,38.01745],[140.88352,38.01706],[140.88369,38.01679],[140.88407,38.01618],[140.88433,38.01575],[140.88461,38.01531],[140.88485,38.01493],[140.88515,38.01444],[140.88538,38.01409],[140.8858,38.0134],[140.88616,38.01284],[140.88649,38.01234],[140.88663,38.0121],[140.88685,38.01167],[140.88687,38.01165],[140.88708,38.01123],[140.88734,38.01062],[140.88761,38.00993],[140.88793,38.00908],[140.88821,38.0083],[140.88847,38.00755],[140.8887,38.00686],[140.889,38.00588],[140.8892,38.00518],[140.88938,38.00456],[140.88954,38.00401],[140.88971,38.00344],[140.88984,38.003],[140.8899,38.00283],[140.88998,38.00257]],[[140.93426,37.7566],[140.93506,37.75566]],[[140.925824,37.878706],[140.925456,37.879725]],[[140.92549,37.80321],[140.92554,37.80305],[140.92591,37.80186],[140.92593,37.80179]],[[140.93506,37.75566],[140.93638,37.7541],[140.93715,37.75303],[140.93757,37.75237],[140.93793,37.75178],[140.93832,37.75114],[140.93865,37.7506],[140.93888,37.75023],[140.93964,37.74914],[140.94042,37.74804],[140.9415,37.74667],[140.94243,37.74546],[140.94286,37.74491],[140.94338,37.74423],[140.94355,37.74401],[140.9439,37.74354],[140.94526,37.74176],[140.94577,37.7411],[140.94714,37.73932],[140.9473,37.73913],[140.94818,37.73797],[140.94861,37.73739],[140.94902,37.73686],[140.94915,37.73667],[140.94925,37.73652],[140.94945,37.7362],[140.94959,37.73597],[140.94973,37.7357],[140.94988,37.73535],[140.95001,37.73498],[140.95007,37.73477],[140.95013,37.73439],[140.95053,37.73194],[140.95096,37.72953],[140.95098,37.72939],[140.9511,37.72873],[140.95118,37.72834],[140.95127,37.72806],[140.95133,37.72788],[140.95148,37.72742],[140.95164,37.72707],[140.95179,37.72674],[140.95193,37.72646],[140.95277,37.72471],[140.95283,37.72457],[140.95313,37.72388],[140.95344,37.72315],[140.9536,37.7228],[140.95388,37.72227],[140.95406,37.72199],[140.95428,37.72167],[140.95442,37.72147],[140.95575,37.71987],[140.95588,37.71972],[140.95779,37.71744],[140.95981,37.71503],[140.96188,37.71256],[140.96212,37.71227],[140.96391,37.71013],[140.96595,37.70768],[140.96655,37.70698],[140.96733,37.70605],[140.968,37.70524],[140.96837,37.70482],[140.96849,37.70467],[140.96926,37.70381],[140.96953,37.70349]],[[140.89019,38.00188],[140.88998,38.00257]],[[140.901301,37.923571],[140.900808,37.924587]],[[140.92514,37.84137],[140.92505,37.84283],[140.92505,37.8429]],[[140.89063,37.05819],[140.88949,37.05818],[140.88922,37.05817],[140.88904,37.05814],[140.8889,37.05813],[140.88841,37.05806],[140.88795,37.05798],[140.88763,37.05789],[140.88738,37.05783],[140.88658,37.05761],[140.88552,37.05732],[140.88473,37.05705],[140.88426,37.05689],[140.88297,37.05651],[140.88191,37.05621],[140.8811,37.05596],[140.87959,37.0555],[140.87926,37.0554]],[[140.89408,37.05825],[140.89063,37.05819]],[[141.007755,37.242703],[141.007381,37.240774]],[[141.007381,37.240774],[141.007477,37.24274]],[[141.00292,37.25758],[141.00214,37.2584]],[[140.9482,37.07448],[140.95042,37.076],[140.95302,37.07778],[140.9541,37.07852],[140.95449,37.07879],[140.95564,37.07958],[140.95578,37.07968],[140.95609,37.07989],[140.95739,37.08077],[140.95771,37.08101],[140.95823,37.08147],[140.95971,37.08284],[140.9612,37.08416],[140.96268,37.08548],[140.96372,37.08641],[140.96375,37.08643],[140.96531,37.08787],[140.96594,37.08844],[140.96738,37.08977],[140.96884,37.09112],[140.97028,37.09242],[140.97168,37.09372],[140.97266,37.09462],[140.97312,37.09505],[140.97411,37.09596],[140.97556,37.09728],[140.97643,37.09808],[140.97697,37.09858],[140.97844,37.09992],[140.97868,37.10014],[140.9799,37.1013]],[[140.9885,37.49289],[140.98774,37.49329],[140.98689,37.49373],[140.98624,37.49409],[140.98513,37.49473],[140.9845,37.49513],[140.98397,37.49554],[140.98375,37.49578],[140.98352,37.49602],[140.98302,37.49661],[140.98247,37.49738],[140.98186,37.49836],[140.98125,37.49932],[140.98106,37.49962],[140.97932,37.50238],[140.97917,37.50261],[140.97888,37.50305],[140.97828,37.50401],[140.97796,37.5045],[140.97772,37.50488],[140.97749,37.50524],[140.97691,37.50616],[140.97557,37.50829],[140.97495,37.50927],[140.97447,37.51033],[140.97414,37.51143],[140.97404,37.51239],[140.97401,37.51267],[140.974,37.5136],[140.974,37.51365],[140.97411,37.51465],[140.97423,37.51528],[140.97429,37.51558],[140.97454,37.51629],[140.97472,37.51682],[140.97497,37.51754],[140.97515,37.51805],[140.97545,37.51891],[140.97562,37.51945],[140.97587,37.52022],[140.97607,37.52075],[140.97614,37.521],[140.97627,37.52138],[140.97636,37.52165],[140.97652,37.5221],[140.97673,37.52267],[140.97696,37.52307],[140.97721,37.52345],[140.97758,37.52388],[140.97795,37.52427],[140.97827,37.52455],[140.97857,37.52477],[140.97886,37.52495],[140.97929,37.52518],[140.97968,37.52537],[140.97994,37.52551],[140.97999,37.52553],[140.98077,37.52592],[140.98113,37.52611],[140.98144,37.52626],[140.98194,37.5265],[140.98225,37.52667],[140.98269,37.52693],[140.98294,37.52711],[140.98327,37.5274],[140.98374,37.52786],[140.98415,37.52833]],[[140.99599,37.14153],[140.99556,37.14341]],[[140.9799,37.1013],[140.98069,37.10206],[140.98102,37.10242],[140.98182,37.10335]],[[140.98441,37.41001],[140.98471,37.41057],[140.98495,37.41092],[140.98508,37.41106],[140.98542,37.41145],[140.98564,37.41165],[140.98661,37.4123],[140.98734,37.41274],[140.98745,37.4128],[140.98961,37.41402],[140.99659,37.4179],[140.99687,37.41808],[140.99893,37.41928],[140.99967,37.41973],[140.99999,37.41991],[141.00022,37.42005],[141.00047,37.42023],[141.00085,37.42051],[141.00096,37.42058],[141.00123,37.42082],[141.00146,37.42105],[141.00166,37.42127],[141.00187,37.4215],[141.00209,37.42179],[141.00226,37.42203],[141.0024,37.42227],[141.00253,37.42253],[141.00267,37.42285],[141.00276,37.4231],[141.00283,37.42329],[141.0029,37.42364],[141.00294,37.42387],[141.003,37.42439],[141.00299,37.42501],[141.00295,37.42541],[141.0029,37.42573],[141.00276,37.42634],[141.00269,37.42661],[141.00256,37.42692],[141.00225,37.42763],[141.00209,37.428],[141.00175,37.42876],[141.0017,37.42888],[141.00151,37.42931],[141.00138,37.42963],[141.00129,37.42989],[141.00124,37.43008],[141.0012,37.43029],[141.00117,37.43047],[141.00115,37.43068],[141.00112,37.43113],[141.0011,37.43134],[141.00101,37.43257],[141.00095,37.43332],[141.00087,37.43453],[141.00084,37.43495],[141.00081,37.43548],[141.00084,37.43587],[141.00088,37.43617],[141.00097,37.43659],[141.00161,37.4391],[141.00186,37.44006],[141.00206,37.4408],[141.00225,37.44163],[141.00246,37.44246],[141.00256,37.4429],[141.00292,37.44438],[141.00302,37.44478],[141.00313,37.44523],[141.00333,37.44604],[141.00353,37.44679],[141.0036,37.44705],[141.00365,37.44726],[141.0038,37.44781],[141.00385,37.44802],[141.00389,37.44822],[141.00405,37.44886],[141.00433,37.44999],[141.0046,37.45103],[141.00474,37.45155],[141.00484,37.45189],[141.005,37.45231],[141.00514,37.45261],[141.0053,37.45293]],[[140.99105,37.49155],[140.989,37.4926],[140.9885,37.49289]],[[140.9482,37.07448],[140.9463,37.07322]],[[140.99277,37.60407],[140.99142,37.60516],[140.99025,37.60607]],[[141.02241,37.33545],[141.02217,37.33619],[141.02208,37.3364],[141.02167,37.33736],[141.02156,37.33762],[141.02132,37.33818],[141.02122,37.33848],[141.02113,37.33884],[141.02099,37.33931],[141.0208,37.3399],[141.02062,37.34034],[141.02056,37.34045],[141.0205,37.34057],[141.02033,37.34092],[141.02014,37.34125],[141.01991,37.34159],[141.01976,37.3418],[141.01967,37.34191],[141.01931,37.34235],[141.01882,37.34281],[141.01828,37.34326],[141.01763,37.34366],[141.01716,37.34391],[141.01647,37.3442],[141.016,37.34437],[141.01575,37.34445],[141.01525,37.34454],[141.01478,37.3446],[141.01422,37.34467],[141.01395,37.34468],[141.01365,37.34469],[141.01348,37.34469],[141.01298,37.34465],[141.01249,37.34461],[141.01211,37.34457],[141.01129,37.34451],[141.01031,37.34442],[141.00878,37.3443],[141.00857,37.34428],[141.00819,37.34425],[141.00803,37.34424],[141.00755,37.34419],[141.00698,37.34415],[141.00656,37.34414],[141.00602,37.34416],[141.00579,37.34419],[141.00531,37.34427],[141.00485,37.34439],[141.00439,37.34454],[141.00398,37.34472],[141.0031,37.3451],[141.00286,37.34521],[141.00157,37.3458],[141.00114,37.346],[141.00061,37.34624],[141.00017,37.34644],[140.99927,37.34685],[140.99862,37.34715],[140.99819,37.34738],[140.99762,37.34777],[140.99724,37.34807],[140.99695,37.34828],[140.99677,37.34841],[140.99659,37.34853],[140.99641,37.34866],[140.9962,37.34882],[140.99571,37.34927],[140.99542,37.34956],[140.99525,37.34973],[140.99479,37.35028],[140.99434,37.35097],[140.99389,37.35169],[140.99371,37.352],[140.99342,37.35264],[140.99328,37.35296],[140.99316,37.35335],[140.99295,37.3542],[140.9928,37.35496],[140.99274,37.35584],[140.9925,37.35924],[140.99234,37.36145],[140.99222,37.36323],[140.99209,37.36484]],[[140.97063,37.70218],[140.97139,37.70127],[140.97186,37.70068],[140.97205,37.70037],[140.97239,37.69981],[140.97257,37.69946],[140.97268,37.69919],[140.97273,37.69906],[140.97278,37.6989],[140.97281,37.69878],[140.97284,37.69855],[140.97288,37.69833],[140.97316,37.69638],[140.97331,37.69541],[140.9734,37.69473],[140.97351,37.6941],[140.97366,37.69296],[140.97373,37.69244],[140.97376,37.69224],[140.97378,37.692],[140.97382,37.69168],[140.97383,37.69057],[140.97383,37.69039],[140.97383,37.69011],[140.97381,37.68991],[140.97379,37.68981],[140.97377,37.68964],[140.97373,37.68928],[140.97353,37.68811],[140.97345,37.68767],[140.97313,37.68565],[140.97297,37.68463],[140.97293,37.68434],[140.97275,37.68318],[140.97263,37.68263],[140.97251,37.68185],[140.97245,37.68151],[140.97231,37.68068],[140.97215,37.67989],[140.97199,37.6787],[140.97192,37.67823],[140.97184,37.67761],[140.9718,37.67717],[140.97179,37.67657],[140.97179,37.67631],[140.97179,37.67603],[140.97181,37.6758],[140.97196,37.67338],[140.97212,37.67106],[140.97218,37.6697],[140.97215,37.66939],[140.97207,37.66891],[140.97199,37.66863],[140.9716,37.66789],[140.97158,37.66786],[140.9713,37.66728],[140.97081,37.66636],[140.97016,37.66519],[140.96984,37.66456],[140.96944,37.66375],[140.96906,37.66298],[140.96868,37.66218],[140.96827,37.66131],[140.96809,37.66087],[140.96793,37.6605],[140.96787,37.66037],[140.96778,37.66015],[140.96767,37.65989],[140.96757,37.65962],[140.96746,37.65927],[140.96739,37.65904],[140.96734,37.65879],[140.96724,37.65837],[140.96704,37.65753],[140.96683,37.65658],[140.96673,37.65616],[140.96667,37.65584],[140.96661,37.6555],[140.96655,37.65523],[140.9664,37.65459],[140.96625,37.65386],[140.96604,37.65297],[140.96592,37.65237],[140.96587,37.6519],[140.96585,37.65162],[140.96584,37.65142],[140.96582,37.651],[140.96582,37.6505],[140.96585,37.64995],[140.96595,37.64925],[140.96602,37.64878],[140.96627,37.64698],[140.96631,37.64664],[140.96639,37.64612],[140.96657,37.6447],[140.96661,37.6444],[140.96699,37.64313],[140.96712,37.64277],[140.96722,37.64251],[140.96742,37.64212],[140.9678,37.64145],[140.96828,37.64076],[140.96853,37.64042],[140.96876,37.64015],[140.96902,37.63985],[140.96937,37.63951],[140.96969,37.63921]],[[140.99194,37.36673],[140.99186,37.36836],[140.99176,37.36958],[140.9917,37.37045],[140.99161,37.37134],[140.99136,37.37252],[140.99128,37.37277],[140.99119,37.37307],[140.99101,37.3737],[140.99077,37.37472],[140.99077,37.37473],[140.99076,37.37496],[140.99079,37.37531],[140.99084,37.37564],[140.99098,37.37605],[140.99148,37.37752],[140.99153,37.37773],[140.99167,37.37826],[140.99167,37.3784],[140.99098,37.38113],[140.98955,37.38655],[140.98933,37.38735],[140.98903,37.3885],[140.98895,37.38879],[140.98836,37.39099],[140.98733,37.39481],[140.98651,37.39779],[140.98598,37.3998],[140.98574,37.40071],[140.98515,37.40289],[140.98431,37.40596],[140.98411,37.40661],[140.98402,37.40696],[140.98395,37.40741],[140.98393,37.40788],[140.98398,37.40863]],[[141.00292,37.25758],[141.004486,37.255849],[141.005897,37.254313],[141.006949,37.253195],[141.007254,37.252818],[141.007571,37.252346],[141.007873,37.251811],[141.00801,37.25137]],[[140.8494,37.00778],[140.85028,37.00611]],[[140.99209,37.36484],[140.99194,37.36673]],[[140.99841,37.211],[140.99853,37.21117],[140.99921,37.2121]],[[140.9955,37.17247],[140.9958,37.17182]],[[141.00214,37.2584],[141.00064,37.25999],[140.99981,37.26087],[140.99925,37.26143],[140.99793,37.26276],[140.99717,37.26353],[140.99704,37.26367],[140.99659,37.26459],[140.99601,37.26581],[140.99576,37.26642],[140.99535,37.26755],[140.99529,37.26783],[140.99527,37.26799],[140.99526,37.26833],[140.99526,37.26869],[140.9953,37.26897],[140.99535,37.26925],[140.99544,37.26956],[140.99556,37.26989],[140.99567,37.27016],[140.9958,37.27044],[140.99587,37.27056],[140.99599,37.27079],[140.99613,37.27103],[140.99617,37.2711],[140.99631,37.27131],[140.99633,37.27135],[140.99637,37.2714],[140.99659,37.27177],[140.99692,37.27225],[140.99704,37.27243],[140.99774,37.27342],[140.99779,37.27349],[140.99817,37.27402],[140.99833,37.27424],[140.99866,37.27471],[140.9988,37.27491],[140.99927,37.27558],[140.99994,37.27649],[141.00084,37.27775],[141.0016,37.27881],[141.002,37.2794],[141.00241,37.28023],[141.00264,37.28087],[141.00272,37.28112],[141.00275,37.2813]],[[140.87926,37.0554],[140.87573,37.05431],[140.87418,37.05385],[140.87354,37.05367],[140.87304,37.05349],[140.87239,37.05323],[140.87162,37.05286],[140.87103,37.05248],[140.87038,37.05199],[140.86985,37.05155],[140.86947,37.05122],[140.86896,37.05076],[140.86826,37.05004],[140.86746,37.04919],[140.86608,37.04773],[140.86504,37.04663],[140.86426,37.04581],[140.86214,37.04355],[140.86064,37.04197],[140.85918,37.04042],[140.85828,37.03948],[140.85805,37.03924],[140.85773,37.0389],[140.85597,37.03708],[140.8556,37.03669]],[[140.99643,37.56353],[140.99659,37.56452],[140.99664,37.56479],[140.99667,37.56511],[140.99672,37.56543],[140.99676,37.56577],[140.99685,37.56636],[140.99688,37.56662],[140.99694,37.5671],[140.99698,37.56742],[140.99703,37.56774],[140.99705,37.56798],[140.99708,37.56829],[140.9971,37.56841],[140.99711,37.56851],[140.99713,37.56884],[140.9972,37.56946],[140.99728,37.57019],[140.99738,37.57119],[140.99748,37.5719],[140.99766,37.57297],[140.99775,37.57344],[140.99794,37.57422],[140.99806,37.57458],[140.99811,37.57474],[140.9982,37.57499],[140.99829,37.57525],[140.99845,37.57556],[140.99888,37.57626],[140.99908,37.57656],[140.9996,37.57735],[140.99983,37.5778],[140.99996,37.57816],[141.00002,37.57846],[141.00006,37.57891],[141.00007,37.57918],[141.00005,37.57952],[141.00002,37.57968],[140.99994,37.58002],[140.99988,37.58045],[140.99984,37.58083],[140.99983,37.58115],[140.99984,37.58142],[140.99986,37.58166],[140.99989,37.582],[140.99999,37.58244],[141.00009,37.58272],[141.00018,37.58296],[141.00031,37.58324],[141.00042,37.58342],[141.00065,37.58371],[141.00083,37.58393],[141.00117,37.58434],[141.00132,37.58457],[141.00144,37.58479],[141.00156,37.58506],[141.00165,37.58528],[141.00184,37.58575],[141.00188,37.58593],[141.00194,37.58624],[141.00197,37.58638],[141.00197,37.58675],[141.00194,37.58707],[141.0019,37.58732],[141.00178,37.58773],[141.0017,37.58796],[141.00136,37.5887],[141.00124,37.58894],[141.00039,37.59062],[141.00027,37.59085],[141.00013,37.59113],[140.99941,37.59254],[140.99917,37.59301],[140.9987,37.59396],[140.99858,37.5942],[140.99843,37.5945],[140.99787,37.59566],[140.9975,37.5964],[140.99659,37.59828],[140.99649,37.59846],[140.99574,37.59991],[140.99524,37.60094],[140.99499,37.60142],[140.99469,37.602],[140.99438,37.60254],[140.99411,37.60289],[140.99394,37.60306],[140.99366,37.60335],[140.99292,37.60395],[140.99277,37.60407]],[[140.98459,37.529],[140.98468,37.52917],[140.98492,37.52966],[140.98515,37.53021],[140.98532,37.53066],[140.98545,37.53115],[140.9855,37.53135],[140.9858,37.53242],[140.98592,37.53292],[140.98601,37.53326],[140.98624,37.53409],[140.98639,37.53463],[140.98647,37.53491],[140.98658,37.53537],[140.98662,37.53553],[140.98672,37.53587],[140.98673,37.53593],[140.98684,37.53633],[140.9869,37.53659],[140.987,37.53694],[140.98717,37.53741],[140.98732,37.53777],[140.98742,37.53803],[140.98767,37.53854],[140.98814,37.53935],[140.98818,37.53943],[140.98858,37.54002],[140.989,37.54066],[140.98957,37.54149],[140.99067,37.5431],[140.99113,37.54377],[140.99119,37.54385],[140.99185,37.54483],[140.99244,37.54566],[140.99285,37.5464],[140.99311,37.54698],[140.99323,37.54725],[140.99332,37.54745],[140.99355,37.54805],[140.99376,37.54876],[140.99402,37.54984],[140.99471,37.55274],[140.99489,37.55349],[140.99527,37.55509],[140.99549,37.55617],[140.9957,37.55736],[140.99587,37.55842],[140.99598,37.55948],[140.9963,37.56242]],[[141.00641,37.45454],[141.00689,37.45526],[141.00723,37.45577],[141.00737,37.45599],[141.00743,37.45609],[141.00767,37.45646],[141.00823,37.45732],[141.00879,37.45816],[141.00881,37.45819],[141.00915,37.45872],[141.00927,37.45897],[141.00936,37.45924],[141.00941,37.45952],[141.00942,37.46012],[141.00939,37.46043],[141.00935,37.46072],[141.00908,37.4624],[141.0089,37.46356],[141.00871,37.46472],[141.00866,37.465],[141.00849,37.46596],[141.00831,37.46705],[141.00823,37.4675],[141.00809,37.46826],[141.00792,37.46929],[141.00776,37.47021],[141.00754,37.47153],[141.00746,37.47195],[141.00741,37.47239],[141.00741,37.47259],[141.00728,37.47427],[141.00726,37.47456],[141.00723,37.47479],[141.00717,37.47511],[141.00709,37.47539],[141.00698,37.47571],[141.00696,37.47576],[141.00673,37.47638],[141.00668,37.47648],[141.00652,37.4768],[141.00633,37.47709],[141.00621,37.47727],[141.00556,37.47806],[141.00515,37.47857],[141.00458,37.47927],[141.00414,37.47979],[141.00338,37.48071],[141.00215,37.48219],[141.00143,37.48308],[141.00057,37.48415],[140.99982,37.48507],[140.99899,37.48607],[140.99875,37.48637],[140.99803,37.48721],[140.99775,37.48753],[140.99751,37.48776],[140.99715,37.48808],[140.99685,37.48837],[140.99659,37.48857],[140.99603,37.48886],[140.99408,37.48992],[140.99105,37.49155]],[[140.98415,37.52833],[140.98459,37.529]],[[140.98182,37.10335],[140.98215,37.1038],[140.98236,37.10408],[140.98289,37.10479],[140.98315,37.10523],[140.9833,37.10552],[140.98355,37.1061],[140.98383,37.10681],[140.98403,37.10743],[140.9842,37.10803],[140.98434,37.10854],[140.98457,37.10976],[140.98475,37.11085],[140.98485,37.11139],[140.98491,37.11159],[140.98513,37.11227],[140.98517,37.11239],[140.98522,37.11254],[140.98529,37.11268],[140.98534,37.11277],[140.98575,37.11343],[140.98587,37.11358],[140.98602,37.11373],[140.98638,37.11406],[140.98819,37.11554],[140.99259,37.11912],[140.9926,37.11914],[140.99329,37.11974],[140.9939,37.12033],[140.99502,37.12153],[140.99537,37.12201],[140.99573,37.12258],[140.99603,37.12311],[140.99614,37.12338],[140.99621,37.12356],[140.99635,37.12406],[140.99643,37.12433],[140.9966,37.12495],[140.99705,37.12649],[140.99719,37.12704],[140.99722,37.12716],[140.99732,37.1276],[140.99735,37.12791],[140.99735,37.12818],[140.99732,37.12857],[140.9973,37.12881],[140.99725,37.12919],[140.9969,37.13102],[140.99682,37.1315],[140.9966,37.13601],[140.99648,37.13863],[140.99611,37.14097],[140.99599,37.14153]],[[141.00263,37.2836],[141.00253,37.28401],[141.00234,37.28447],[141.00218,37.28483],[141.00166,37.28568],[141.00121,37.28641],[141.00091,37.28685],[141.00079,37.28704],[141.00029,37.28768],[140.99985,37.28824],[140.99888,37.28951],[140.99728,37.29163],[140.99659,37.29252],[140.99633,37.29284],[140.99614,37.2931],[140.99576,37.29361],[140.99557,37.29387],[140.99548,37.29406],[140.99547,37.29408],[140.99545,37.29412],[140.99539,37.29428],[140.99531,37.29463],[140.99523,37.29529],[140.99523,37.29571],[140.99527,37.29687],[140.99527,37.29704],[140.99528,37.29726],[140.99531,37.29751],[140.99538,37.29786],[140.99549,37.29838],[140.99558,37.29873],[140.9957,37.29915],[140.99596,37.29994],[140.99614,37.30041],[140.99624,37.30066],[140.99635,37.30094],[140.99659,37.30151],[140.99667,37.3017],[140.99692,37.30231],[140.99709,37.30273],[140.99732,37.3032],[140.99761,37.3038],[140.99791,37.30436],[140.99804,37.30457],[140.99824,37.30489],[140.99856,37.3054],[140.99897,37.30601],[140.99899,37.30605],[140.99923,37.30643],[140.99962,37.30705],[140.99984,37.30744],[141.00007,37.30783],[141.00031,37.30819],[141.00066,37.30881],[141.00087,37.30926],[141.00102,37.30958],[141.00135,37.31049],[141.00148,37.31091],[141.00159,37.31133],[141.00174,37.3121],[141.0018,37.31252],[141.0019,37.31319],[141.00196,37.31356],[141.00202,37.31379],[141.00221,37.31436],[141.00241,37.31472],[141.00255,37.31492],[141.00276,37.31512],[141.00303,37.31538],[141.00364,37.31588],[141.00424,37.31633],[141.00461,37.31658],[141.00529,37.31701],[141.00814,37.31874],[141.01075,37.32028],[141.01144,37.3207],[141.01182,37.32093],[141.01348,37.32192],[141.01375,37.32209],[141.01412,37.32231],[141.01621,37.32359],[141.01863,37.32505],[141.01893,37.32523],[141.02072,37.32628],[141.02146,37.32695],[141.022,37.32753],[141.02229,37.32796],[141.0226,37.3285],[141.02276,37.32884],[141.02293,37.32939],[141.02305,37.32992],[141.02309,37.33024],[141.0231,37.33178],[141.02307,37.33265]],[[140.99556,37.14341],[140.99517,37.14517],[140.99509,37.14551],[140.99482,37.14674],[140.99479,37.14694],[140.99472,37.14732],[140.99459,37.14803],[140.99455,37.14838],[140.99452,37.14875],[140.99452,37.14897],[140.99454,37.14941],[140.99458,37.14978],[140.99465,37.15011],[140.9947,37.15033],[140.99475,37.15048],[140.99484,37.15073],[140.99528,37.15165],[140.99529,37.15167],[140.99585,37.15253],[140.99637,37.15321],[140.9966,37.1535],[140.99766,37.15507],[140.99834,37.15623],[140.99879,37.15701],[140.99888,37.1572],[140.99935,37.1581],[140.99988,37.15923],[140.99995,37.15941],[141.00008,37.1599],[141.00019,37.1604],[141.00026,37.16094],[141.00027,37.16119],[141.00026,37.16165],[141.00023,37.16194],[141.00014,37.16244],[141.00003,37.16295],[140.99994,37.16331],[140.9995,37.16436],[140.99937,37.16465],[140.99868,37.16608],[140.99755,37.16834],[140.99713,37.16915],[140.99675,37.16976],[140.99666,37.16994],[140.9966,37.17008],[140.99626,37.17078],[140.99613,37.17108],[140.9958,37.17182]],[[141.02307,37.33265],[141.02287,37.33359],[141.02256,37.33492],[141.02241,37.33545]],[[141.00263,37.2836],[141.00278,37.28293],[141.00283,37.28245],[141.00284,37.28199],[141.0028,37.28158],[141.00275,37.2813]],[[140.85427,37.03529],[140.85409,37.03509],[140.8527,37.03355],[140.85222,37.03304],[140.85107,37.03184],[140.84978,37.03045],[140.84841,37.02895],[140.84762,37.02798],[140.8471,37.02729],[140.84617,37.02591],[140.84599,37.02561],[140.84534,37.02455],[140.84504,37.02413],[140.84479,37.02373],[140.84454,37.0233],[140.84435,37.02285],[140.84429,37.02245],[140.84431,37.02209],[140.84436,37.02159],[140.84443,37.02118],[140.84455,37.02075],[140.84462,37.0205],[140.84577,37.01691],[140.84596,37.01633],[140.84661,37.01437],[140.84725,37.01229],[140.84747,37.01163],[140.8477,37.01113],[140.84789,37.01067],[140.84893,37.0087],[140.8494,37.00778]],[[140.9963,37.56242],[140.99642,37.56342],[140.99643,37.56353]],[[140.9463,37.07322],[140.94578,37.07287],[140.94302,37.071],[140.9404,37.06922],[140.93907,37.06829],[140.93864,37.06808],[140.93861,37.06806],[140.93739,37.0675],[140.93673,37.06725],[140.93375,37.06618],[140.93058,37.06503],[140.92854,37.0643],[140.9281,37.06414],[140.92739,37.06389],[140.92558,37.06322],[140.92411,37.06271],[140.92217,37.06199],[140.92022,37.06129],[140.91964,37.06108],[140.91755,37.06035],[140.91654,37.05997],[140.91422,37.05913],[140.91377,37.05898],[140.91327,37.05884],[140.91272,37.0587],[140.91229,37.05861],[140.91181,37.05855],[140.91142,37.0585],[140.91068,37.05848],[140.90918,37.05846],[140.9079,37.05845],[140.90649,37.05842],[140.90537,37.0584],[140.90435,37.05839],[140.90288,37.05838],[140.90101,37.05836],[140.89902,37.05832],[140.89713,37.05829],[140.89688,37.05829],[140.89408,37.05825]],[[140.99025,37.60607],[140.98998,37.60631],[140.98922,37.60691],[140.98852,37.60746],[140.9882,37.60772],[140.98753,37.60826],[140.98719,37.60858],[140.98695,37.60884],[140.98662,37.60922],[140.98641,37.60951],[140.98619,37.60986],[140.98606,37.61011],[140.98593,37.61041],[140.98582,37.61072],[140.98578,37.61085],[140.98574,37.61102],[140.9857,37.61118],[140.98565,37.61165],[140.98565,37.61207],[140.98567,37.61248],[140.98571,37.61281],[140.98577,37.61309],[140.98582,37.61327],[140.98615,37.61419],[140.98618,37.61427],[140.98645,37.61492],[140.98702,37.61652],[140.9874,37.61747],[140.98784,37.6188],[140.98792,37.61927],[140.9881,37.62047],[140.98802,37.62142],[140.98796,37.62174],[140.98787,37.62211],[140.98782,37.6223],[140.98766,37.62273],[140.98755,37.62294],[140.98746,37.62313],[140.98733,37.62334],[140.98724,37.62351],[140.98708,37.62375],[140.98679,37.62415],[140.98659,37.62439],[140.98605,37.62498],[140.98532,37.62559],[140.98462,37.6262],[140.98383,37.62691],[140.98306,37.62757],[140.98172,37.62875],[140.98117,37.62922],[140.98048,37.62981],[140.97994,37.63028],[140.97893,37.63117],[140.97825,37.63177],[140.97628,37.63351],[140.97566,37.63402],[140.97378,37.63564],[140.97291,37.6364],[140.97264,37.63662],[140.97241,37.63683]],[[140.97241,37.63683],[140.97123,37.63784],[140.96969,37.63921]],[[140.98398,37.40863],[140.98399,37.40869],[140.98411,37.40917],[140.98416,37.40937],[140.98441,37.41001]],[[140.8556,37.03669],[140.85518,37.03629],[140.85454,37.0356],[140.85427,37.03529]],[[141.0053,37.45293],[141.00641,37.45454]],[[140.9955,37.17247],[140.99523,37.17308],[140.9951,37.17336],[140.99491,37.17393],[140.99485,37.17427],[140.9948,37.17474],[140.99479,37.1754],[140.99482,37.17591],[140.99486,37.17641],[140.99495,37.1769],[140.99505,37.17728],[140.9953,37.17795],[140.99545,37.17834],[140.99568,37.17881],[140.99607,37.17944],[140.9964,37.17992],[140.9966,37.1802],[140.99697,37.18065],[140.99735,37.18111],[140.9976,37.18139],[140.99776,37.18158],[140.99816,37.18205],[140.99851,37.18256],[140.99872,37.18299],[140.99894,37.18355],[140.99902,37.18387],[140.99905,37.18403],[140.99934,37.18581],[140.99938,37.18601],[140.99942,37.18617],[140.99944,37.18626],[140.99947,37.18646],[140.99949,37.18669],[140.9995,37.1869],[140.99957,37.18725],[140.99979,37.18833],[140.99989,37.18867],[140.99996,37.18893],[141.00001,37.18941],[141.00007,37.18988],[141.00012,37.19009],[141.00039,37.19081],[141.00054,37.19113],[141.00079,37.19161],[141.001,37.19208],[141.00123,37.1927],[141.00135,37.19311],[141.00146,37.19353],[141.00148,37.19387],[141.00148,37.19388],[141.00147,37.19406],[141.00142,37.19462],[141.00135,37.19505],[141.00127,37.19536],[141.00121,37.19557],[141.00109,37.19589],[141.00108,37.19591],[141.00072,37.19653],[141.00037,37.19704],[141.00012,37.19734],[140.99984,37.19762],[140.99936,37.19805],[140.99699,37.20009],[140.9966,37.2005],[140.99644,37.20075],[140.99615,37.20128],[140.99597,37.20161],[140.99581,37.20202],[140.99566,37.2024],[140.99558,37.20271],[140.9955,37.20304],[140.99543,37.20365],[140.99535,37.20463],[140.99535,37.20506],[140.99535,37.20549],[140.99539,37.20584],[140.99539,37.20587],[140.99546,37.20633],[140.99551,37.2065],[140.99559,37.20669],[140.99588,37.20725],[140.99617,37.20779],[140.99647,37.20831],[140.9966,37.20853],[140.99841,37.211]],[[140.99921,37.2121],[141.00041,37.21375],[141.0023,37.21631],[141.00364,37.2181],[141.00462,37.2195],[141.00496,37.21995],[141.00609,37.22152],[141.00671,37.22255],[141.00686,37.2229],[141.00706,37.22356],[141.0071,37.22382],[141.00712,37.22398],[141.00713,37.22428],[141.00706,37.22512],[141.00689,37.22564],[141.00676,37.22592],[141.00635,37.22667],[141.00616,37.22702],[141.00552,37.22805],[141.00518,37.22859],[141.00503,37.22885],[141.00482,37.22932],[141.00465,37.2298],[141.00448,37.23053],[141.00442,37.23103],[141.0044,37.23155],[141.00444,37.23208],[141.00451,37.2324],[141.00455,37.2326],[141.00472,37.23333],[141.00518,37.234287],[141.007022,37.239088],[141.007225,37.239818],[141.007381,37.240774]],[[140.85324,36.95541],[140.85493,36.95574]],[[140.52441,36.39505],[140.52461,36.39612],[140.52476,36.39689],[140.52495,36.39786],[140.52506,36.39836],[140.52512,36.39861],[140.52528,36.39913],[140.52553,36.39973],[140.52605,36.4008],[140.52673,36.40223],[140.52705,36.40289],[140.52738,36.40357],[140.52754,36.40389],[140.52907,36.40705],[140.52945,36.4078],[140.53018,36.40921],[140.53025,36.40934],[140.53064,36.41006],[140.53079,36.41033],[140.53121,36.41121],[140.5317,36.41221],[140.53285,36.41458],[140.53333,36.41555],[140.53386,36.41667],[140.53459,36.41811],[140.53543,36.41983],[140.53625,36.42152],[140.5365,36.42201],[140.53702,36.42307],[140.53766,36.42436],[140.53848,36.42608],[140.53874,36.42663],[140.53919,36.42757],[140.53995,36.42916],[140.54016,36.42961]],[[140.66247,36.59171],[140.66113,36.58894]],[[140.63374,36.55282],[140.63458,36.55346],[140.63568,36.55445],[140.63635,36.5552],[140.63788,36.55712],[140.63801,36.55728],[140.63813,36.55745],[140.6389,36.55844],[140.64011,36.55994],[140.64079,36.56077],[140.64108,36.56112],[140.6415,36.56162],[140.6424,36.56256],[140.64348,36.56367],[140.64355,36.56375],[140.64521,36.56541],[140.647,36.56718],[140.64752,36.56769],[140.6488,36.56894],[140.64909,36.56927],[140.64937,36.56972],[140.64972,36.57039],[140.65025,36.57187],[140.65034,36.5721],[140.65089,36.57348],[140.65128,36.5743],[140.65164,36.57491],[140.65166,36.57495],[140.65211,36.57554],[140.65355,36.57715],[140.655,36.57876],[140.65523,36.57903],[140.656,36.57987],[140.65729,36.58133],[140.65755,36.58167],[140.6578,36.582],[140.65824,36.58286],[140.65917,36.58474],[140.65945,36.58531],[140.66,36.58658],[140.66012,36.58682],[140.6603,36.58724],[140.66083,36.58828],[140.66113,36.58894]],[[140.7295,36.75443],[140.72983,36.7549],[140.73035,36.75557],[140.73088,36.75615],[140.7312,36.75649],[140.73143,36.7567],[140.73254,36.75763],[140.73277,36.75781],[140.7346,36.75936],[140.73549,36.76013],[140.7359,36.76049],[140.73634,36.76101],[140.73657,36.76137],[140.7367,36.76161],[140.73677,36.7618],[140.73692,36.76234],[140.73704,36.7629],[140.73791,36.76704],[140.73833,36.76903],[140.73885,36.77131],[140.7392,36.77288],[140.73936,36.77391],[140.73952,36.7753],[140.73971,36.77789],[140.73974,36.77892],[140.74,36.78183],[140.74009,36.78281],[140.7402,36.78402],[140.74047,36.78498],[140.74063,36.78553],[140.74081,36.78603],[140.7411,36.78657],[140.74153,36.78726],[140.74209,36.788],[140.74263,36.78854],[140.74325,36.78903],[140.74388,36.78947],[140.74477,36.78998],[140.74548,36.79035]],[[140.78599,36.88481],[140.78483,36.88683],[140.78312,36.8898],[140.78134,36.89295],[140.78132,36.89299],[140.78026,36.89477],[140.78007,36.89521],[140.77993,36.89553],[140.77991,36.89564],[140.77986,36.89584],[140.77983,36.89607],[140.77982,36.89614],[140.77981,36.89631],[140.77986,36.89679],[140.7799,36.89701],[140.77999,36.89748],[140.78005,36.89774],[140.78014,36.89805],[140.78036,36.89854],[140.78068,36.89905],[140.78099,36.89947],[140.78149,36.90012],[140.78183,36.90053],[140.78273,36.90164],[140.78354,36.90266],[140.78457,36.90392],[140.78527,36.90481],[140.78581,36.90549],[140.78711,36.90711],[140.78829,36.90858],[140.78898,36.90943],[140.78919,36.90969],[140.78953,36.91011],[140.79077,36.91166],[140.79098,36.91193],[140.79197,36.91315],[140.79298,36.91438],[140.79379,36.91537],[140.795,36.91689],[140.79557,36.9176],[140.79572,36.91778],[140.796,36.91816],[140.79614,36.91838],[140.79625,36.91865],[140.79631,36.91889],[140.79641,36.91922],[140.79646,36.91978],[140.79649,36.92005]],[[140.47567,36.37075],[140.47362,36.37061],[140.47291,36.37056],[140.47124,36.37043],[140.47071,36.37048],[140.47023,36.37056],[140.46886,36.37092],[140.46741,36.37131],[140.46477,36.37204],[140.46341,36.37244],[140.46213,36.37271],[140.46173,36.37276],[140.46121,36.3728],[140.45772,36.37295]],[[140.74548,36.79035],[140.74664,36.79085],[140.74721,36.79105]],[[140.41333,36.3815],[140.41179,36.3813],[140.41147,36.38126],[140.40873,36.38086],[140.4046,36.38031],[140.39759,36.37935],[140.39022,36.37837],[140.38448,36.37758],[140.38185,36.3772],[140.37666,36.37649],[140.3755,36.37633],[140.37185,36.37582],[140.37169,36.37579],[140.37162,36.37578],[140.37132,36.37572],[140.36812,36.37529],[140.36541,36.37492],[140.36407,36.37473],[140.36379,36.37466],[140.36321,36.37446],[140.36266,36.37423],[140.36092,36.37352],[140.35928,36.37282],[140.35753,36.3721],[140.35593,36.37141],[140.35394,36.37061],[140.35383,36.37056]],[[140.41699,36.38201],[140.41333,36.3815]],[[140.49304,36.36932],[140.49668,36.36993],[140.49717,36.37008],[140.49816,36.37035],[140.49948,36.37073],[140.50022,36.37094],[140.5016,36.37148],[140.50299,36.37211],[140.50504,36.37308],[140.5062,36.37362],[140.50714,36.37405],[140.5078,36.37438],[140.50793,36.37445],[140.50817,36.37456],[140.5096,36.37534],[140.51155,36.37638],[140.51201,36.37663],[140.51458,36.37802],[140.5157,36.37864],[140.5178,36.38002],[140.51832,36.38041],[140.51873,36.38072],[140.51913,36.3811],[140.52059,36.38287],[140.52147,36.38391],[140.52193,36.38457],[140.5222,36.38497],[140.5225,36.38546],[140.52277,36.38611],[140.52295,36.38673],[140.52315,36.38798],[140.5233,36.38878],[140.52366,36.39097],[140.52382,36.39197],[140.52402,36.3931]],[[140.47875,36.37098],[140.47923,36.37097],[140.47987,36.37085],[140.4809,36.3706],[140.48321,36.36985],[140.48589,36.36899],[140.48687,36.36868],[140.48725,36.36862],[140.48781,36.36857],[140.48868,36.36865],[140.48988,36.3688],[140.49304,36.36932]],[[140.6317,36.55141],[140.63281,36.5522],[140.63374,36.55282]],[[140.67565,36.63551],[140.67494,36.63777]],[[140.68664,36.67223],[140.68689,36.67259],[140.68735,36.67318],[140.68763,36.67355],[140.68829,36.67441],[140.68881,36.6751],[140.68922,36.67564],[140.69013,36.67686],[140.69051,36.67737],[140.69088,36.67787],[140.69125,36.67832],[140.69186,36.67906],[140.69209,36.67932],[140.69241,36.67964],[140.69277,36.67994],[140.69473,36.68148],[140.69492,36.68163],[140.69526,36.68189],[140.69577,36.68229],[140.69657,36.6829],[140.69709,36.68331],[140.69743,36.68357],[140.69814,36.68412],[140.69838,36.6843],[140.69907,36.68486],[140.69973,36.68535],[140.70007,36.68559],[140.70056,36.68591],[140.70124,36.68626],[140.70198,36.68658],[140.70233,36.68673],[140.70261,36.68685],[140.7029,36.68698],[140.70324,36.68711],[140.70361,36.68726],[140.7041,36.68744],[140.70438,36.68754],[140.70515,36.68781],[140.70573,36.68803],[140.70631,36.68827],[140.70699,36.68858],[140.70744,36.68882],[140.70756,36.68889],[140.70773,36.689],[140.70807,36.68925],[140.7085,36.6896],[140.70941,36.69036],[140.71099,36.69162],[140.71126,36.69185],[140.71297,36.69326],[140.71328,36.69356],[140.71354,36.69383],[140.71395,36.69432],[140.71407,36.69449],[140.71422,36.69476],[140.71423,36.69479],[140.71454,36.69541],[140.71471,36.69582],[140.71487,36.69636],[140.71499,36.69686],[140.71505,36.69728],[140.7151,36.69784],[140.71515,36.69821],[140.71521,36.69875],[140.7153,36.69961],[140.71542,36.70064],[140.71554,36.70173],[140.71565,36.70275],[140.71586,36.70453],[140.71596,36.7054],[140.71618,36.70732],[140.71629,36.70827],[140.71631,36.70846],[140.71655,36.71058],[140.71659,36.71089],[140.71675,36.71249],[140.71683,36.71319]],[[140.85028,37.00611],[140.85091,37.005],[140.8516,37.00377],[140.85202,37.00311],[140.85244,37.00247],[140.85331,37.00112],[140.85365,37.00059],[140.85572,36.99737],[140.85896,36.99268],[140.85914,36.99243],[140.85926,36.99226],[140.85938,36.99206],[140.86014,36.99079],[140.86066,36.98992],[140.86134,36.98862],[140.86158,36.98822],[140.86178,36.98788],[140.86213,36.98729],[140.86256,36.98636],[140.86269,36.9858],[140.863,36.98347],[140.86304,36.98318],[140.86361,36.97891],[140.86408,36.97534],[140.86427,36.97375],[140.86431,36.97327],[140.86432,36.97267],[140.86421,36.96993],[140.86411,36.96763],[140.8639,36.96291],[140.86386,36.96252],[140.86379,36.96211],[140.86362,36.96147],[140.86344,36.96098],[140.86308,36.96024],[140.86292,36.95999],[140.86287,36.95991],[140.86245,36.95942],[140.86191,36.95894],[140.8612,36.95847],[140.85912,36.95715],[140.85868,36.95689],[140.85833,36.95668],[140.85807,36.95657],[140.85799,36.95654],[140.85769,36.95639],[140.85724,36.95625],[140.85673,36.95609],[140.85493,36.95574]],[[140.72861,36.75221],[140.7289,36.75313],[140.7294,36.75427],[140.7295,36.75443]],[[140.35143,36.36953],[140.34962,36.36875],[140.34846,36.36827],[140.34735,36.3678]],[[140.79649,36.92005],[140.79648,36.92093]],[[140.6189,36.51185],[140.61937,36.51278],[140.61967,36.51339],[140.61997,36.514]],[[140.78727,36.88245],[140.78736,36.88213],[140.78743,36.88182],[140.78749,36.88149],[140.78752,36.88106],[140.78756,36.88018],[140.78759,36.87959],[140.78771,36.87694],[140.78783,36.87412],[140.78786,36.87281],[140.78794,36.87117],[140.788,36.87043],[140.78806,36.86839],[140.78806,36.86762],[140.78801,36.86707],[140.78792,36.86664],[140.78777,36.86609],[140.78763,36.8657],[140.78749,36.8654],[140.78584,36.86281],[140.78553,36.8623],[140.78512,36.86161],[140.78492,36.86138],[140.78458,36.86103],[140.78423,36.86073],[140.7839,36.86051],[140.78329,36.8602],[140.78179,36.85948],[140.78142,36.8593],[140.78105,36.85907],[140.78069,36.85881],[140.7804,36.85856],[140.78016,36.85828],[140.77985,36.85782],[140.77965,36.85742],[140.77945,36.85684],[140.77931,36.8562],[140.77921,36.85553],[140.77913,36.85504],[140.77884,36.85275],[140.77848,36.84993],[140.77809,36.84681]],[[140.82357,36.94405],[140.82437,36.94414],[140.82439,36.94414],[140.82591,36.9444],[140.82769,36.9447],[140.82949,36.94512],[140.83099,36.94554],[140.83201,36.94585],[140.83202,36.94585],[140.83242,36.946],[140.83257,36.94607],[140.83302,36.94629],[140.83307,36.94631],[140.83434,36.94709],[140.83542,36.9479]],[[140.47875,36.37098],[140.47827,36.37093],[140.47567,36.37075]],[[140.45496,36.37311],[140.45367,36.37323],[140.45319,36.37332],[140.45266,36.37346],[140.45187,36.37373],[140.45164,36.37383],[140.45129,36.374],[140.45091,36.37429],[140.45057,36.37461],[140.44522,36.37973],[140.44407,36.38081],[140.44292,36.3819],[140.44153,36.38293],[140.44094,36.3833],[140.44031,36.38363],[140.44018,36.38368],[140.43965,36.38388],[140.43872,36.38417],[140.43822,36.38429],[140.4372,36.38447],[140.43635,36.38452],[140.43579,36.3845],[140.43488,36.38441],[140.42701,36.38336],[140.41902,36.38228],[140.41699,36.38201]],[[140.68525,36.67053],[140.68664,36.67223]],[[140.45772,36.37295],[140.45496,36.37311]],[[140.83542,36.9479],[140.83632,36.94851],[140.83751,36.94931],[140.84009,36.95103],[140.84169,36.95213],[140.84242,36.95262],[140.84292,36.95293],[140.84332,36.95316],[140.84374,36.95337],[140.84421,36.95355],[140.84462,36.95369],[140.84507,36.95383],[140.84517,36.95385],[140.84561,36.95395],[140.84565,36.95395],[140.85152,36.95508],[140.85324,36.95541]],[[140.32619,36.35892],[140.32699,36.35926],[140.33086,36.36087],[140.33519,36.3627],[140.3386,36.36413],[140.33972,36.3646],[140.34103,36.36515],[140.34316,36.36606],[140.34589,36.3672],[140.34735,36.3678]],[[140.32619,36.35892],[140.32843,36.35948],[140.33283,36.36057],[140.33348,36.3608],[140.33394,36.36102],[140.34032,36.36369],[140.34159,36.36422],[140.34294,36.36479],[140.34412,36.36541],[140.34682,36.36736],[140.34735,36.3678]],[[140.67494,36.63777],[140.6746,36.63888],[140.67401,36.64067],[140.67359,36.64205],[140.67349,36.64259],[140.67346,36.64302],[140.67347,36.64334],[140.67356,36.64417],[140.67369,36.6446],[140.67387,36.64506],[140.67406,36.64544],[140.67549,36.64747],[140.67597,36.64814],[140.67619,36.64843],[140.67645,36.64877],[140.67663,36.64899],[140.67684,36.64926],[140.67712,36.64956],[140.67768,36.65008],[140.67821,36.65051],[140.67975,36.65163],[140.68041,36.65218],[140.68087,36.65257],[140.68103,36.65275],[140.68144,36.6534],[140.68183,36.65403],[140.68232,36.65482],[140.68257,36.6553],[140.68271,36.65557],[140.68295,36.65614],[140.68307,36.65658],[140.68311,36.65684],[140.68313,36.65721],[140.68315,36.65756],[140.68312,36.65794],[140.68306,36.65828],[140.68287,36.65907],[140.68264,36.65993],[140.68256,36.66026],[140.68252,36.66053],[140.68252,36.66093],[140.68253,36.66113],[140.68254,36.66128],[140.68304,36.66475],[140.68322,36.66608],[140.68334,36.66693],[140.68344,36.66737],[140.68358,36.66777],[140.68377,36.66817],[140.68409,36.66871],[140.68469,36.66981],[140.68488,36.67009],[140.68525,36.67053]],[[140.5669,36.46617],[140.56791,36.46696],[140.56891,36.46774],[140.57027,36.4688],[140.57046,36.46895],[140.57132,36.46961],[140.5715,36.46976],[140.57213,36.47025],[140.57293,36.47085],[140.5733,36.47115],[140.57404,36.47173],[140.57533,36.47271],[140.57628,36.47339],[140.57719,36.47402],[140.57862,36.4749],[140.58079,36.47626],[140.58091,36.47633],[140.58137,36.4766],[140.58239,36.47725],[140.58417,36.47835],[140.5863,36.47967],[140.5879,36.48068],[140.58822,36.48086],[140.58992,36.48193],[140.59105,36.48263],[140.59174,36.48313],[140.59261,36.48377],[140.59288,36.48395],[140.59308,36.48408],[140.59468,36.48514],[140.59647,36.48628],[140.5974,36.48685],[140.598,36.48722],[140.59881,36.48768],[140.59901,36.4878],[140.59996,36.48834],[140.60059,36.4887],[140.60213,36.48956],[140.60323,36.4902],[140.60341,36.49031],[140.60369,36.49047],[140.60549,36.4916],[140.60718,36.49266],[140.608,36.49316],[140.60832,36.49339],[140.60851,36.49353],[140.60869,36.49369],[140.60898,36.49397],[140.60916,36.4942],[140.6093,36.49441],[140.60935,36.49448],[140.60957,36.49485],[140.60976,36.49524],[140.60992,36.49571],[140.61001,36.49607],[140.61007,36.49645],[140.61008,36.49667],[140.61008,36.49674],[140.6102,36.49798],[140.6103,36.49918],[140.61036,36.49976],[140.61047,36.50035],[140.61057,36.50077],[140.61065,36.50108],[140.61081,36.50159],[140.61092,36.50188],[140.61101,36.5021],[140.61115,36.50237],[140.61115,36.50239],[140.61135,36.50268],[140.61169,36.50316],[140.61209,36.50356],[140.61241,36.50388],[140.61398,36.50517],[140.61455,36.50563],[140.61531,36.50628],[140.61572,36.50672],[140.61603,36.50705],[140.61632,36.50735],[140.61672,36.50787],[140.6172,36.50861],[140.61804,36.51012],[140.6189,36.51185]],[[140.82357,36.94405],[140.82397,36.94414],[140.82465,36.9443],[140.82562,36.94451],[140.82588,36.94457],[140.82711,36.94487],[140.82751,36.94501],[140.82826,36.94529],[140.83045,36.94602],[140.83213,36.94659],[140.83358,36.94711],[140.83456,36.94751],[140.83542,36.9479]],[[140.54086,36.43133],[140.54016,36.42961]],[[140.35383,36.37056],[140.35143,36.36953]],[[140.78599,36.88481],[140.78642,36.88406],[140.78672,36.88356],[140.78706,36.88292],[140.78727,36.88245]],[[140.71708,36.71549],[140.7172,36.7168],[140.71732,36.71795],[140.71757,36.72032],[140.71784,36.72265],[140.71817,36.72499],[140.7183,36.72606],[140.71848,36.72747],[140.71857,36.72827],[140.7188,36.73021],[140.71884,36.73046],[140.7191,36.73265],[140.7192,36.73338],[140.71937,36.73489],[140.71946,36.73573],[140.71958,36.73659],[140.71969,36.73746],[140.71974,36.73781],[140.71979,36.73822],[140.71989,36.73877],[140.72003,36.73929],[140.72024,36.74002],[140.72038,36.74038],[140.72052,36.74072],[140.72068,36.74101],[140.72098,36.74143],[140.72172,36.74234],[140.72364,36.74451],[140.72451,36.74552],[140.72556,36.7467],[140.72577,36.74691],[140.7265,36.74774],[140.72687,36.74823],[140.7272,36.74873],[140.72743,36.74913],[140.72763,36.74947],[140.72783,36.74998],[140.72798,36.75039],[140.72819,36.75099],[140.72861,36.75221]],[[140.77809,36.84681],[140.77792,36.84532]],[[140.79648,36.92093],[140.79641,36.92143],[140.79631,36.92225],[140.79615,36.92335],[140.79612,36.92354],[140.79574,36.92625],[140.7957,36.92662],[140.79568,36.92751],[140.79567,36.92776],[140.79567,36.92795],[140.79566,36.92842],[140.79571,36.92882],[140.79581,36.92918],[140.79591,36.92956],[140.79609,36.93001],[140.79624,36.93033],[140.79654,36.93097],[140.79673,36.93133],[140.79896,36.93548],[140.79942,36.93607],[140.79978,36.93642],[140.80015,36.93672],[140.80069,36.93704],[140.80107,36.93727],[140.80188,36.93759],[140.80285,36.9379],[140.80331,36.93804],[140.80411,36.93827],[140.80614,36.93883],[140.80656,36.93894],[140.80782,36.9392],[140.80877,36.93934],[140.80921,36.93939],[140.80961,36.93942],[140.81063,36.93946],[140.81258,36.93951],[140.81329,36.93955],[140.81384,36.9396],[140.81414,36.93965],[140.81459,36.93972],[140.81506,36.93984],[140.81558,36.94001],[140.81603,36.94018],[140.81666,36.94049],[140.81701,36.94068],[140.81728,36.94084],[140.81762,36.9411],[140.81811,36.94147],[140.81981,36.94279],[140.82009,36.94298],[140.82059,36.94321],[140.82136,36.9435],[140.82204,36.94369],[140.82253,36.94383],[140.82357,36.94405]],[[140.74721,36.79105],[140.74802,36.79139],[140.74873,36.7917],[140.74921,36.79192],[140.74977,36.7922],[140.75025,36.7925],[140.75061,36.79277],[140.75082,36.79293],[140.75166,36.79376],[140.75237,36.79447],[140.75323,36.79535],[140.75363,36.79578],[140.75393,36.79612],[140.75434,36.79658],[140.75457,36.79687],[140.75479,36.79715],[140.75515,36.79767],[140.75576,36.7986],[140.75662,36.80007],[140.75792,36.80235],[140.75816,36.80278],[140.75926,36.80469],[140.76042,36.80673],[140.76061,36.80708],[140.76148,36.80865],[140.76164,36.80894],[140.76287,36.81119],[140.76408,36.81341],[140.76451,36.81419],[140.7649,36.81486],[140.76539,36.81574],[140.76577,36.81639],[140.7662,36.81712],[140.76681,36.81819],[140.76712,36.81872],[140.76752,36.81935],[140.76785,36.81987],[140.76827,36.82044],[140.76843,36.82064],[140.76876,36.82104],[140.76917,36.82148],[140.77037,36.82273],[140.77055,36.82293],[140.77117,36.82357],[140.77189,36.82434],[140.7724,36.82486],[140.77333,36.82586],[140.77352,36.82605],[140.77413,36.8267],[140.77456,36.82719],[140.77493,36.82767],[140.77525,36.82816],[140.77545,36.8285],[140.77564,36.82892],[140.77582,36.82957],[140.77597,36.8301],[140.77607,36.83061],[140.77615,36.83127],[140.77619,36.83161],[140.77647,36.83384],[140.77678,36.83646],[140.77731,36.84038],[140.7775,36.84195],[140.77755,36.84235],[140.77778,36.84425],[140.77792,36.84532]],[[140.61997,36.514],[140.62064,36.51532],[140.62099,36.51607],[140.6211,36.51653],[140.62118,36.51683],[140.62123,36.51726],[140.62122,36.51757],[140.62121,36.51829],[140.62117,36.52036],[140.62115,36.52107],[140.6211,36.52284],[140.62103,36.52511],[140.621,36.52647],[140.62101,36.52741],[140.62103,36.52803],[140.62109,36.5287],[140.62117,36.5292],[140.62127,36.52974],[140.62149,36.53058],[140.62166,36.53123],[140.62185,36.53187],[140.62237,36.53374],[140.6229,36.53566],[140.62294,36.53579],[140.62345,36.53758],[140.62381,36.539],[140.62401,36.53973],[140.6243,36.54078],[140.62444,36.5413],[140.62478,36.5426],[140.62495,36.54324],[140.625,36.54343],[140.62502,36.54353],[140.62514,36.54401],[140.6256,36.54573],[140.62577,36.5463],[140.62592,36.54655],[140.62617,36.54697],[140.6264,36.54729],[140.62665,36.5476],[140.62699,36.54794],[140.62763,36.54842],[140.62782,36.54856],[140.62956,36.54984],[140.62981,36.55002],[140.6317,36.55141]],[[140.52402,36.3931],[140.52437,36.39486],[140.52441,36.39505]],[[140.71683,36.71319],[140.71708,36.71549]],[[140.5669,36.46617],[140.56517,36.46483]],[[140.56517,36.46483],[140.56476,36.46451],[140.56353,36.46357],[140.56335,36.46342],[140.56183,36.46223],[140.56141,36.4619],[140.56035,36.46108],[140.55864,36.45973],[140.55728,36.45868],[140.55672,36.45824],[140.55591,36.45761],[140.55489,36.4568],[140.55485,36.45677],[140.55399,36.45599],[140.55374,36.45572],[140.55334,36.45529],[140.55303,36.45491],[140.5528,36.45462],[140.55258,36.45433],[140.55196,36.45337],[140.55175,36.45304],[140.551,36.45187],[140.55003,36.45029],[140.54906,36.4487],[140.54878,36.44824],[140.5482,36.44728],[140.5479,36.4468],[140.54741,36.44602],[140.54644,36.44444],[140.54578,36.4434],[140.54536,36.44271],[140.54531,36.44263],[140.54521,36.44246],[140.54514,36.4423],[140.54504,36.44208],[140.54465,36.44107],[140.54407,36.43955],[140.5434,36.43788],[140.54278,36.43627],[140.54208,36.43445],[140.5416,36.43325],[140.54142,36.43279],[140.54114,36.43207],[140.54086,36.43133]],[[140.66247,36.59171],[140.6632,36.59321],[140.66384,36.59452],[140.66486,36.59656],[140.666,36.59876],[140.66632,36.59972],[140.66663,36.60074],[140.66673,36.60119],[140.66724,36.60433],[140.66735,36.60486],[140.66778,36.60746],[140.66804,36.60848],[140.66827,36.60905],[140.66852,36.60953],[140.66867,36.60984],[140.66926,36.61094],[140.66963,36.61163],[140.67076,36.61367],[140.67128,36.6146],[140.67181,36.61555],[140.67202,36.61599],[140.67223,36.61651],[140.67289,36.61844],[140.67316,36.61926],[140.67399,36.62168],[140.67436,36.62266],[140.67454,36.62321],[140.67468,36.62357],[140.67511,36.62488],[140.67595,36.62729],[140.67679,36.62989],[140.67685,36.63019],[140.67689,36.63048],[140.6769,36.6308],[140.67688,36.631],[140.67685,36.63135],[140.67676,36.63178],[140.67667,36.63206],[140.67639,36.63295],[140.67565,36.63551]],[[140.13828,35.93123],[140.13815,35.93009],[140.13805,35.9298],[140.1378,35.92917],[140.13755,35.92864]],[[140.27616,36.29447],[140.27605,36.29396],[140.27598,36.29352],[140.27595,36.2929],[140.27595,36.29196],[140.276,36.29129],[140.27608,36.29062],[140.27623,36.28979],[140.27648,36.28881],[140.27684,36.28738],[140.27724,36.28578],[140.27807,36.28257],[140.27841,36.28124],[140.27902,36.27884],[140.2792,36.27813],[140.27951,36.27689],[140.27991,36.27534],[140.28032,36.27382],[140.28076,36.27204],[140.28123,36.27019],[140.28127,36.27001],[140.28191,36.26751],[140.28227,36.26608],[140.28267,36.26455],[140.28326,36.26218],[140.28359,36.26078],[140.28384,36.25989],[140.28423,36.25831],[140.28474,36.2562],[140.28489,36.25556],[140.2852,36.25426],[140.28544,36.25318],[140.28621,36.24967],[140.28651,36.24855]],[[140.20693,36.07994],[140.20701,36.08011],[140.20717,36.08042],[140.20743,36.08093],[140.20752,36.08112],[140.20761,36.08127],[140.20788,36.08181],[140.20802,36.08207],[140.20807,36.0822],[140.2081,36.08226],[140.20813,36.08232],[140.20821,36.08245],[140.20859,36.08323],[140.20877,36.08358],[140.20915,36.08435],[140.20941,36.08486],[140.20952,36.08509],[140.2096,36.08526],[140.20978,36.0856],[140.20999,36.086],[140.21025,36.08653],[140.2103,36.08662],[140.21039,36.0868],[140.21186,36.0896],[140.21262,36.09107],[140.21293,36.0916],[140.21306,36.09181],[140.21334,36.09214],[140.21364,36.09246],[140.21395,36.09273],[140.21419,36.09292],[140.21448,36.09311],[140.21485,36.09333],[140.21542,36.09368],[140.21568,36.09384],[140.21952,36.09618],[140.22111,36.09713],[140.22161,36.09746],[140.22197,36.09769],[140.22286,36.09835],[140.22393,36.09924],[140.22661,36.10155],[140.23026,36.10472],[140.23297,36.10704],[140.23581,36.10948],[140.23817,36.11151],[140.23984,36.11291],[140.24211,36.11487],[140.243,36.11564],[140.24479,36.11717],[140.24671,36.11881],[140.24675,36.11886],[140.24762,36.11962]],[[140.12004,35.92097],[140.11626,35.92014]],[[140.29364,36.16218],[140.29503,36.16433],[140.29532,36.16481]],[[140.13755,35.92864],[140.13722,35.92811],[140.13685,35.92763],[140.13648,35.92718],[140.13633,35.92704],[140.13614,35.92687],[140.13528,35.92614],[140.13447,35.92552],[140.13384,35.92512],[140.13335,35.92483],[140.13305,35.92465],[140.13272,35.92446],[140.13212,35.92412],[140.13126,35.92371],[140.13054,35.92342],[140.12989,35.92319],[140.12913,35.92295],[140.12831,35.92277],[140.12717,35.92252],[140.12656,35.92238],[140.12644,35.92235],[140.12526,35.92209],[140.12503,35.92204],[140.12386,35.92178],[140.12173,35.92133],[140.12093,35.92116],[140.12004,35.92097]],[[140.30302,36.34919],[140.30175,36.3482],[140.30117,36.34767],[140.30081,36.34724],[140.30049,36.34681],[140.30016,36.3463],[140.29985,36.34569],[140.29959,36.34505],[140.29934,36.3443],[140.29903,36.34321],[140.29866,36.34197],[140.29834,36.34098],[140.29808,36.34013],[140.29749,36.33827],[140.29691,36.3365],[140.29599,36.33363],[140.29562,36.33244],[140.29522,36.3312],[140.29507,36.33071],[140.29479,36.32984],[140.29462,36.32932],[140.29395,36.32717],[140.29339,36.32536],[140.29285,36.32366],[140.29273,36.32327],[140.29237,36.32213],[140.2919,36.3207],[140.29138,36.31903],[140.29066,36.31677],[140.29026,36.31555],[140.28998,36.31462],[140.28978,36.31395],[140.28937,36.31265],[140.28895,36.31155],[140.28834,36.31037],[140.28806,36.30994],[140.28766,36.30937],[140.28725,36.30887],[140.28586,36.30725],[140.28515,36.30643],[140.2848,36.306],[140.28372,36.30477],[140.28319,36.30416],[140.28293,36.30385],[140.2823,36.30313],[140.28086,36.30147],[140.28021,36.30073],[140.27954,36.29994],[140.27895,36.29928],[140.2783,36.29852],[140.27795,36.2981],[140.27747,36.29743],[140.27713,36.29687],[140.27687,36.29638]],[[140.3046,36.34986],[140.30341,36.34935],[140.30313,36.34924],[140.30302,36.34919]],[[140.30745,36.35106],[140.3046,36.34986]],[[140.1578,36.00617],[140.15716,36.00513],[140.1568,36.00457],[140.15627,36.00377],[140.15591,36.0032],[140.1556,36.00275],[140.15505,36.00187],[140.15498,36.00175],[140.15437,36.00076],[140.15305,35.99871],[140.15238,35.99763],[140.15228,35.99746],[140.15167,35.99651],[140.1506,35.99484],[140.15028,35.99433],[140.14926,35.99273],[140.14846,35.99149],[140.14764,35.99023],[140.14751,35.99004],[140.14698,35.98919],[140.14602,35.98772],[140.14568,35.98717],[140.14549,35.98687],[140.14468,35.98559],[140.14406,35.98459],[140.1438,35.98418],[140.14333,35.98344],[140.14287,35.98272],[140.14254,35.98215],[140.14232,35.9817],[140.14212,35.98131],[140.14202,35.98113],[140.14176,35.98049],[140.14157,35.97985],[140.14145,35.9794],[140.14142,35.97906],[140.14134,35.97819],[140.14128,35.97759],[140.14118,35.9767]],[[140.16517,36.02951],[140.16499,36.02927],[140.16487,36.02912],[140.16457,36.02871],[140.16417,36.02814],[140.16394,36.02778],[140.16392,36.02771],[140.16386,36.02763],[140.16376,36.02744],[140.16368,36.02729],[140.16353,36.027],[140.16341,36.02671],[140.16331,36.02647],[140.1632,36.02622],[140.16316,36.02611],[140.16308,36.02593],[140.16304,36.0258],[140.16289,36.02536],[140.16275,36.02486],[140.16273,36.02474],[140.1627,36.02467],[140.16266,36.02448],[140.16222,36.02267],[140.16219,36.02259],[140.162,36.0218],[140.1617,36.02059],[140.1616,36.02017],[140.16143,36.01949],[140.16129,36.01891],[140.16129,36.0189],[140.16114,36.01826],[140.16102,36.01782],[140.16091,36.0174],[140.16085,36.01709],[140.16075,36.01671],[140.16064,36.01625],[140.16062,36.01623],[140.16057,36.01597],[140.16049,36.01567],[140.16042,36.01536],[140.16039,36.01522],[140.16037,36.01514],[140.16035,36.01509],[140.16011,36.01406],[140.1601,36.01402],[140.16009,36.01394],[140.16005,36.01379],[140.16005,36.01375],[140.16002,36.0137],[140.16001,36.01367],[140.15986,36.01305],[140.15959,36.01195],[140.1593,36.01074],[140.15879,36.00882]],[[140.28055,36.19033],[140.28144,36.1889],[140.28224,36.1876],[140.28279,36.1867],[140.28321,36.18598],[140.28375,36.18505],[140.28409,36.18462],[140.28432,36.18433],[140.28461,36.18404],[140.28859,36.18054],[140.29129,36.17815],[140.29381,36.17588],[140.29524,36.17461],[140.29616,36.17377],[140.29651,36.17332],[140.29697,36.17261],[140.29713,36.17231],[140.29744,36.17157],[140.29762,36.17078],[140.29765,36.17037],[140.29763,36.16986],[140.29754,36.16878],[140.29739,36.1683],[140.29708,36.16753],[140.29574,36.16547],[140.29571,36.16542],[140.29532,36.16481]],[[140.24762,36.11962],[140.2496,36.12124]],[[140.20555,36.07725],[140.20541,36.077],[140.20526,36.07671],[140.20513,36.07644],[140.20504,36.07624],[140.20493,36.07603],[140.20482,36.07583],[140.20478,36.07573],[140.20472,36.07562],[140.20463,36.07543],[140.20456,36.0753],[140.20397,36.07418],[140.20375,36.0738],[140.20361,36.0736],[140.20339,36.07327],[140.20319,36.07303],[140.20291,36.07274],[140.2027,36.07258],[140.20241,36.07235],[140.20212,36.07214],[140.20199,36.07204],[140.20147,36.07169],[140.20053,36.07111],[140.19994,36.07074],[140.19965,36.07056],[140.19939,36.0704],[140.19814,36.06962],[140.19792,36.06948],[140.19765,36.06931],[140.19735,36.06912],[140.19728,36.06907],[140.19644,36.06855],[140.19563,36.06804],[140.19558,36.06801],[140.19547,36.06795],[140.19534,36.06786],[140.19506,36.06769],[140.19421,36.06716],[140.19338,36.06666],[140.19326,36.0666],[140.19308,36.06649],[140.19209,36.06591],[140.19173,36.06569],[140.19139,36.06551],[140.19122,36.06541],[140.19039,36.06493],[140.18974,36.06451],[140.18929,36.06416],[140.18892,36.06378],[140.18888,36.06371],[140.1887,36.06348],[140.18843,36.0631],[140.18833,36.06292],[140.18817,36.06259],[140.18799,36.06216],[140.18787,36.06173],[140.18765,36.06067],[140.18756,36.06015],[140.18744,36.05955],[140.18735,36.05909],[140.18723,36.05863],[140.1871,36.05826],[140.18705,36.05812],[140.18686,36.05773],[140.18675,36.05752],[140.18663,36.05732],[140.18657,36.05723],[140.18627,36.05685],[140.18611,36.05667],[140.18581,36.05638],[140.18561,36.05617],[140.18499,36.05553],[140.18482,36.05535],[140.18429,36.05482],[140.18396,36.05447],[140.18373,36.05425],[140.18339,36.05389],[140.18248,36.05286],[140.18164,36.05173],[140.18058,36.05031],[140.18052,36.05023],[140.17897,36.04812],[140.17837,36.0473],[140.17827,36.04717],[140.17796,36.04677],[140.17782,36.04657],[140.17629,36.04452],[140.17594,36.04404],[140.17572,36.04373],[140.17522,36.04306],[140.17495,36.04269],[140.17471,36.04238],[140.17429,36.04179],[140.17394,36.04134],[140.17372,36.04103],[140.17353,36.0408],[140.17324,36.0404],[140.17316,36.04029],[140.17305,36.04014],[140.1729,36.03995],[140.17248,36.03937],[140.17168,36.03827],[140.17138,36.03786],[140.17133,36.03778],[140.17125,36.03768],[140.17073,36.03698],[140.17019,36.03624],[140.17014,36.03619],[140.16985,36.03579],[140.16979,36.03572],[140.16911,36.0348],[140.16901,36.03468],[140.1678,36.03303],[140.1676,36.03275],[140.16732,36.03239],[140.16711,36.03209],[140.1668,36.03168]],[[140.27898,36.19266],[140.28011,36.19098],[140.28021,36.19083],[140.28055,36.19033]],[[140.14088,35.97366],[140.14103,35.97534],[140.14107,35.97563],[140.14118,35.9767]],[[140.1668,36.03168],[140.16517,36.02951]],[[140.20693,36.07994],[140.20555,36.07725]],[[140.30745,36.35106],[140.30792,36.35127],[140.30951,36.35193],[140.31181,36.35289],[140.31298,36.35337],[140.31367,36.35368],[140.3147,36.35409],[140.31578,36.35456],[140.31914,36.35596],[140.32068,36.35662],[140.32394,36.35798],[140.32481,36.35835],[140.32539,36.35858],[140.32619,36.35892]],[[140.27687,36.29638],[140.27648,36.29547],[140.27616,36.29447]],[[140.2496,36.12124],[140.24978,36.1214],[140.25051,36.12205],[140.25089,36.12239],[140.25187,36.12323],[140.25443,36.12546],[140.25726,36.12792],[140.2598,36.13008],[140.26007,36.13031],[140.26052,36.1307],[140.26055,36.13073],[140.26313,36.13296],[140.26415,36.13384],[140.26484,36.13444],[140.26649,36.13587],[140.26878,36.1378],[140.26987,36.13869],[140.27097,36.13947],[140.2715,36.13979],[140.27177,36.13995],[140.27286,36.14055],[140.27522,36.14165],[140.27933,36.14357],[140.28158,36.14458],[140.28202,36.14481],[140.28258,36.14512],[140.28295,36.14537],[140.28323,36.14561],[140.2836,36.14599],[140.28394,36.1464],[140.28431,36.14696],[140.28491,36.14796],[140.28638,36.1504],[140.28771,36.15262],[140.28802,36.15312],[140.2904,36.15693],[140.29121,36.15822],[140.29301,36.16112],[140.29345,36.16186],[140.29364,36.16218]],[[140.28651,36.24855],[140.28704,36.24653]],[[140.14088,35.97366],[140.14086,35.97339],[140.14081,35.97293],[140.14064,35.97122],[140.14037,35.96835],[140.14021,35.96655],[140.14009,35.96555],[140.14007,35.96537],[140.13992,35.96378],[140.13962,35.9608],[140.13946,35.95902],[140.13929,35.9572],[140.13925,35.95676],[140.13905,35.95475],[140.1389,35.95299],[140.13858,35.94968],[140.13853,35.9492],[140.13835,35.94726],[140.13824,35.94594],[140.13822,35.94571],[140.13821,35.94551],[140.13816,35.94462],[140.13815,35.94404],[140.13817,35.94259],[140.13819,35.94082],[140.13821,35.93879],[140.13823,35.93837],[140.13824,35.93799],[140.13827,35.93566],[140.1383,35.93301],[140.13829,35.93183],[140.13828,35.93158],[140.13828,35.93123]],[[140.1578,36.00617],[140.15796,36.00648],[140.15804,36.00665],[140.15818,36.00702],[140.15841,36.00764],[140.15855,36.00805],[140.15879,36.00882]],[[140.28704,36.24653],[140.28735,36.24521],[140.28753,36.24455],[140.28799,36.24268],[140.28813,36.24217],[140.28836,36.2412],[140.28862,36.2401],[140.28899,36.23868],[140.28928,36.23749],[140.28958,36.23621],[140.28964,36.23579],[140.28962,36.23511],[140.28954,36.23439],[140.28944,36.23389],[140.28918,36.23302],[140.28851,36.23108],[140.28818,36.23009],[140.28739,36.22767],[140.28642,36.22477],[140.28521,36.22127],[140.28505,36.2208],[140.28493,36.22042],[140.28486,36.22023],[140.28391,36.21741],[140.28289,36.21436],[140.28124,36.20957],[140.28049,36.20736],[140.28022,36.20652],[140.27941,36.20415],[140.27923,36.20362],[140.2787,36.20205],[140.27829,36.2009],[140.27775,36.19932],[140.27757,36.19867],[140.2774,36.19799],[140.27734,36.19741],[140.27735,36.19654],[140.27744,36.19594],[140.27759,36.19537],[140.27778,36.19475],[140.27818,36.19403],[140.27861,36.19332],[140.27898,36.19266]],[[140.06204,35.89454],[140.06231,35.89491],[140.06343,35.89636],[140.06393,35.8971]],[[140.00861,35.87269],[140.00584,35.87239]],[[140.04973,35.87543],[140.05028,35.87593],[140.05166,35.87802],[140.05186,35.87833],[140.05335,35.88054],[140.05379,35.8812],[140.05672,35.88562],[140.05904,35.88914],[140.06141,35.89275],[140.06171,35.89327],[140.06185,35.89351],[140.06241,35.89439]],[[139.97011,35.86104],[139.97094,35.86208],[139.97125,35.86248],[139.9718,35.86316]],[[139.97011,35.86104],[139.96861,35.85912],[139.96735,35.85753],[139.96673,35.85671],[139.96607,35.85589],[139.96581,35.85556],[139.96562,35.85533],[139.96401,35.85329],[139.963,35.85201],[139.96234,35.85115],[139.96138,35.85011],[139.96064,35.84934],[139.9588,35.84768],[139.95763,35.84676],[139.95623,35.84576],[139.95519,35.84517]],[[139.98868,35.87562],[139.98817,35.87568],[139.98789,35.8757],[139.9874,35.8757]],[[140.0136,35.87296],[140.01524,35.87317],[140.01708,35.87326],[140.02045,35.8734],[140.02267,35.87343],[140.02465,35.87361],[140.02543,35.87369],[140.02736,35.87387],[140.02851,35.8739],[140.03044,35.87383],[140.03259,35.87373],[140.03342,35.87369],[140.03439,35.8736],[140.03656,35.87327],[140.03725,35.87315],[140.03824,35.8729],[140.03886,35.87274],[140.03942,35.87256]],[[140.01224,35.87292],[140.0136,35.87296]],[[140.04973,35.87543],[140.05147,35.87806],[140.05166,35.87835],[140.05282,35.88009],[140.05335,35.88122],[140.05408,35.88251],[140.05571,35.88511],[140.057,35.88696],[140.05859,35.88936],[140.05996,35.89143],[140.06092,35.89292],[140.06128,35.89345],[140.06141,35.89366],[140.06204,35.89454]],[[140.06303,35.89535],[140.06241,35.89439]],[[140.04213,35.87248],[140.04251,35.87246]],[[139.9874,35.8757],[139.98669,35.87567],[139.98603,35.87559],[139.98557,35.87548],[139.98494,35.87529],[139.98464,35.87517],[139.98414,35.87497],[139.98365,35.8747],[139.98326,35.87444],[139.98306,35.8743],[139.98174,35.87342],[139.98051,35.87257],[139.97939,35.87178],[139.97832,35.87103],[139.97771,35.87051],[139.97724,35.86996],[139.97622,35.86872],[139.97573,35.86808],[139.975,35.86716],[139.97447,35.86648],[139.9728,35.86436],[139.9718,35.86316]],[[140.04251,35.87246],[140.04428,35.87245],[140.04491,35.87251],[140.04571,35.87267],[140.04646,35.87291],[140.04734,35.87328],[140.04793,35.8736],[140.04854,35.87403],[140.04903,35.87446],[140.04935,35.87478],[140.04973,35.87543]],[[139.98868,35.87562],[139.99026,35.87525],[139.99253,35.87473],[139.99285,35.87465],[139.99578,35.87393],[139.99674,35.87372],[140.00092,35.8728],[140.00234,35.8725],[140.0037,35.87232],[140.00481,35.8723],[140.00584,35.87239]],[[140.01224,35.87292],[140.01204,35.87292],[140.01073,35.8729],[140.00873,35.8727],[140.00861,35.87269]],[[140.03942,35.87256],[140.0398,35.87256],[140.04082,35.87252],[140.041,35.87252],[140.04213,35.87248]],[[140.00584,35.87239],[140.00918,35.87253],[140.0113,35.87272],[140.01161,35.87272],[140.01674,35.87281],[140.01875,35.87291],[140.0203,35.87307],[140.0214,35.87313],[140.02267,35.87317],[140.02579,35.87304],[140.02857,35.87294],[140.03097,35.87287],[140.03217,35.87284],[140.03514,35.87272],[140.03819,35.87261],[140.03942,35.87256]],[[140.06393,35.8971],[140.06481,35.89822],[140.06595,35.89936],[140.06657,35.89976],[140.06713,35.89995],[140.06795,35.9001],[140.06883,35.90017],[140.06995,35.90021],[140.07144,35.90027],[140.07251,35.90046],[140.07282,35.90051],[140.07354,35.90075],[140.0742,35.90107],[140.07725,35.90311],[140.07776,35.90345],[140.08111,35.90572],[140.08296,35.907],[140.08463,35.90815],[140.08567,35.90886],[140.08825,35.91063],[140.08973,35.91164],[140.09184,35.91308],[140.09213,35.91328],[140.09349,35.91417],[140.09502,35.91516],[140.09574,35.91554],[140.09658,35.91588],[140.09816,35.91634],[140.10027,35.91685],[140.10094,35.91699],[140.10133,35.91707],[140.1062,35.91808],[140.10836,35.91852],[140.11403,35.9197],[140.11484,35.91988],[140.11626,35.92014]],[[139.95337,35.84422],[139.95202,35.84357],[139.94887,35.84205],[139.94704,35.84116],[139.94434,35.83984],[139.9405,35.838],[139.93751,35.83656],[139.93683,35.8362],[139.9361,35.83582],[139.93357,35.83458],[139.93183,35.83368]],[[139.91755,35.8126],[139.91782,35.81384],[139.91834,35.81579],[139.91884,35.8175],[139.91926,35.81895],[139.91956,35.82007],[139.92009,35.82186],[139.92054,35.82347],[139.92059,35.82365],[139.92081,35.82442]],[[139.87152,35.76961],[139.86926,35.76941]],[[139.90039,35.78349],[139.90096,35.78496],[139.90113,35.78574]],[[139.82367,35.76205],[139.82268,35.76192],[139.82051,35.76165],[139.81819,35.76138],[139.8157,35.76111],[139.81538,35.76108],[139.81432,35.76098],[139.81381,35.76091],[139.81347,35.76084],[139.81327,35.76078],[139.81296,35.76066],[139.81253,35.76046],[139.81216,35.76026],[139.81188,35.76008],[139.81164,35.75991],[139.81141,35.7597],[139.81104,35.75931],[139.8106,35.7588],[139.80967,35.75772],[139.80852,35.75642],[139.8076,35.75537],[139.80721,35.75491],[139.80675,35.75428],[139.8064,35.75368],[139.80621,35.75323],[139.8061,35.75298],[139.80586,35.75253],[139.80562,35.75188],[139.80541,35.75124],[139.80479,35.74934]],[[139.86926,35.76941],[139.86913,35.76939],[139.86804,35.76917],[139.86639,35.7689],[139.86543,35.76877],[139.86453,35.76867],[139.86338,35.76858],[139.86007,35.76828],[139.85877,35.76814],[139.85778,35.76803],[139.85645,35.76791],[139.8558,35.76785],[139.85337,35.76764],[139.85165,35.76747],[139.8516,35.76746],[139.85051,35.76737],[139.8499,35.76729],[139.84937,35.76718],[139.84905,35.76712],[139.8487,35.76702],[139.8486,35.76697]],[[139.8486,35.76697],[139.84756,35.76656],[139.84652,35.76609]],[[139.92159,35.8264],[139.92165,35.82653],[139.92189,35.82699],[139.92235,35.82765],[139.92246,35.82779],[139.92308,35.82858],[139.92337,35.8289],[139.92455,35.82996],[139.92547,35.83059],[139.92628,35.83102],[139.92724,35.8315],[139.92835,35.83205],[139.92967,35.83266]],[[139.90113,35.78574],[139.90138,35.7864],[139.90147,35.78663],[139.90157,35.78688],[139.90173,35.78723],[139.90219,35.7883],[139.90287,35.7896],[139.9029,35.78964],[139.90342,35.79066],[139.9039,35.79145],[139.90451,35.79237],[139.90538,35.79368],[139.90634,35.79478],[139.90784,35.79637],[139.90869,35.79728],[139.90931,35.79794],[139.911,35.7997]],[[139.77598,35.73354],[139.77771,35.73329],[139.77817,35.73323]],[[139.93183,35.83368],[139.92967,35.83266]],[[139.8262,35.76228],[139.82367,35.76205]],[[139.84652,35.76609],[139.84581,35.76568],[139.84522,35.76533],[139.84465,35.76502],[139.8443,35.76482],[139.8439,35.76464],[139.84341,35.76445],[139.84276,35.76423],[139.84239,35.76413],[139.84178,35.76398],[139.84127,35.76386],[139.8406,35.76375],[139.83937,35.76359],[139.83755,35.76339],[139.83744,35.76337],[139.83566,35.76319],[139.83554,35.76318],[139.83283,35.76292],[139.83101,35.76275],[139.83078,35.76273],[139.83008,35.76265],[139.82947,35.76261],[139.82868,35.76253],[139.8262,35.76228]],[[139.77069,35.7284],[139.77017,35.72886],[139.7697,35.72936],[139.76927,35.7299],[139.76908,35.73026],[139.76904,35.73049],[139.76907,35.73066],[139.76923,35.73113],[139.76937,35.7315],[139.76949,35.73173],[139.76956,35.73186],[139.76961,35.73193],[139.76996,35.73233],[139.77035,35.73267],[139.77054,35.73282],[139.77094,35.73306],[139.77151,35.73334],[139.77184,35.73347],[139.7726,35.73365],[139.77345,35.73379],[139.77366,35.73382],[139.77475,35.73369],[139.77598,35.73354]],[[139.80449,35.74835],[139.80479,35.74934]],[[139.92081,35.82442],[139.92118,35.82549],[139.92159,35.8264]],[[139.79925,35.73366],[139.79964,35.73431],[139.80002,35.73499],[139.80032,35.73563]],[[139.91709,35.81077],[139.91755,35.8126]],[[139.77196,35.72734],[139.77092,35.72822],[139.77069,35.7284]],[[139.77817,35.73323],[139.77839,35.7332],[139.77886,35.73314],[139.77895,35.73313],[139.77958,35.73303],[139.77991,35.73299],[139.78044,35.73292],[139.78065,35.73289],[139.78125,35.73281],[139.78154,35.73277],[139.78233,35.73266],[139.78266,35.73261],[139.78386,35.73245],[139.78416,35.73241],[139.78491,35.73232],[139.7852,35.73228],[139.7866,35.7321],[139.78665,35.73209],[139.78684,35.73207],[139.78711,35.73203],[139.78841,35.73184],[139.78867,35.73181],[139.78893,35.73178],[139.78971,35.73168],[139.79122,35.73146],[139.79136,35.73144],[139.79152,35.73142],[139.79168,35.7314],[139.79203,35.73136],[139.7925,35.7313],[139.79269,35.73128],[139.79496,35.73098],[139.7953,35.73095],[139.79558,35.73096],[139.79612,35.73102],[139.7965,35.73112],[139.79689,35.7313],[139.79712,35.73142],[139.79748,35.73165],[139.79794,35.73202],[139.79822,35.73228],[139.79831,35.73237],[139.79848,35.73256],[139.79865,35.73278],[139.7989,35.73314],[139.79925,35.73366]],[[139.87152,35.76961],[139.87166,35.76962],[139.87175,35.76963],[139.87275,35.7697],[139.87293,35.76972],[139.87319,35.76973],[139.87365,35.76974],[139.87411,35.76971],[139.87451,35.76969],[139.87495,35.76965],[139.87526,35.76961],[139.87539,35.7696],[139.87591,35.76954]],[[139.80032,35.73563],[139.80038,35.73579],[139.80051,35.73609],[139.80066,35.73649],[139.80103,35.7376],[139.80127,35.73838],[139.80134,35.73862],[139.8015,35.73917],[139.80165,35.7396],[139.8021,35.74108],[139.8022,35.74138],[139.80247,35.7423],[139.80258,35.74284],[139.80267,35.74313],[139.80278,35.74348],[139.80281,35.74356],[139.80303,35.74429],[139.80312,35.74455],[139.80362,35.74616],[139.80382,35.74668],[139.80388,35.74684],[139.80449,35.74835]],[[139.91225,35.80103],[139.91247,35.80133],[139.91317,35.80226],[139.9143,35.80384],[139.91527,35.80541],[139.91561,35.8061],[139.91628,35.80809],[139.91674,35.80958],[139.91687,35.81003],[139.91709,35.81077]],[[139.95519,35.84517],[139.95423,35.84466],[139.95398,35.84453],[139.95337,35.84422]],[[139.911,35.7997],[139.91225,35.80103]],[[139.87591,35.76954],[139.8768,35.76934],[139.87783,35.76913],[139.87806,35.76908],[139.8782,35.76907],[139.87959,35.76892],[139.881,35.76877],[139.88306,35.76856],[139.88334,35.76852],[139.88362,35.76851],[139.88459,35.76853],[139.88502,35.76855],[139.88559,35.76863],[139.8862,35.76877],[139.88636,35.76881],[139.88669,35.76889],[139.88677,35.7689],[139.88824,35.76926],[139.88831,35.76928],[139.88903,35.76956]],[[139.87591,35.76954],[139.87792,35.76937],[139.87817,35.76934],[139.8783,35.76933],[139.87838,35.76932],[139.87968,35.76919],[139.8831,35.76885],[139.88332,35.76882],[139.88358,35.7688],[139.88408,35.76879],[139.88461,35.76879],[139.88508,35.76883],[139.88582,35.76897],[139.88648,35.76913],[139.88654,35.76914],[139.88683,35.7692],[139.88696,35.76923],[139.88774,35.76939],[139.88863,35.76952],[139.88891,35.76955],[139.88903,35.76956]],[[139.88903,35.76956],[139.88956,35.76977],[139.8914,35.7703],[139.89154,35.77034],[139.89174,35.7704],[139.89219,35.77055],[139.89347,35.7709]],[[139.88903,35.76956],[139.88961,35.76962],[139.89054,35.76978],[139.89127,35.76998],[139.89147,35.77005],[139.89164,35.7701],[139.89229,35.77034],[139.89289,35.7706],[139.89347,35.7709]],[[139.89347,35.7709],[139.89415,35.77126],[139.89492,35.77188],[139.89583,35.7727],[139.89616,35.77316],[139.89659,35.77374],[139.89738,35.77519],[139.89782,35.77642],[139.89835,35.77788],[139.89893,35.77953],[139.89909,35.77995],[139.89968,35.78163],[139.90039,35.78349]],[[141.007755,37.242703],[141.00808,37.244374],[141.008346,37.24606],[141.008514,37.247071],[141.008651,37.247878],[141.008714,37.248413],[141.008702,37.248939],[141.008648,37.249716],[141.008493,37.250404],[141.008355,37.250822],[141.008224,37.251074],[141.00801,37.25137]],[[141.007477,37.24274],[141.007542,37.244075],[141.007572,37.245178],[141.007751,37.246383],[141.007859,37.246876],[141.00814,37.247958],[141.008266,37.248413],[141.008307,37.248754],[141.008331,37.249094],[141.008319,37.249507],[141.008307,37.249961],[141.00823,37.250458],[141.00801,37.25137]]]}},{"properties":{"name":"成田線","uri":"https://uedayou.net/jrslod/東日本旅客鉄道/成田線","color":"2E8B57"},"type":"Feature","geometry":{"type":"MultiLineString","coordinates":[[[140.79597,35.73905],[140.79442,35.7397]],[[140.78523,35.74364],[140.78555,35.74349],[140.78563,35.74345],[140.7857,35.74344],[140.78616,35.74324],[140.78767,35.74262],[140.78803,35.74246],[140.78818,35.7424],[140.78916,35.74197],[140.78933,35.7419],[140.78979,35.7417],[140.79108,35.74112],[140.79118,35.74108],[140.7915,35.74093],[140.792,35.74073],[140.79204,35.7407],[140.79212,35.74068],[140.79213,35.74067],[140.79248,35.74052],[140.79295,35.74032],[140.79346,35.74011],[140.79442,35.7397]],[[140.22802,35.7099],[140.22839,35.70996],[140.22893,35.71003],[140.22988,35.71016],[140.23023,35.71021],[140.23064,35.71026],[140.23097,35.7103],[140.23238,35.71048],[140.2345,35.71076],[140.23499,35.7108],[140.23537,35.71084],[140.23597,35.71085],[140.23651,35.71082],[140.23678,35.7108],[140.23684,35.71079],[140.23733,35.71071],[140.23766,35.71062],[140.23798,35.71052],[140.23919,35.71004],[140.24027,35.70957],[140.24151,35.70906],[140.24327,35.7083],[140.24404,35.70799],[140.24502,35.70756],[140.24559,35.70732],[140.24644,35.70695],[140.24657,35.7069],[140.24672,35.70687],[140.24733,35.70671],[140.2479,35.70659],[140.24848,35.70648],[140.24904,35.70642],[140.24952,35.70639],[140.25032,35.70642],[140.25105,35.7065],[140.25547,35.7073]],[[140.60544,35.84969],[140.60376,35.85027]],[[140.78523,35.74364],[140.78445,35.74408],[140.78436,35.74414],[140.78387,35.74447],[140.7836,35.74467],[140.78252,35.74547],[140.78194,35.74596],[140.78141,35.74641],[140.78027,35.74737],[140.78025,35.74737],[140.78023,35.7474],[140.77952,35.74801],[140.77947,35.74805],[140.77937,35.74814],[140.77784,35.74946],[140.77733,35.74991],[140.77689,35.75029],[140.77666,35.75049],[140.77588,35.75117],[140.77544,35.75155],[140.77488,35.75206],[140.77483,35.75209],[140.77435,35.75252],[140.7741,35.75274],[140.7736,35.75316],[140.77358,35.7532],[140.77352,35.75325],[140.7722,35.7544],[140.77093,35.75549],[140.77008,35.75622],[140.77001,35.75627],[140.76997,35.75631],[140.76829,35.75776],[140.76754,35.75837],[140.76753,35.75838],[140.76686,35.75895],[140.76653,35.75922],[140.7665,35.75925],[140.76646,35.75928],[140.76588,35.75977],[140.76565,35.75996],[140.76466,35.76084],[140.76412,35.76131],[140.76273,35.76251],[140.76262,35.76262],[140.76236,35.76283],[140.76157,35.76353],[140.76081,35.76414],[140.76056,35.76433],[140.76008,35.76465],[140.75978,35.76481]],[[140.65527,35.83993],[140.6534,35.84158],[140.653,35.84193],[140.65277,35.84213],[140.65093,35.84374],[140.65083,35.84384],[140.6507,35.84394],[140.65069,35.84396],[140.65015,35.84444],[140.64979,35.84475],[140.64939,35.84509],[140.64891,35.84544],[140.64851,35.84569],[140.64823,35.84583],[140.64805,35.84591],[140.64789,35.84597],[140.64756,35.84607],[140.64726,35.84611],[140.64688,35.84616],[140.64587,35.84622],[140.64486,35.84626],[140.64483,35.84627],[140.64478,35.84627],[140.6446,35.84628],[140.64384,35.8463],[140.64376,35.84631],[140.64369,35.84632],[140.64246,35.84635],[140.64123,35.84639],[140.64033,35.84642],[140.63807,35.84648],[140.63558,35.84659],[140.63551,35.8466],[140.63493,35.84662],[140.63328,35.84667],[140.63261,35.84669],[140.63218,35.8467],[140.63157,35.84673],[140.63135,35.84674],[140.63083,35.84675],[140.63036,35.84675],[140.63013,35.84673],[140.62969,35.84667],[140.62964,35.84666],[140.62954,35.84665],[140.62936,35.84662],[140.6285,35.84648],[140.62842,35.84648],[140.62811,35.84643],[140.62789,35.84639],[140.62782,35.84639],[140.6274,35.84632],[140.62722,35.84629],[140.62703,35.84627],[140.62683,35.84623],[140.62675,35.84623],[140.62658,35.8462],[140.62648,35.84618],[140.62627,35.84614],[140.62609,35.84612],[140.62593,35.8461],[140.62556,35.84604],[140.62503,35.84595],[140.62406,35.84581],[140.6234,35.8457],[140.62327,35.84568],[140.62302,35.84564],[140.62266,35.84559],[140.62259,35.84558],[140.62229,35.84554],[140.62217,35.84552],[140.622,35.8455],[140.62168,35.84548],[140.6214,35.84546],[140.62048,35.84542],[140.61976,35.84542],[140.61926,35.84545],[140.61912,35.84547],[140.61874,35.84553],[140.6186,35.84556],[140.61848,35.84558],[140.61824,35.84564],[140.61762,35.8458],[140.61749,35.84584],[140.61732,35.84589],[140.61714,35.84594],[140.61679,35.84605],[140.61671,35.84608],[140.61595,35.84631],[140.61575,35.84638],[140.61537,35.84652],[140.61474,35.84672],[140.61441,35.84683],[140.61356,35.8471],[140.60721,35.84914],[140.60563,35.84964],[140.60544,35.84969]],[[140.40971,35.89458],[140.41163,35.89511]],[[140.27661,35.80838],[140.27637,35.80853],[140.27614,35.80866],[140.27565,35.80898],[140.27456,35.80966],[140.27412,35.80996],[140.2739,35.81015],[140.2737,35.81038],[140.27368,35.81042],[140.27361,35.8105],[140.27359,35.81053],[140.27314,35.81116],[140.27227,35.81234],[140.27181,35.813],[140.2718,35.81303],[140.27179,35.81303],[140.27135,35.81366],[140.27088,35.81435],[140.27083,35.81442],[140.27079,35.8145],[140.27078,35.81451],[140.27076,35.81453],[140.2701,35.81546],[140.26978,35.8159],[140.26925,35.81661],[140.26849,35.81751],[140.26711,35.81902],[140.26709,35.81903],[140.26667,35.81951],[140.26644,35.81977],[140.26635,35.81987],[140.26633,35.81989],[140.26626,35.81997],[140.26582,35.82046],[140.26537,35.82098],[140.26535,35.82099],[140.2649,35.8215],[140.2643,35.82217],[140.26358,35.82297],[140.26286,35.82377],[140.26265,35.82402],[140.26264,35.82403],[140.26178,35.82498],[140.26128,35.82551],[140.2612,35.82559],[140.2609,35.82592],[140.26067,35.82613],[140.26064,35.82615],[140.26033,35.82643],[140.25993,35.82675],[140.25955,35.827],[140.25866,35.82761],[140.25782,35.82819],[140.25773,35.82825],[140.25744,35.82844],[140.2564,35.82907],[140.25549,35.82963],[140.2546,35.8302],[140.25363,35.83089],[140.25359,35.83092],[140.25281,35.83142],[140.25231,35.83172],[140.25178,35.83198],[140.2513,35.8322],[140.25058,35.83247],[140.24959,35.83282],[140.24845,35.83325],[140.24777,35.8335],[140.24707,35.83378],[140.24672,35.83394],[140.2464,35.83407],[140.24343,35.83526]],[[140.31387,35.79527],[140.31414,35.79539],[140.31434,35.79553],[140.31443,35.79561],[140.31459,35.79579],[140.31475,35.79599],[140.31486,35.79612],[140.31499,35.7963],[140.3151,35.7964],[140.31516,35.79647],[140.31536,35.79663],[140.31575,35.79685],[140.31604,35.79702],[140.31632,35.79712],[140.31644,35.79716],[140.31668,35.79723],[140.31684,35.79727],[140.31705,35.79726],[140.3173,35.79725],[140.3201,35.79701],[140.32163,35.79687],[140.32411,35.79666],[140.32447,35.79663],[140.32466,35.79661],[140.32488,35.79653],[140.32509,35.79642],[140.32532,35.79633],[140.32547,35.79628]],[[140.34728,35.87646],[140.34845,35.87766]],[[140.49493,35.89413],[140.49539,35.89383],[140.496,35.89343],[140.49669,35.89306],[140.49738,35.89287],[140.49788,35.89277],[140.49815,35.89273],[140.49915,35.89259],[140.49952,35.89253],[140.50122,35.89233],[140.50285,35.89217],[140.5036,35.89219],[140.50445,35.89223],[140.50521,35.89229],[140.50651,35.89239],[140.50772,35.89248],[140.50873,35.89259],[140.50897,35.89261],[140.509,35.89262],[140.51013,35.89279],[140.51015,35.89279],[140.511,35.89296],[140.51167,35.89313],[140.51214,35.89328],[140.51236,35.89335],[140.51311,35.89365],[140.51445,35.8942],[140.51578,35.89473],[140.517,35.89521],[140.51825,35.89566],[140.51923,35.89602],[140.52019,35.89638],[140.52028,35.89641],[140.52079,35.8966],[140.52194,35.89702],[140.52273,35.89721],[140.52297,35.89726],[140.52332,35.89731],[140.52407,35.89738],[140.5246,35.8974],[140.52555,35.89746],[140.52636,35.89752],[140.53003,35.89778],[140.5303,35.89779],[140.53112,35.89782]],[[140.27495,35.73119],[140.27586,35.73251]],[[140.27849,35.80717],[140.27661,35.80838]],[[140.24112,35.83617],[140.24009,35.83656],[140.23944,35.83682],[140.2388,35.83706],[140.23865,35.83713],[140.23685,35.83856],[140.2367,35.83868],[140.23576,35.83938],[140.23536,35.8396],[140.23507,35.83971],[140.23457,35.83983],[140.23411,35.83989],[140.23369,35.8399],[140.23311,35.83986],[140.23245,35.83978],[140.23133,35.83964],[140.23113,35.83962],[140.23078,35.83958],[140.22773,35.83935],[140.22638,35.83925],[140.22519,35.83908],[140.22495,35.83904],[140.22119,35.83831],[140.21988,35.83806],[140.21867,35.83783],[140.21683,35.83747],[140.2159,35.83724],[140.21561,35.83713],[140.215,35.83688],[140.21434,35.83656],[140.2132,35.83599],[140.21127,35.83498],[140.20847,35.83351],[140.20439,35.83138],[140.20274,35.83051],[140.20246,35.83037],[140.20159,35.82993],[140.20117,35.82972],[140.19998,35.82913],[140.19908,35.8288],[140.19853,35.82865],[140.19816,35.82861],[140.19779,35.8286],[140.19714,35.82864],[140.19654,35.82872],[140.19602,35.82887],[140.19542,35.82916],[140.19411,35.83005]],[[140.33967,35.83249],[140.33807,35.83188]],[[140.3871,35.76693],[140.3877,35.7678],[140.388,35.76828],[140.38883,35.76973],[140.38893,35.77001],[140.38896,35.77025],[140.38893,35.77063],[140.3889,35.77096],[140.38882,35.77116],[140.38866,35.77143],[140.38846,35.77178]],[[140.38846,35.77178],[140.38676,35.77414]],[[140.24343,35.83526],[140.24112,35.83617]],[[140.49261,35.89573],[140.49493,35.89413]],[[140.53946,35.89857],[140.54033,35.89855],[140.54089,35.89854],[140.54128,35.8985],[140.54207,35.8984],[140.54283,35.89827],[140.5433,35.89816],[140.54362,35.8981],[140.5439,35.89805],[140.54493,35.89784],[140.54595,35.89764],[140.54681,35.89747],[140.54863,35.8971],[140.54872,35.89709],[140.54995,35.89681],[140.55004,35.89679],[140.55048,35.89668],[140.5511,35.89652],[140.55127,35.89648],[140.55256,35.89614],[140.55264,35.89612],[140.55334,35.8959],[140.55366,35.8958],[140.55378,35.89576],[140.55498,35.89534],[140.55664,35.89464],[140.55687,35.89454],[140.5575,35.89425],[140.55755,35.89424],[140.55759,35.89421],[140.55812,35.89397],[140.55829,35.89388],[140.55912,35.89349],[140.56008,35.89302],[140.56017,35.89298],[140.56066,35.89273],[140.56101,35.89255],[140.56127,35.8924],[140.56217,35.89188],[140.5622,35.89186],[140.5624,35.89173],[140.56253,35.89164],[140.56271,35.89151],[140.56411,35.89047],[140.56541,35.88953],[140.56578,35.88924],[140.56581,35.88923],[140.56609,35.88901],[140.56654,35.88866],[140.56733,35.88803],[140.56781,35.88763],[140.56814,35.88735],[140.56859,35.88694],[140.56904,35.88652],[140.56933,35.88625],[140.56945,35.88615],[140.56959,35.886]],[[140.5337,35.89795],[140.53471,35.89802],[140.53592,35.89812],[140.53784,35.89835],[140.53823,35.8984],[140.53865,35.89846],[140.53903,35.89851],[140.53946,35.89857]],[[140.27114,35.71746],[140.27146,35.71767],[140.27174,35.7179],[140.27199,35.71816],[140.27227,35.71846],[140.27248,35.71881],[140.27268,35.71918],[140.27279,35.71957],[140.27284,35.71991],[140.27285,35.72031],[140.27277,35.72115],[140.27251,35.72193],[140.27204,35.72343],[140.27185,35.72404],[140.27172,35.72451]],[[140.27114,35.71746],[140.27147,35.71778],[140.27187,35.71822],[140.2721,35.71857],[140.27229,35.71891],[140.27249,35.71936],[140.27258,35.71965],[140.2726,35.71991],[140.27255,35.72061],[140.27211,35.7222],[140.27184,35.72302],[140.27168,35.72357],[140.27166,35.72421],[140.27172,35.72451]],[[140.65527,35.83993],[140.65638,35.83893]],[[140.34845,35.87766],[140.34867,35.87789],[140.34894,35.87816],[140.34937,35.8786],[140.34953,35.87876],[140.35042,35.87956],[140.3505,35.87962],[140.35119,35.88015],[140.35169,35.88044],[140.3525,35.88082],[140.3532,35.88112],[140.35395,35.88139],[140.35442,35.88151],[140.35477,35.88157],[140.35546,35.88166],[140.3608,35.88246],[140.36245,35.8827],[140.36947,35.88377],[140.3717,35.88409],[140.37251,35.88422],[140.37384,35.88443],[140.37845,35.88516],[140.38473,35.88611],[140.38481,35.88612],[140.38536,35.8862],[140.38862,35.88669],[140.38952,35.88685],[140.38972,35.8869],[140.38982,35.88692],[140.39031,35.88706],[140.3909,35.88727],[140.39157,35.88754],[140.39316,35.88822],[140.39716,35.88997],[140.39957,35.89101],[140.40112,35.89168],[140.40402,35.89294],[140.40452,35.89314],[140.4055,35.89342],[140.40971,35.89458]],[[140.5337,35.89795],[140.53112,35.89782]],[[140.31281,35.78287],[140.31253,35.78314],[140.31242,35.78325],[140.31227,35.78341],[140.31213,35.78354],[140.31211,35.78358],[140.31201,35.78368],[140.31173,35.78404],[140.31161,35.78437],[140.31157,35.78477],[140.31159,35.78591],[140.31168,35.78699],[140.31174,35.78748],[140.31174,35.78749],[140.31181,35.78812],[140.31185,35.7886],[140.31184,35.78931],[140.31181,35.78952],[140.31177,35.7901],[140.31175,35.79053],[140.31177,35.79096],[140.31183,35.79156],[140.31184,35.79163],[140.31197,35.79231],[140.31209,35.79269],[140.31222,35.79301],[140.31243,35.79336],[140.31262,35.79365],[140.31277,35.79385],[140.31278,35.79385],[140.31294,35.79408],[140.31336,35.79463],[140.31355,35.79487],[140.31376,35.79514],[140.3138,35.7952],[140.31387,35.79527]],[[140.38551,35.76452],[140.3871,35.76693]],[[140.25547,35.7073],[140.25634,35.70771],[140.25674,35.70792],[140.25702,35.70815],[140.25729,35.70841],[140.25767,35.7088],[140.25791,35.70927],[140.25821,35.70993],[140.25844,35.71047],[140.25871,35.71097],[140.25899,35.71134],[140.25932,35.71163],[140.25982,35.71196],[140.26039,35.71231],[140.2609,35.71257],[140.26156,35.71288],[140.26159,35.71289],[140.26346,35.71376],[140.26581,35.71489],[140.26708,35.7155],[140.26889,35.71636],[140.27001,35.71688],[140.27114,35.71746]],[[140.72145,35.79245],[140.72034,35.79356]],[[140.41163,35.89511],[140.41231,35.89532],[140.41441,35.89587],[140.41495,35.89598],[140.41539,35.89605],[140.4158,35.8961],[140.41589,35.8961],[140.41626,35.89613],[140.41697,35.89614],[140.41742,35.89611],[140.41797,35.89606],[140.41833,35.89602],[140.41894,35.89589],[140.4198,35.8957],[140.42231,35.8951],[140.42663,35.89407],[140.42839,35.89365],[140.43289,35.89258],[140.43384,35.89235],[140.43891,35.89116],[140.44353,35.89006],[140.44369,35.89003],[140.44848,35.88887],[140.45029,35.88846],[140.45158,35.88824],[140.45196,35.88819],[140.45259,35.88819],[140.45341,35.88827],[140.45427,35.88845],[140.4545,35.88852],[140.45481,35.88862],[140.45516,35.88874],[140.45528,35.88879],[140.45612,35.88914],[140.45673,35.88944]],[[140.57076,35.88491],[140.5708,35.88488],[140.57123,35.88445],[140.57219,35.8835],[140.57293,35.88279],[140.57322,35.88252],[140.5748,35.88097],[140.57508,35.88071],[140.57538,35.88041],[140.57595,35.87988],[140.57627,35.87958],[140.57682,35.87905],[140.57707,35.87881],[140.57716,35.87874],[140.57806,35.87786],[140.57815,35.87778],[140.5787,35.87725],[140.57895,35.87701],[140.5795,35.87649],[140.57961,35.87639],[140.58001,35.87601],[140.58046,35.87557],[140.58052,35.87552],[140.58061,35.87543],[140.58114,35.87492],[140.58145,35.87463],[140.58161,35.87446],[140.5817,35.87439],[140.58239,35.87372],[140.58344,35.87269],[140.58398,35.87217],[140.58412,35.87204],[140.58417,35.872],[140.58424,35.87192],[140.58659,35.86966],[140.5878,35.86851],[140.58837,35.86797],[140.58911,35.86727],[140.59047,35.86597],[140.59107,35.8654],[140.59116,35.86531],[140.59167,35.86483],[140.59168,35.86481],[140.59172,35.86479],[140.59184,35.86468],[140.59237,35.86418],[140.59242,35.86415],[140.59248,35.86407],[140.59276,35.86381],[140.59291,35.86368],[140.59369,35.86293],[140.59395,35.86265],[140.5942,35.86233],[140.5943,35.86219],[140.59457,35.86179],[140.5946,35.86176],[140.59481,35.86139],[140.59483,35.86136],[140.59525,35.86051],[140.59546,35.85992],[140.59574,35.85905],[140.59598,35.85832],[140.59605,35.85807],[140.59617,35.85771],[140.59624,35.85749],[140.59637,35.85709],[140.59704,35.85504],[140.59721,35.85452],[140.59724,35.85443],[140.59747,35.85393],[140.59783,35.85337],[140.59819,35.85291],[140.59851,35.85258],[140.5989,35.85225],[140.5993,35.85198],[140.59973,35.85172],[140.60009,35.85153],[140.60029,35.85142],[140.6005,35.85133],[140.60066,35.85125],[140.60091,35.85116],[140.60117,35.85109],[140.60134,35.85102],[140.6014,35.85101],[140.60203,35.8508],[140.60208,35.85079],[140.60238,35.85069],[140.60277,35.85056],[140.6032,35.85043],[140.60331,35.8504],[140.60344,35.85036],[140.6037,35.85028],[140.60376,35.85027]],[[140.33967,35.83249],[140.34059,35.83282],[140.34187,35.83329],[140.34279,35.83365],[140.34311,35.83383],[140.34376,35.83425],[140.34378,35.83429],[140.34397,35.83448],[140.34411,35.83462],[140.34451,35.8351],[140.34468,35.83539],[140.34479,35.83573],[140.34487,35.83607],[140.3449,35.83657],[140.34491,35.83757],[140.34493,35.83829],[140.34499,35.84509],[140.34499,35.84514],[140.34506,35.85067],[140.34507,35.85104],[140.3451,35.85298],[140.34507,35.85342],[140.34502,35.85365],[140.3449,35.85397],[140.34439,35.85512],[140.34342,35.85714],[140.34328,35.85756],[140.34324,35.85779],[140.34308,35.85979],[140.34302,35.86055],[140.34295,35.86217],[140.34298,35.86255],[140.34303,35.86279],[140.34312,35.863],[140.3433,35.86332],[140.34347,35.86359],[140.34442,35.8648],[140.34605,35.86688],[140.34641,35.86738],[140.34663,35.86777],[140.3467,35.86798],[140.34673,35.86808],[140.34682,35.86856],[140.34686,35.86901],[140.34686,35.86948],[140.3468,35.86989],[140.34673,35.87015],[140.34647,35.87072],[140.34594,35.87182],[140.34577,35.87231],[140.34564,35.87279],[140.3456,35.87315],[140.34558,35.87354],[140.34563,35.87388],[140.3457,35.87422],[140.34588,35.87468],[140.34613,35.87512],[140.34643,35.87553],[140.34728,35.87646]],[[140.38449,35.77733],[140.38389,35.77813],[140.38332,35.77893],[140.38273,35.77975],[140.38228,35.78036],[140.38211,35.78058],[140.38084,35.78238],[140.38038,35.78299],[140.38011,35.78334],[140.37975,35.78383],[140.37947,35.78426],[140.37927,35.78452],[140.37902,35.78484],[140.37893,35.78495],[140.37872,35.78519],[140.37848,35.78548],[140.37824,35.78573],[140.3781,35.78588],[140.3779,35.78607],[140.37691,35.78699],[140.37643,35.7874],[140.37545,35.78817],[140.37464,35.78872],[140.37408,35.78909],[140.37387,35.78921],[140.3737,35.78931],[140.37287,35.78981],[140.37274,35.78988],[140.37263,35.78995],[140.37233,35.79008],[140.37188,35.79032],[140.37171,35.7904],[140.37069,35.79081],[140.36905,35.79145],[140.36828,35.79172],[140.36789,35.79186],[140.36723,35.79203],[140.36655,35.79222],[140.36634,35.79227],[140.36605,35.79236],[140.36555,35.79243],[140.365,35.79256],[140.36438,35.79266],[140.36312,35.79282],[140.36212,35.79291],[140.35944,35.79316],[140.35707,35.79339],[140.35649,35.79346],[140.35134,35.79393],[140.34753,35.79426],[140.34655,35.79434],[140.34547,35.79446],[140.34491,35.7945],[140.34486,35.79451],[140.34071,35.79489],[140.3393,35.79502],[140.33496,35.79543],[140.33422,35.79548],[140.33337,35.79556],[140.33233,35.79566],[140.33212,35.79568],[140.32931,35.79593],[140.32828,35.79603],[140.32616,35.79622],[140.32547,35.79628]],[[140.38676,35.77414],[140.3865,35.77451],[140.38618,35.77491],[140.3861,35.77504],[140.38585,35.77542],[140.38556,35.77584],[140.38531,35.77623],[140.38504,35.77657],[140.38496,35.77668],[140.38449,35.77733]],[[140.70194,35.81935],[140.70162,35.82012],[140.70135,35.8208],[140.70104,35.82133],[140.70073,35.82176],[140.70036,35.82218],[140.69961,35.82291],[140.6982,35.82418],[140.69758,35.82475],[140.69482,35.82714],[140.69448,35.82744],[140.691,35.83045],[140.68899,35.83217],[140.68829,35.83276],[140.68778,35.83313],[140.6873,35.83342],[140.68705,35.83355],[140.68635,35.83392],[140.68552,35.83428],[140.68453,35.83458],[140.68082,35.83564],[140.67989,35.83591],[140.67915,35.8361],[140.67666,35.83657],[140.67638,35.83665],[140.67592,35.83669],[140.67562,35.83671],[140.67514,35.83674],[140.67507,35.83675],[140.67503,35.83675],[140.67498,35.83675],[140.6749,35.83675],[140.6739,35.8368],[140.6726,35.8368],[140.67156,35.83679],[140.67044,35.83677],[140.66944,35.83677],[140.66832,35.83676],[140.66715,35.83674],[140.66629,35.83673],[140.6656,35.83673],[140.6645,35.83672],[140.66358,35.8367],[140.66255,35.83669],[140.66219,35.8367],[140.6617,35.8367],[140.66069,35.83674],[140.66013,35.83681],[140.65959,35.83693],[140.65935,35.837],[140.65927,35.83703],[140.65906,35.8371],[140.65878,35.83721],[140.6584,35.83738],[140.6581,35.83755],[140.65763,35.8379],[140.6575,35.83801],[140.65748,35.83802],[140.65739,35.8381],[140.65638,35.83893]],[[140.57076,35.88491],[140.56959,35.886]],[[140.45673,35.88944],[140.45873,35.89042]],[[140.70236,35.81822],[140.70194,35.81935]],[[140.31278,35.77553],[140.31305,35.77583],[140.31323,35.77608],[140.31338,35.77638],[140.31429,35.77898]],[[140.27849,35.80717],[140.28006,35.80617],[140.28042,35.80593],[140.28045,35.80591],[140.28045,35.8059],[140.2805,35.80588],[140.28056,35.80584],[140.28459,35.80324],[140.28459,35.80322],[140.28465,35.8032],[140.28468,35.80317],[140.28531,35.80277],[140.2856,35.80258],[140.28585,35.80244],[140.28608,35.80231],[140.28641,35.80216],[140.2866,35.80209],[140.28684,35.80201],[140.28715,35.80192],[140.28747,35.80184],[140.28793,35.80175],[140.28828,35.80169],[140.28866,35.80162],[140.28886,35.80157],[140.28919,35.80149],[140.28945,35.80141],[140.28973,35.80131],[140.28996,35.80121],[140.29028,35.80108],[140.29061,35.80092],[140.29083,35.8008],[140.29107,35.80065],[140.29126,35.8005],[140.29149,35.8003],[140.29172,35.80003],[140.29181,35.79991],[140.29199,35.79961],[140.29223,35.79922],[140.2923,35.79908],[140.29273,35.7984],[140.29302,35.79799],[140.29317,35.79782],[140.29325,35.79774],[140.29327,35.79772],[140.29372,35.79736],[140.29419,35.79711],[140.29475,35.79686],[140.29556,35.79651],[140.29692,35.7959],[140.29789,35.79548],[140.29826,35.7953],[140.29858,35.79509],[140.29885,35.79485],[140.29909,35.79459],[140.29936,35.7942],[140.2995,35.79396],[140.29965,35.79366],[140.29965,35.7936],[140.29968,35.79358],[140.29972,35.79349],[140.29973,35.7934],[140.29975,35.79338],[140.29979,35.7933],[140.29979,35.79325],[140.29999,35.79267],[140.30005,35.79249],[140.30031,35.79175],[140.30042,35.79142],[140.30089,35.79003],[140.30101,35.78966],[140.30111,35.78946],[140.30123,35.78914],[140.30134,35.78896],[140.30145,35.78877],[140.30169,35.78843],[140.30214,35.78799],[140.30303,35.78742],[140.30304,35.78741],[140.30313,35.78736],[140.30415,35.78667],[140.30452,35.78638],[140.30518,35.78579],[140.30523,35.78574],[140.30539,35.78559],[140.30586,35.78513],[140.30649,35.78451],[140.3068,35.78426],[140.30711,35.78406],[140.30723,35.78398],[140.30756,35.78382],[140.30798,35.7837],[140.30849,35.78361],[140.30887,35.78357],[140.30931,35.78354],[140.30995,35.78355],[140.31049,35.78356],[140.31091,35.78351],[140.31123,35.78344],[140.31169,35.78333],[140.31232,35.7831],[140.31262,35.78298],[140.31281,35.78287]],[[140.27586,35.73251],[140.27626,35.73309],[140.2769,35.73399],[140.27716,35.73432],[140.27751,35.73466],[140.27787,35.73497],[140.27812,35.73513],[140.27841,35.73529],[140.27866,35.73541],[140.27934,35.73565],[140.28008,35.73586],[140.28108,35.73607],[140.28141,35.73619],[140.2824,35.73665],[140.28341,35.73711],[140.2843,35.73752],[140.28502,35.73787],[140.28519,35.73797],[140.28543,35.73811],[140.28573,35.73831],[140.28613,35.73863],[140.2864,35.7389],[140.28674,35.73926],[140.28697,35.73957],[140.28724,35.74001],[140.28758,35.74065],[140.28791,35.74127],[140.28816,35.74171],[140.28856,35.7423],[140.28888,35.74269],[140.28947,35.74333],[140.28988,35.74378],[140.29018,35.7442],[140.29038,35.74453],[140.29061,35.74511],[140.29079,35.74562],[140.29093,35.746],[140.29119,35.74658],[140.2915,35.74708],[140.29173,35.74736],[140.29211,35.74771],[140.29262,35.74811],[140.29368,35.74868],[140.29474,35.74923],[140.29701,35.75048],[140.29884,35.75144],[140.2989,35.75147],[140.30115,35.75262],[140.30238,35.75324],[140.30249,35.7533],[140.30265,35.75339],[140.30284,35.75347],[140.30304,35.75357],[140.30328,35.75367],[140.30333,35.75371],[140.30335,35.75371],[140.30422,35.75411],[140.30434,35.75417],[140.30436,35.75418],[140.30481,35.75437],[140.30486,35.7544],[140.30499,35.75445],[140.30508,35.7545],[140.30521,35.75456],[140.30544,35.75467],[140.30554,35.75471],[140.3058,35.75485],[140.30626,35.75511],[140.30651,35.75527],[140.30671,35.75544],[140.30701,35.75571],[140.30726,35.75598],[140.30735,35.75611],[140.30741,35.75618],[140.30746,35.75627],[140.30751,35.75637],[140.30756,35.75645],[140.30757,35.75649],[140.3076,35.75657],[140.30773,35.75695],[140.30779,35.7572],[140.30783,35.75736],[140.30785,35.75753],[140.30785,35.75789],[140.30783,35.75835],[140.30777,35.75876],[140.30768,35.75915],[140.30741,35.76017],[140.3074,35.76019],[140.30707,35.76143],[140.30697,35.76181],[140.30689,35.76206],[140.30671,35.76265],[140.30667,35.76289],[140.30666,35.76294],[140.30665,35.76297],[140.30662,35.76332],[140.30662,35.76373],[140.30667,35.76403],[140.30679,35.76443],[140.30691,35.76472],[140.30738,35.76573],[140.30755,35.7661],[140.30759,35.76623],[140.30766,35.76645],[140.30772,35.7667],[140.30774,35.76684],[140.30772,35.76706],[140.30769,35.76726],[140.30768,35.76737],[140.30767,35.76746],[140.30759,35.76822],[140.30757,35.76865],[140.30758,35.76897],[140.3076,35.76911],[140.30766,35.76942],[140.30772,35.7696],[140.30793,35.77012],[140.30799,35.77022],[140.30817,35.77057],[140.30842,35.77098],[140.30852,35.77114],[140.30868,35.77137],[140.30888,35.77164],[140.30907,35.77184],[140.30949,35.77227],[140.31031,35.77309],[140.31034,35.77311],[140.31083,35.77362],[140.31126,35.77402],[140.31238,35.77514],[140.31242,35.77517],[140.31278,35.77553]],[[140.70236,35.81822],[140.70277,35.81704],[140.70323,35.81571],[140.70357,35.81476],[140.70406,35.81374],[140.70461,35.81285],[140.70609,35.81074],[140.70741,35.8089],[140.70779,35.80836],[140.70818,35.80781],[140.71017,35.80494],[140.71179,35.80268],[140.71286,35.8012],[140.71337,35.80057],[140.71356,35.80033],[140.71414,35.79967],[140.7154,35.79839],[140.71815,35.79568],[140.72034,35.79356]],[[140.75978,35.76481],[140.75878,35.76529],[140.75803,35.76555]],[[140.27172,35.72451],[140.27192,35.72565],[140.27216,35.72672],[140.27236,35.72732],[140.27254,35.72769],[140.27268,35.72792],[140.27323,35.7287],[140.27396,35.72977],[140.27495,35.73119]],[[140.45873,35.89042],[140.46041,35.89123],[140.4616,35.8918],[140.46545,35.89366],[140.47027,35.89595],[140.47116,35.89637],[140.47289,35.89717],[140.4746,35.89798],[140.4754,35.89839],[140.47575,35.89861],[140.47622,35.89898],[140.47739,35.90003],[140.47837,35.90098],[140.47861,35.90117],[140.47899,35.90141],[140.47941,35.90165],[140.47974,35.90178],[140.47984,35.90181],[140.48021,35.90193],[140.4806,35.90202],[140.48105,35.90209],[140.4815,35.9021],[140.48188,35.90209],[140.48233,35.90206],[140.48273,35.902],[140.48313,35.9019],[140.48363,35.90174],[140.48423,35.90142],[140.48681,35.89965],[140.48919,35.89805],[140.48961,35.89777],[140.48998,35.89753],[140.49183,35.89626],[140.49261,35.89573]],[[140.33807,35.83188],[140.33736,35.8316],[140.33703,35.83139],[140.33673,35.8312],[140.33633,35.83088],[140.33597,35.83058],[140.33559,35.83023],[140.33521,35.82987],[140.33504,35.82971],[140.33494,35.8296],[140.33476,35.82944],[140.33456,35.82923],[140.33441,35.82909],[140.33431,35.829],[140.33361,35.82829],[140.33306,35.82775],[140.33248,35.82717],[140.33185,35.82655],[140.33127,35.82597],[140.33056,35.82527],[140.33025,35.82499],[140.3301,35.82484],[140.32999,35.82473],[140.32993,35.82464],[140.32978,35.82438],[140.32967,35.82423],[140.32961,35.82409],[140.32947,35.82382],[140.32937,35.82361],[140.32892,35.82261],[140.32865,35.82203],[140.32818,35.82103],[140.32796,35.82056],[140.32795,35.82051],[140.32793,35.82048],[140.32774,35.82007],[140.32757,35.81968],[140.32748,35.81947],[140.32732,35.81915],[140.32721,35.81895],[140.32711,35.81866],[140.32701,35.81838],[140.32699,35.81824],[140.32697,35.8182],[140.32696,35.81802],[140.32695,35.81743],[140.32695,35.81706],[140.32695,35.81698],[140.32692,35.81667],[140.32687,35.81553],[140.32683,35.81435],[140.3268,35.81351],[140.32681,35.81333],[140.3268,35.81317],[140.32678,35.81305],[140.32676,35.81298],[140.32672,35.81278],[140.32672,35.81273],[140.32669,35.81263],[140.32659,35.81236],[140.32636,35.81193],[140.32622,35.81171],[140.32621,35.81167],[140.32615,35.81159],[140.32606,35.81143],[140.32603,35.8114],[140.32578,35.81098],[140.32575,35.81093],[140.32567,35.81081],[140.32563,35.81072],[140.32519,35.81],[140.3247,35.80919],[140.32435,35.80862],[140.3241,35.8082],[140.32385,35.80779],[140.32381,35.80771],[140.32377,35.80765],[140.32373,35.80763],[140.32345,35.80712],[140.32335,35.80696],[140.32332,35.80693],[140.32309,35.80653],[140.32307,35.80651],[140.32301,35.8064],[140.32279,35.80602],[140.32277,35.806],[140.32275,35.80595],[140.32266,35.8058],[140.32263,35.80579],[140.32232,35.80524],[140.32217,35.80499],[140.32176,35.80426],[140.32164,35.80407],[140.32144,35.80379],[140.32126,35.80356],[140.32121,35.80352],[140.32113,35.80342],[140.32096,35.80325],[140.32089,35.80317],[140.32087,35.80316],[140.32084,35.80312],[140.32032,35.80267],[140.32018,35.80255],[140.31995,35.80234],[140.31975,35.80218],[140.31866,35.8012],[140.31844,35.80098],[140.31834,35.80089],[140.31811,35.80068],[140.31795,35.8005],[140.31772,35.80024],[140.31768,35.80019],[140.31746,35.79989],[140.31732,35.79971],[140.31714,35.79948],[140.31607,35.79809],[140.31564,35.79752],[140.31532,35.79712],[140.31514,35.79688],[140.31491,35.79658],[140.31481,35.79645],[140.31479,35.79643],[140.31461,35.7962],[140.31408,35.79555],[140.31387,35.79527]],[[140.31281,35.78287],[140.31329,35.78239],[140.31329,35.78238],[140.31364,35.78204],[140.3143,35.78136],[140.31442,35.78118],[140.31443,35.78117],[140.31448,35.78106],[140.31448,35.78103],[140.31453,35.78095],[140.31458,35.78079],[140.3146,35.78062],[140.31462,35.78034],[140.31461,35.78023],[140.31458,35.77995],[140.31455,35.77978],[140.31442,35.77937],[140.31429,35.77898]],[[140.72145,35.79245],[140.72435,35.78961],[140.72495,35.78904],[140.72531,35.78869],[140.72639,35.78766],[140.72914,35.785],[140.73182,35.78242],[140.73209,35.78215],[140.73482,35.77958],[140.73802,35.77648],[140.73926,35.77528],[140.74058,35.774],[140.74278,35.77189],[140.74375,35.77092],[140.74486,35.76987],[140.7455,35.76935],[140.74603,35.76898],[140.74667,35.76861],[140.74707,35.76839],[140.74746,35.7682],[140.74765,35.76811],[140.74814,35.76792],[140.74828,35.76787],[140.74838,35.76784],[140.74852,35.76779],[140.7488,35.7677],[140.74947,35.7675],[140.74953,35.76749],[140.75,35.76737],[140.75041,35.76729],[140.75063,35.76723],[140.75076,35.76721],[140.7514,35.76708],[140.75157,35.76704],[140.75193,35.76696],[140.7521,35.76692],[140.75233,35.76688],[140.75247,35.76684],[140.75275,35.76679],[140.75295,35.76675],[140.75319,35.76669],[140.75509,35.76628],[140.75526,35.76625],[140.7554,35.76622],[140.75551,35.7662],[140.75611,35.76606],[140.75636,35.76599],[140.75683,35.76589],[140.75685,35.76588],[140.75711,35.76582],[140.75797,35.76556],[140.75803,35.76555]],[[140.01224,35.87292],[140.0136,35.87296]],[[140.01224,35.87292],[140.01204,35.87292],[140.01073,35.8729],[140.00873,35.8727],[140.00861,35.87269]],[[140.10606,35.8623],[140.10483,35.86215],[140.10394,35.86204],[140.10248,35.86197],[140.10168,35.86202],[140.10095,35.86219],[140.10042,35.86238],[140.09937,35.86275],[140.09871,35.86298],[140.09726,35.86349],[140.09591,35.86391],[140.09499,35.86405],[140.09425,35.86406],[140.09399,35.86406],[140.09348,35.86401],[140.0929,35.86391],[140.09179,35.86365],[140.09158,35.86362],[140.09064,35.86346],[140.09036,35.86346],[140.09002,35.86346],[140.08929,35.86353],[140.08876,35.86368],[140.08786,35.86408],[140.08591,35.8649],[140.08571,35.86498],[140.08252,35.86639],[140.08181,35.86665],[140.08151,35.86671],[140.08125,35.86677],[140.07914,35.86703]],[[140.19411,35.83005],[140.19314,35.83073],[140.19209,35.83143]],[[140.13339,35.84839],[140.13256,35.85031]],[[140.04648,35.86889],[140.04089,35.86836],[140.03983,35.86826],[140.03726,35.86803],[140.03622,35.868],[140.03544,35.86803],[140.03481,35.86807],[140.03444,35.86814],[140.0289,35.8691],[140.02861,35.86915],[140.0254,35.8697],[140.02449,35.86994],[140.0238,35.87015],[140.02344,35.87037],[140.02238,35.87109],[140.02196,35.87139],[140.02046,35.87246],[140.01984,35.87281],[140.01933,35.873],[140.01898,35.87308],[140.01856,35.87311],[140.01836,35.8731],[140.0168,35.87306],[140.0136,35.87296]],[[140.19209,35.83143],[140.19148,35.8318],[140.18993,35.83265],[140.18943,35.83288],[140.18592,35.83427],[140.18397,35.83503],[140.18053,35.83645],[140.1803,35.83656],[140.17906,35.83705],[140.17852,35.83724],[140.17742,35.8375],[140.17625,35.83774],[140.17116,35.83878],[140.17057,35.83887],[140.17005,35.83892],[140.16908,35.83895],[140.16476,35.83911],[140.16413,35.83913],[140.16041,35.83925],[140.15909,35.83928],[140.15739,35.83933],[140.15701,35.83937],[140.15648,35.83945],[140.15494,35.83967],[140.15454,35.83972],[140.15375,35.83976],[140.15349,35.83976],[140.15305,35.83975],[140.1524,35.83967],[140.15185,35.83949],[140.15134,35.83933],[140.15097,35.8392],[140.15061,35.83913],[140.15021,35.83909],[140.1493,35.83898]],[[140.13256,35.85031],[140.13173,35.85226],[140.1315,35.85279],[140.13104,35.85385],[140.13066,35.85449],[140.12965,35.85589],[140.12944,35.8562],[140.12913,35.85653],[140.12885,35.85678],[140.12848,35.85705],[140.12777,35.85739],[140.12709,35.85762],[140.12656,35.85774],[140.12602,35.85788],[140.12465,35.85809],[140.12443,35.85814],[140.12359,35.85845],[140.12307,35.85864],[140.12173,35.85915],[140.11954,35.85998],[140.11903,35.86017],[140.11399,35.8621],[140.1136,35.86225],[140.11223,35.86272],[140.11156,35.86278],[140.1101,35.86277],[140.10804,35.8625]],[[140.04873,35.86907],[140.04648,35.86889]],[[140.07914,35.86703],[140.07675,35.86736]],[[140.10804,35.8625],[140.10606,35.8623]],[[140.07675,35.86736],[140.07434,35.86768],[140.07353,35.86778],[140.06925,35.86837],[140.06642,35.86875],[140.06385,35.86912],[140.06077,35.86954],[140.06044,35.86958],[140.0588,35.86982],[140.05803,35.86986],[140.05549,35.86964],[140.05459,35.86956],[140.05099,35.86926],[140.04895,35.86909],[140.04873,35.86907]],[[140.1493,35.83898],[140.14668,35.83878]],[[140.14668,35.83878],[140.14559,35.8387],[140.14507,35.8387],[140.14456,35.8387],[140.14403,35.83875],[140.14353,35.83883],[140.14314,35.83895],[140.14292,35.83906],[140.14274,35.83915],[140.14232,35.83943],[140.14149,35.84011],[140.14118,35.84037],[140.13917,35.84199],[140.13843,35.8426],[140.13747,35.84338],[140.13731,35.84351],[140.13715,35.84365],[140.13618,35.84445],[140.13497,35.84545],[140.13475,35.84567],[140.13456,35.84588],[140.1344,35.84609],[140.13432,35.84622],[140.13419,35.84652],[140.13378,35.84753],[140.13365,35.84786],[140.13339,35.84839]],[[140.22555,35.70959],[140.2258,35.70962],[140.22765,35.70985],[140.22802,35.7099]]]}},{"properties":{"name":"日光線","uri":"https://uedayou.net/jrslod/東日本旅客鉄道/日光線","color":"A52A2A"},"type":"Feature","geometry":{"type":"MultiLineString","coordinates":[[[139.68818,36.71994],[139.68874,36.71964],[139.68903,36.71947],[139.68915,36.71942],[139.68963,36.71916],[139.68987,36.71903],[139.68989,36.71902],[139.69047,36.71871],[139.69057,36.71865],[139.6909,36.71849],[139.69143,36.7182],[139.69147,36.71818],[139.69187,36.71797],[139.69205,36.71786],[139.69306,36.71734],[139.69363,36.71703],[139.69371,36.71698],[139.6938,36.71694],[139.69414,36.71675],[139.69447,36.71654],[139.69484,36.71627],[139.69505,36.71608],[139.69619,36.71502],[139.69634,36.7149],[139.69674,36.71453],[139.6971,36.71419],[139.69756,36.71378],[139.69834,36.71308],[139.69836,36.71306],[139.69921,36.71229],[139.69989,36.71168],[139.7002,36.71141],[139.70075,36.71091],[139.7012,36.71052],[139.70188,36.7099],[139.70262,36.70924],[139.70289,36.70898],[139.70303,36.70887],[139.70324,36.70866],[139.70336,36.70857],[139.70359,36.70834],[139.70398,36.70798],[139.70414,36.70783],[139.70434,36.70765],[139.70469,36.70733],[139.70506,36.707],[139.70563,36.70648],[139.70675,36.70547],[139.70682,36.70542],[139.70693,36.70533],[139.70763,36.7048],[139.70769,36.70477],[139.70775,36.70473],[139.70829,36.70436],[139.70859,36.7042],[139.70897,36.70403],[139.70934,36.70387],[139.70955,36.70379],[139.70988,36.70364],[139.70992,36.70362],[139.70995,36.70362],[139.71092,36.70321],[139.71197,36.70277],[139.7139,36.70196],[139.71453,36.7017],[139.7155,36.7013],[139.71562,36.70124],[139.71575,36.70119],[139.71653,36.70087],[139.71717,36.70059],[139.71741,36.70046],[139.71782,36.70024],[139.71834,36.69991],[139.71876,36.69964],[139.71936,36.69918],[139.71975,36.69887],[139.71999,36.69866],[139.72002,36.69865],[139.72033,36.69839],[139.72191,36.69712],[139.72216,36.69691],[139.72439,36.69508],[139.72461,36.6949],[139.72469,36.69485],[139.72541,36.69425],[139.72639,36.69345],[139.7265,36.69337],[139.72816,36.692],[139.72853,36.69171],[139.72932,36.69104],[139.72935,36.69103],[139.72948,36.6909],[139.72979,36.69064],[139.7301,36.69038],[139.73041,36.69006],[139.73059,36.68985],[139.73072,36.68969],[139.73082,36.68952],[139.73086,36.68945],[139.73107,36.68909],[139.7313,36.6887],[139.73194,36.68739],[139.73205,36.68719]],[[139.89807,36.55697],[139.89878,36.55992],[139.89938,36.56253]],[[139.85814,36.53821],[139.85585,36.53794],[139.85343,36.53766],[139.85258,36.53756],[139.85165,36.53746],[139.85063,36.53738],[139.8502,36.53736],[139.84955,36.53735],[139.84881,36.53734],[139.84812,36.53739],[139.84777,36.53742],[139.84743,36.53747],[139.84693,36.53754],[139.84207,36.53828],[139.83605,36.53924],[139.83561,36.5393],[139.83344,36.53964],[139.8324,36.53982],[139.83157,36.54005],[139.8312,36.54022],[139.83095,36.54035],[139.83068,36.54053],[139.83016,36.54098],[139.82914,36.54199],[139.82863,36.5425],[139.8279,36.54319],[139.82754,36.54348],[139.82719,36.54374],[139.82692,36.54389],[139.82661,36.54405],[139.82638,36.54412],[139.82608,36.54422],[139.82066,36.54538],[139.81939,36.54565],[139.81883,36.54577],[139.81878,36.54578],[139.81567,36.54645],[139.81441,36.54671],[139.80802,36.54807],[139.80721,36.54827],[139.80597,36.54871],[139.8051,36.54909],[139.80029,36.55116],[139.79531,36.55331],[139.79361,36.55404],[139.7882,36.55639],[139.78552,36.55753],[139.78023,36.55978],[139.77572,36.56174],[139.77308,36.56288],[139.76859,36.56481],[139.76767,36.56519],[139.76714,36.56548],[139.76663,36.56582],[139.76611,36.56619],[139.76574,36.56654],[139.76528,36.5671],[139.76488,36.5677],[139.76334,36.57058]],[[139.85946,36.53835],[139.85814,36.53821]],[[139.68818,36.71994],[139.68655,36.72081]],[[139.62033,36.74884],[139.62083,36.74844],[139.62107,36.74825],[139.62113,36.7482],[139.6213,36.74806],[139.62151,36.7479]],[[139.68655,36.72081],[139.68588,36.72114],[139.68573,36.72123],[139.68552,36.72134],[139.68501,36.72161],[139.68473,36.72176],[139.68471,36.72177],[139.68452,36.72188],[139.6841,36.7221],[139.68383,36.72225],[139.68379,36.72227],[139.68254,36.72294],[139.68236,36.72304],[139.682,36.72321],[139.68168,36.72334],[139.68124,36.72352],[139.68066,36.72375],[139.68017,36.7239],[139.67972,36.72403],[139.67945,36.72411],[139.6792,36.72419],[139.67896,36.72427],[139.67812,36.7245],[139.67793,36.72455],[139.67784,36.72458],[139.67761,36.72463],[139.67602,36.72505],[139.67561,36.72516],[139.67527,36.72526],[139.67419,36.72553],[139.6731,36.72581],[139.67154,36.72623],[139.6706,36.72647],[139.67029,36.72656],[139.66986,36.72668],[139.6692,36.72687],[139.66782,36.7274],[139.6677,36.72744],[139.66708,36.72769],[139.66701,36.72771],[139.66598,36.72811],[139.66558,36.72826],[139.6649,36.72853],[139.66416,36.72882],[139.66129,36.72994],[139.66057,36.73022],[139.65982,36.73051],[139.65963,36.73058],[139.65927,36.73072],[139.65893,36.73086],[139.65829,36.7311],[139.6577,36.73133],[139.65739,36.73145],[139.65545,36.7322],[139.65434,36.73261],[139.65422,36.73266],[139.65353,36.73286],[139.65347,36.73287],[139.6534,36.73289],[139.65328,36.73292],[139.65318,36.73296],[139.65273,36.73309],[139.65241,36.73319],[139.6513,36.7335],[139.65115,36.73355],[139.65068,36.73368],[139.65008,36.73385],[139.64845,36.73431],[139.64738,36.73458],[139.64626,36.73488],[139.64554,36.73509],[139.64401,36.7356],[139.64353,36.7358],[139.64324,36.73594],[139.6429,36.73614],[139.6428,36.73619],[139.64219,36.73654],[139.64135,36.73701],[139.64128,36.73703],[139.64064,36.7373],[139.64003,36.73755],[139.63831,36.7382],[139.63798,36.73832],[139.63795,36.73834],[139.63747,36.73852],[139.63737,36.73856],[139.63714,36.73867],[139.63573,36.73957],[139.63508,36.73998],[139.6347,36.7402],[139.6344,36.74034],[139.63403,36.74045],[139.63335,36.74067],[139.63236,36.74098],[139.63152,36.74124],[139.63129,36.74132],[139.63105,36.7414],[139.6303,36.74168],[139.62977,36.74191],[139.62933,36.74212],[139.62868,36.74253],[139.62833,36.74276],[139.62798,36.74302],[139.62771,36.74321],[139.62748,36.74338],[139.6271,36.74366],[139.62704,36.7437],[139.62625,36.74432],[139.62594,36.74455],[139.62547,36.74492],[139.62504,36.74524],[139.62454,36.74563],[139.62404,36.74598],[139.62362,36.74631],[139.62317,36.74666],[139.62288,36.74689]],[[139.7281,36.63702],[139.72801,36.63725],[139.72755,36.63852]],[[139.76334,36.57058],[139.76265,36.5718]],[[139.85946,36.53835],[139.8613,36.53859],[139.86229,36.5387],[139.8642,36.53893],[139.86485,36.539],[139.86732,36.53929],[139.87173,36.53982],[139.87557,36.54028],[139.88041,36.54084],[139.88268,36.54116],[139.8827,36.54116],[139.88327,36.5413],[139.88356,36.54141],[139.88393,36.54158],[139.88446,36.54192],[139.88478,36.54216],[139.88527,36.54257]],[[139.88527,36.54257],[139.88542,36.54275],[139.88609,36.54354],[139.88647,36.54395],[139.88708,36.54458],[139.88783,36.54528],[139.88915,36.54646],[139.89174,36.54874],[139.89212,36.54908],[139.89383,36.55058],[139.8951,36.55169],[139.89548,36.55202],[139.89591,36.5524],[139.89629,36.5528],[139.89662,36.55316],[139.89693,36.55356],[139.8971,36.55377],[139.89729,36.55431],[139.89742,36.55474],[139.89747,36.55487],[139.89786,36.55618],[139.89807,36.55697]],[[139.72755,36.63852],[139.72746,36.63873],[139.72745,36.63879],[139.7267,36.64091],[139.72625,36.64216],[139.72577,36.64349],[139.72558,36.64403],[139.72422,36.64779],[139.72382,36.64895],[139.72341,36.65003],[139.72326,36.65043],[139.72322,36.65056],[139.72306,36.65105],[139.72291,36.65153],[139.72286,36.65173],[139.72285,36.65179],[139.72286,36.65232],[139.72288,36.65273],[139.72291,36.65285],[139.723,36.65336],[139.72356,36.65607],[139.72389,36.65765],[139.72396,36.65805],[139.72399,36.65818],[139.72404,36.65857],[139.72407,36.65889],[139.72408,36.65921],[139.72407,36.65946],[139.72404,36.6597],[139.72403,36.65981],[139.72398,36.66011],[139.72392,36.66035],[139.72385,36.66058],[139.72378,36.66075],[139.72368,36.66103],[139.72338,36.6618],[139.72295,36.66289],[139.72267,36.66365],[139.72253,36.66395],[139.72245,36.66423],[139.72243,36.66433],[139.72239,36.66458],[139.72239,36.66467],[139.72233,36.66575],[139.72226,36.66709],[139.72223,36.66769],[139.72229,36.66822],[139.72231,36.66835],[139.7224,36.66872],[139.72252,36.66903],[139.72267,36.66934],[139.72296,36.66978],[139.72314,36.67004],[139.72329,36.6702],[139.72349,36.67044],[139.72459,36.67186],[139.72614,36.67381],[139.72651,36.67424],[139.72703,36.67478],[139.72706,36.6748],[139.72779,36.6755],[139.72833,36.67593],[139.72966,36.67696],[139.72991,36.67716],[139.73033,36.67748],[139.7307,36.67777],[139.73118,36.67817],[139.73144,36.6784],[139.73171,36.67868],[139.73217,36.67927],[139.73244,36.67965],[139.73248,36.67974],[139.73267,36.68004],[139.7327,36.6801],[139.73272,36.68012],[139.73281,36.68031],[139.73299,36.68074],[139.73321,36.68146],[139.7333,36.6819],[139.73339,36.68257],[139.7334,36.68308],[139.73339,36.68314],[139.73336,36.6837],[139.73326,36.68418],[139.73325,36.68424],[139.73288,36.68539],[139.73284,36.68546],[139.7328,36.68558],[139.73275,36.68569]],[[139.73275,36.68569],[139.73205,36.68719]],[[139.62288,36.74689],[139.62151,36.7479]],[[139.76265,36.5718],[139.76108,36.57459],[139.76089,36.57493],[139.75969,36.57713],[139.75957,36.57734],[139.75905,36.57827],[139.75779,36.58052],[139.75556,36.58452],[139.75443,36.58646],[139.75412,36.58702],[139.754,36.58728],[139.75389,36.58746],[139.7538,36.58763],[139.75366,36.58786],[139.75356,36.58806],[139.75343,36.58829],[139.75335,36.58846],[139.75318,36.58874],[139.7528,36.58942],[139.75247,36.59004],[139.75232,36.59032],[139.75224,36.59046],[139.75212,36.59069],[139.75188,36.5911],[139.75174,36.59138],[139.75165,36.59151],[139.75132,36.59207],[139.75108,36.5925],[139.75097,36.59273],[139.75096,36.59274],[139.75081,36.59301],[139.75075,36.59312],[139.750701,36.593209],[139.75032,36.59389],[139.74997,36.59457],[139.74984,36.5948],[139.74965,36.59518],[139.74941,36.59565],[139.74916,36.5961],[139.74868,36.597],[139.74846,36.5974],[139.74832,36.5977],[139.74821,36.59786],[139.74798,36.59833],[139.74747,36.59928],[139.74692,36.60025],[139.74673,36.60055],[139.74538,36.60293],[139.74502,36.60357],[139.74473,36.60407],[139.74387,36.60559],[139.74384,36.60565],[139.74323,36.60672],[139.74187,36.60908],[139.74166,36.60947],[139.74146,36.60981],[139.74141,36.6099],[139.74117,36.6103],[139.74064,36.61124],[139.74044,36.61158],[139.73973,36.61281],[139.73941,36.61336],[139.73821,36.61545],[139.73751,36.61665],[139.73671,36.61802],[139.73634,36.61856],[139.73626,36.61867],[139.73548,36.61975],[139.73384,36.62202],[139.73242,36.62401],[139.73172,36.625],[139.7315,36.62529],[139.73144,36.6254],[139.73105,36.62601],[139.73091,36.62631],[139.73084,36.62647],[139.73038,36.62763],[139.73018,36.62817],[139.73017,36.62819],[139.73015,36.62825],[139.73,36.6287],[139.72984,36.62917],[139.7298,36.62929],[139.7298,36.62934],[139.72971,36.62989],[139.72962,36.63045],[139.72957,36.63068],[139.72953,36.63106],[139.72935,36.63236],[139.7293,36.63273],[139.72924,36.63323],[139.72921,36.63344],[139.72916,36.63388],[139.72911,36.63414],[139.72902,36.63447],[139.72897,36.63463],[139.72867,36.63543],[139.7281,36.63702]]]}},{"properties":{"name":"東金線","uri":"https://uedayou.net/jrslod/東日本旅客鉄道/東金線","color":"FF8C00"},"type":"Feature","geometry":{"type":"MultiLineString","coordinates":[[[140.41218,35.60855],[140.41347,35.60856],[140.41378,35.60855]],[[140.41218,35.60855],[140.40838,35.60852]],[[140.31071,35.52317],[140.30908,35.52347],[140.30833,35.5236]],[[140.34136,35.54571],[140.34079,35.54524],[140.33846,35.54324],[140.3366,35.54164],[140.33577,35.54093],[140.33527,35.5405],[140.33398,35.53939],[140.33315,35.53867],[140.33139,35.53715],[140.33119,35.53698],[140.33074,35.53659],[140.33055,35.53642],[140.32994,35.5359],[140.32941,35.53546],[140.3289,35.53502],[140.32756,35.53385],[140.32456,35.53139],[140.3243,35.53118],[140.32399,35.53092],[140.32396,35.53091],[140.32322,35.53029],[140.3232,35.53029],[140.32301,35.53014],[140.32268,35.52985],[140.32265,35.52984],[140.32172,35.52909],[140.32169,35.52904],[140.32038,35.52798],[140.31953,35.52729],[140.31875,35.52665],[140.31873,35.52664],[140.31863,35.52655],[140.31569,35.52414],[140.31521,35.52374]],[[140.39564,35.57938],[140.39671,35.58031]],[[140.39671,35.58031],[140.39678,35.58037],[140.39701,35.58056],[140.39723,35.58076],[140.39732,35.58083],[140.39812,35.58154],[140.39816,35.58156],[140.39821,35.58161],[140.39825,35.58163],[140.39825,35.58166],[140.39832,35.5817],[140.39953,35.58276],[140.39965,35.58288],[140.39971,35.58292],[140.39976,35.58297],[140.40046,35.58357],[140.40092,35.58398],[140.40098,35.58402],[140.40166,35.58462],[140.40257,35.58542],[140.4026,35.58543],[140.40288,35.58568],[140.40359,35.5863],[140.40368,35.58638],[140.40382,35.5865],[140.40384,35.58653],[140.40392,35.58659],[140.40512,35.58766],[140.40514,35.58767],[140.40619,35.58861],[140.40654,35.5889],[140.40671,35.58905],[140.40725,35.58955],[140.40847,35.59062],[140.40916,35.59123],[140.40923,35.59128],[140.40924,35.59129],[140.40933,35.59137],[140.41084,35.5927],[140.41118,35.593],[140.41163,35.59343],[140.41184,35.59368],[140.41219,35.59413],[140.41236,35.59443],[140.41364,35.59696],[140.41455,35.59874],[140.41459,35.5988],[140.41469,35.59901],[140.41479,35.5992],[140.41521,35.60004],[140.41528,35.60018],[140.4153,35.6002],[140.41537,35.60036],[140.41557,35.60075],[140.41573,35.60105],[140.41617,35.60191],[140.41638,35.60233],[140.4164,35.60235],[140.41687,35.60328],[140.41718,35.60389],[140.41726,35.60412],[140.41733,35.60438],[140.41737,35.60473],[140.41737,35.60529],[140.41732,35.60556],[140.41726,35.60582],[140.41709,35.60627],[140.4169,35.60662],[140.41668,35.60691],[140.41633,35.60732],[140.41589,35.60767],[140.41548,35.60792],[140.41505,35.60812],[140.41432,35.60841],[140.41401,35.60851],[140.41396,35.60852],[140.41389,35.60854],[140.41378,35.60855]],[[140.36272,35.55965],[140.36448,35.56054]],[[140.34239,35.54662],[140.34136,35.54571]],[[140.39564,35.57938],[140.3938,35.57776],[140.39379,35.57773],[140.39375,35.57771],[140.39361,35.57761],[140.3936,35.57759],[140.39343,35.57744],[140.3934,35.57742],[140.39336,35.57738],[140.39235,35.57648],[140.39084,35.57516],[140.38991,35.57435],[140.38989,35.57433],[140.38981,35.57427],[140.38976,35.57422],[140.3889,35.5735],[140.38774,35.57254],[140.38772,35.57254],[140.3873,35.5722],[140.3869,35.5719],[140.38655,35.57168],[140.38628,35.57152],[140.38454,35.57065],[140.38417,35.57046],[140.3838,35.57028],[140.38348,35.57011],[140.38301,35.56987],[140.3828,35.56976],[140.38264,35.56968],[140.38114,35.56893],[140.38076,35.56873],[140.38072,35.5687],[140.38023,35.56846],[140.37962,35.56815],[140.37799,35.56732],[140.37615,35.56639],[140.37557,35.5661],[140.37542,35.56603],[140.37515,35.56589],[140.37491,35.56577],[140.3736,35.56512],[140.3728,35.56472],[140.37265,35.56466],[140.37172,35.56419],[140.36448,35.56054]],[[140.36272,35.55965],[140.36111,35.55885],[140.35758,35.5571],[140.3564,35.55651],[140.35539,35.556],[140.35337,35.55498],[140.35202,35.55432],[140.35087,35.55369],[140.35,35.55312],[140.34964,35.55285],[140.34939,35.55264],[140.3491,35.55242],[140.34898,35.55232],[140.34855,35.55194],[140.34842,35.55183],[140.34827,35.55169],[140.34776,35.55125],[140.34755,35.55109],[140.34703,35.55063],[140.34668,35.55033],[140.34636,35.55005],[140.34599,35.54974],[140.34371,35.54776],[140.34239,35.54662]],[[140.31215,35.52288],[140.31174,35.52296],[140.31131,35.52305],[140.31071,35.52317]],[[140.31215,35.52288],[140.31229,35.52285],[140.31266,35.52278],[140.31309,35.52279],[140.31357,35.52291],[140.31377,35.52296],[140.3141,35.5231],[140.31457,35.52335],[140.31483,35.52351],[140.31521,35.52374]]]}},{"properties":{"name":"横浜線","uri":"https://uedayou.net/jrslod/東日本旅客鉄道/横浜線","color":"7FC342"},"type":"Feature","geometry":{"type":"MultiLineString","coordinates":[[[139.4475,35.54106],[139.44786,35.54089],[139.44875,35.54042],[139.44924,35.54017],[139.45037,35.53959],[139.45147,35.53902],[139.45192,35.53878],[139.45254,35.53845],[139.45358,35.53791],[139.45392,35.53773],[139.4543,35.53756],[139.45442,35.53751],[139.45465,35.53741],[139.45499,35.5373],[139.45554,35.53713],[139.45585,35.53711],[139.45611,35.5371],[139.45646,35.5371],[139.45711,35.53709],[139.458,35.5371],[139.45866,35.53713],[139.45916,35.53715],[139.46101,35.53716],[139.4614,35.53716],[139.46244,35.53717],[139.46382,35.53718],[139.4652,35.53719],[139.46584,35.53719],[139.46646,35.53719],[139.46702,35.53717],[139.46754,35.53714],[139.46805,35.53709],[139.46881,35.53698],[139.4693,35.53689],[139.47002,35.53669],[139.47047,35.53656],[139.4709,35.53642],[139.47132,35.53624],[139.47163,35.53611],[139.47196,35.53596],[139.47217,35.53584]],[[139.47217,35.53584],[139.47309,35.53532],[139.47364,35.53498]],[[139.37162,35.58097],[139.3708,35.58141],[139.37041,35.58159],[139.36966,35.58198]],[[139.44568,35.54203],[139.4475,35.54106]],[[139.37162,35.58097],[139.3718,35.58087],[139.3742,35.57958],[139.3758,35.57874],[139.37646,35.5784],[139.37833,35.57742],[139.37987,35.57661],[139.38122,35.57591],[139.38233,35.57532],[139.38424,35.57429],[139.38577,35.5735]],[[139.39439,35.56897],[139.39486,35.56873],[139.3952,35.56856],[139.39541,35.56846],[139.39681,35.56775]],[[139.3873,35.57269],[139.38795,35.57234],[139.38883,35.57188],[139.39011,35.57122],[139.39136,35.57056],[139.39343,35.56948],[139.39439,35.56897]],[[139.39681,35.56775],[139.39727,35.56751],[139.39766,35.5673],[139.3987,35.56675],[139.40006,35.56602],[139.40041,35.56584],[139.40134,35.56535],[139.40208,35.56497],[139.40356,35.56421],[139.40422,35.56385],[139.40495,35.56348],[139.40599,35.56295],[139.40688,35.56246],[139.40793,35.56192],[139.40906,35.56132],[139.40973,35.56096],[139.41063,35.5605],[139.41223,35.55965],[139.41387,35.55879],[139.41563,35.55787],[139.41663,35.55734],[139.41787,35.55672],[139.41885,35.55618],[139.41905,35.55608]],[[139.38577,35.5735],[139.38616,35.5733],[139.38697,35.57287],[139.3873,35.57269]],[[139.41905,35.55608],[139.41943,35.55588]],[[139.41943,35.55588],[139.42001,35.55556],[139.42085,35.55514],[139.42175,35.55466],[139.42282,35.55409],[139.42401,35.55347],[139.4254,35.55274],[139.42663,35.55211],[139.42743,35.55169],[139.42778,35.55151],[139.42806,35.55136],[139.42818,35.5513],[139.42871,35.55101],[139.42915,35.55079],[139.43011,35.55028],[139.43032,35.55018],[139.43141,35.54961],[139.43231,35.54911],[139.43354,35.54848],[139.43469,35.54786],[139.43577,35.5473],[139.43696,35.54667],[139.43804,35.54612],[139.43851,35.54587],[139.43898,35.54564],[139.43962,35.54527],[139.43986,35.54515],[139.4405,35.54483],[139.4413,35.54441],[139.44263,35.54369],[139.4439,35.54302],[139.44501,35.5424],[139.44521,35.54229],[139.44568,35.54203]],[[139.64643,35.4918],[139.64624,35.49279]],[[139.63127,35.50958],[139.63171,35.50951],[139.63193,35.50947],[139.63235,35.50938],[139.63293,35.50919],[139.63315,35.50912],[139.63382,35.50884],[139.63485,35.50841],[139.63692,35.50749],[139.63818,35.50693],[139.63888,35.50662],[139.63889,35.50662],[139.63901,35.50656],[139.63959,35.5063],[139.63994,35.50611],[139.64025,35.50592],[139.64061,35.50567],[139.64073,35.50557],[139.64103,35.50532],[139.6412,35.50512],[139.64123,35.50508],[139.64135,35.50493],[139.64156,35.50458],[139.6422,35.50326],[139.64221,35.50322],[139.64234,35.50296],[139.64238,35.50287],[139.64312,35.50144],[139.64375,35.50021],[139.6444,35.49892],[139.64447,35.49872],[139.64461,35.49843],[139.64472,35.49816],[139.64483,35.49786],[139.64506,35.49733],[139.64526,35.49677],[139.64552,35.49597],[139.64566,35.49547],[139.6458,35.49484],[139.6459,35.49445],[139.64595,35.49425],[139.64601,35.49392],[139.64624,35.49279]],[[139.61849,35.50687],[139.61636,35.50666]],[[139.63393,35.47869],[139.63495,35.47977],[139.63524,35.48007],[139.6355,35.48037],[139.6356,35.48049],[139.63628,35.4812],[139.63657,35.48151],[139.63684,35.48175],[139.63711,35.48198],[139.63734,35.48213],[139.63763,35.48234],[139.63789,35.48249],[139.63812,35.48263],[139.63836,35.48274],[139.6386,35.48286],[139.6388,35.48294],[139.63905,35.48302],[139.63923,35.48308],[139.64131,35.48367],[139.64229,35.48396],[139.64329,35.48425],[139.64352,35.48432],[139.64401,35.48446],[139.64444,35.4846],[139.64482,35.48472],[139.64522,35.48489],[139.64535,35.48496],[139.64563,35.48511],[139.64588,35.48527],[139.64606,35.48541],[139.64626,35.4856],[139.64649,35.48584],[139.64658,35.48596],[139.64677,35.48627],[139.64682,35.48636],[139.64685,35.48641],[139.64698,35.48668],[139.64711,35.48708],[139.64716,35.48735],[139.64718,35.48755],[139.64719,35.48767],[139.64719,35.48787],[139.64718,35.48805],[139.64714,35.48832],[139.64699,35.48904],[139.64697,35.48912],[139.64694,35.48932],[139.64685,35.48975],[139.64668,35.4905],[139.64643,35.4918]],[[139.6324,35.47706],[139.63393,35.47869]],[[139.61849,35.50687],[139.61987,35.50706],[139.62038,35.50713],[139.6206,35.50716],[139.62095,35.50722],[139.62115,35.50726],[139.62128,35.50729],[139.62136,35.5073],[139.62155,35.50736],[139.62179,35.50744],[139.62222,35.50761],[139.62303,35.50794],[139.62428,35.50846],[139.62533,35.50888],[139.62592,35.50911],[139.62632,35.50925],[139.62668,35.50937],[139.62736,35.50951],[139.62807,35.50962],[139.62893,35.50968]],[[139.60046,35.50824],[139.59878,35.50903]],[[139.61636,35.50666],[139.61454,35.50644],[139.61362,35.50632],[139.6107,35.506],[139.60973,35.50588],[139.60875,35.50579],[139.60848,35.50577],[139.60802,35.50579],[139.60763,35.50583],[139.60659,35.50592],[139.60589,35.50604],[139.60485,35.50629],[139.6039,35.50663],[139.60289,35.50707],[139.60046,35.50824]],[[139.62893,35.50968],[139.62959,35.50966],[139.63003,35.50966],[139.63064,35.50963],[139.63098,35.5096],[139.63127,35.50958]],[[139.54001,35.51435],[139.53994,35.51439],[139.53918,35.51479],[139.53842,35.51519]],[[139.53842,35.51519],[139.53488,35.51703],[139.5293,35.51993],[139.52909,35.52004],[139.52835,35.52042],[139.52425,35.52256],[139.52279,35.52333],[139.52059,35.52444],[139.52007,35.5247],[139.51923,35.52514],[139.51797,35.52578],[139.51731,35.52601],[139.51723,35.52604]],[[139.59878,35.50903],[139.59804,35.50935],[139.5967,35.50992],[139.59563,35.51037],[139.59478,35.51068],[139.59459,35.51074],[139.59331,35.5109],[139.59243,35.51106],[139.59157,35.51117],[139.58952,35.51145],[139.58808,35.51164],[139.58724,35.51179],[139.58511,35.51222],[139.58457,35.51233],[139.58286,35.51269],[139.58131,35.51299],[139.58101,35.51302],[139.58014,35.51301],[139.57981,35.51296],[139.57867,35.51277],[139.57574,35.5123],[139.57347,35.51193],[139.57027,35.5114],[139.56781,35.51099]],[[139.56609,35.51071],[139.56506,35.51053],[139.56474,35.51048],[139.56348,35.51026],[139.5625,35.51011],[139.56094,35.50988],[139.55945,35.50963],[139.55942,35.50962],[139.55805,35.50954],[139.5563,35.50956],[139.55516,35.50973],[139.55279,35.51028],[139.55124,35.51065],[139.54869,35.51132],[139.54771,35.51158],[139.54735,35.51166],[139.54659,35.51185],[139.54438,35.51239],[139.5434,35.51266],[139.54273,35.51292],[139.54204,35.51328],[139.54001,35.51435]],[[139.56781,35.51099],[139.56609,35.51071]],[[139.47364,35.53498],[139.47378,35.53488],[139.47417,35.53457],[139.47433,35.53443],[139.47501,35.53388],[139.47584,35.5332],[139.47672,35.53252],[139.47714,35.53223],[139.47749,35.53207],[139.47789,35.53186],[139.47845,35.53162],[139.47878,35.53149],[139.47916,35.53139],[139.47961,35.53127],[139.47985,35.53124],[139.48019,35.53119],[139.48059,35.53115],[139.48092,35.53112],[139.48171,35.53112],[139.48386,35.53119],[139.48429,35.5312],[139.48578,35.53125],[139.48593,35.53125],[139.48689,35.53129],[139.48809,35.53134],[139.48906,35.53137],[139.48949,35.53139],[139.49226,35.53151],[139.49429,35.53159]],[[139.49429,35.53159],[139.49508,35.53163],[139.49538,35.53164],[139.49628,35.53167]],[[139.51723,35.52604],[139.51702,35.5261],[139.51667,35.52621],[139.51576,35.52649]],[[139.49628,35.53167],[139.4968,35.53167],[139.49885,35.53165],[139.49954,35.53162],[139.50027,35.53149],[139.50213,35.53089],[139.50245,35.53078],[139.50281,35.53067],[139.50322,35.53054],[139.50377,35.53037],[139.50408,35.53026],[139.50704,35.52931],[139.50961,35.52848],[139.51241,35.52759],[139.51315,35.52735],[139.51576,35.52649]],[[139.33939,35.65519],[139.34111,35.6549]],[[139.34601,35.59436],[139.34693,35.5939],[139.34998,35.5923],[139.35057,35.59198],[139.35105,35.59173]],[[139.34418,35.59532],[139.34476,35.59502],[139.34513,35.59482],[139.34601,35.59436]],[[139.33174,35.60635],[139.33183,35.60531],[139.33193,35.60427],[139.33198,35.6039],[139.332,35.60378],[139.33202,35.6036],[139.33211,35.6032],[139.33222,35.60279],[139.33233,35.60251],[139.33246,35.60225],[139.3326,35.60201],[139.33279,35.60175],[139.33303,35.60149],[139.33342,35.60118],[139.33407,35.60072],[139.33491,35.60026],[139.33518,35.60011],[139.33633,35.59951],[139.33897,35.59809],[139.34212,35.59641],[139.34418,35.59532]],[[139.34041,35.63928],[139.34032,35.63923],[139.33932,35.63869],[139.3381,35.63802],[139.33697,35.63744],[139.33603,35.63692],[139.33486,35.6363],[139.33422,35.63596],[139.33376,35.63569],[139.33352,35.63554],[139.33328,35.63533],[139.33301,35.63507],[139.33258,35.63456],[139.33235,35.63424],[139.33214,35.6338],[139.33131,35.63201]],[[139.35105,35.59173],[139.35165,35.59142],[139.35412,35.59012],[139.35564,35.58933],[139.35622,35.58902],[139.35847,35.58786],[139.361,35.58657],[139.36201,35.58604],[139.36325,35.58536],[139.36351,35.58524],[139.36358,35.5852],[139.36371,35.58513],[139.36387,35.58505],[139.36442,35.58476],[139.3656,35.58412],[139.36702,35.58337],[139.36796,35.58287],[139.36912,35.58226],[139.36966,35.58198]],[[139.33162,35.60751],[139.33174,35.60635]],[[139.33131,35.63201],[139.33111,35.63157],[139.33079,35.63089],[139.33065,35.63057]],[[139.33065,35.63057],[139.3301,35.62934],[139.32956,35.62818],[139.32922,35.62739],[139.32902,35.6269],[139.32896,35.62666],[139.32894,35.62645],[139.32894,35.62624],[139.32895,35.62613],[139.32897,35.62599],[139.32901,35.62574],[139.32909,35.62549],[139.32916,35.62523],[139.32923,35.62508],[139.32935,35.62485],[139.32946,35.62466],[139.32959,35.6245],[139.32977,35.62429],[139.33049,35.62361],[139.33153,35.6227],[139.33199,35.62229]],[[139.33145,35.60924],[139.33122,35.61007],[139.33104,35.61068],[139.33091,35.6113],[139.33085,35.61183],[139.33083,35.61204],[139.33084,35.61221],[139.33087,35.61242],[139.33093,35.61264],[139.33105,35.613],[139.33124,35.61358],[139.33166,35.61486],[139.33179,35.61525],[139.33189,35.61554],[139.33244,35.61727],[139.33268,35.61799],[139.33289,35.61864],[139.33299,35.61901],[139.33304,35.61921],[139.33305,35.61938],[139.33308,35.61961],[139.33308,35.61977],[139.33307,35.62002],[139.33305,35.62034],[139.33301,35.62062],[139.33294,35.62083],[139.33287,35.62099],[139.3327,35.62129],[139.33254,35.62153],[139.33238,35.62176],[139.33229,35.62189],[139.33199,35.62229]],[[139.33145,35.60924],[139.33152,35.60865],[139.33162,35.60751]],[[139.34192,35.64007],[139.34041,35.63928]],[[139.33145,35.60924],[139.33134,35.6107],[139.3313,35.61186],[139.33135,35.61229],[139.33162,35.61316],[139.3317,35.61338],[139.33174,35.61354],[139.33189,35.61404],[139.33217,35.61486],[139.33228,35.61519],[139.3328,35.61682],[139.33296,35.6173],[139.33316,35.61787],[139.3334,35.61859],[139.33346,35.61882],[139.33349,35.61903],[139.33351,35.61919],[139.33352,35.61937],[139.33352,35.61955],[139.33352,35.61967],[139.33351,35.61985],[139.33347,35.62015],[139.33334,35.62058],[139.33322,35.62092],[139.33312,35.62112],[139.33301,35.62129],[139.33277,35.62159],[139.33237,35.62196],[139.33199,35.62229]],[[139.34111,35.6549],[139.3419,35.65474],[139.34276,35.65459],[139.34326,35.65449],[139.3437,35.65438],[139.34381,35.65435],[139.34404,35.65427],[139.34447,35.65408],[139.34504,35.65373],[139.34526,35.65358],[139.34593,35.6531],[139.34625,35.65284],[139.34638,35.65273],[139.34701,35.65207],[139.34752,35.65141],[139.34778,35.651],[139.34792,35.65072],[139.34805,35.65035],[139.34833,35.64959],[139.34852,35.64911],[139.34861,35.64874],[139.34864,35.64854],[139.34868,35.64799],[139.34868,35.64751],[139.34863,35.64715],[139.34859,35.64685],[139.34851,35.64656],[139.34845,35.64631],[139.34832,35.6459],[139.34816,35.64545],[139.34808,35.64519],[139.3479,35.6447],[139.34764,35.64418],[139.34748,35.64388],[139.34735,35.64367],[139.347,35.64323],[139.34672,35.64292],[139.34647,35.64267],[139.34612,35.64243],[139.34552,35.64202],[139.34481,35.64162],[139.34386,35.64109],[139.34297,35.64062],[139.3426,35.64043],[139.34192,35.64007]]]}},{"properties":{"name":"武蔵野線","uri":"https://uedayou.net/jrslod/東日本旅客鉄道/武蔵野線","color":"FF4500"},"type":"Feature","geometry":{"type":"MultiLineString","coordinates":[[[139.95915,35.70669],[139.95932,35.70692],[139.95935,35.70696],[139.95948,35.70714],[139.95957,35.70728],[139.95966,35.70738],[139.95984,35.70768],[139.95989,35.70775]],[[139.9671,35.72977],[139.96692,35.73009],[139.96659,35.73071],[139.96649,35.73088],[139.96632,35.73115]],[[139.95989,35.70775],[139.96002,35.70802],[139.96058,35.70912],[139.96106,35.71037],[139.96123,35.71079],[139.96176,35.71187],[139.96252,35.71329],[139.96269,35.71352],[139.9644,35.71596],[139.96501,35.71682],[139.96626,35.71854],[139.96737,35.72015],[139.96773,35.72082],[139.96787,35.72114],[139.96792,35.72127],[139.96798,35.72148],[139.96812,35.72225],[139.96815,35.72244],[139.96821,35.72284],[139.96825,35.72325],[139.96827,35.72372],[139.96831,35.72629],[139.96826,35.72701],[139.96812,35.7276],[139.968,35.728],[139.96777,35.72863],[139.9676,35.72892],[139.96727,35.72947],[139.9671,35.72977]],[[139.79182,35.87605],[139.79187,35.87605],[139.79501,35.87604],[139.79588,35.87604],[139.79682,35.87604],[139.79718,35.87602],[139.79849,35.876],[139.79884,35.87599],[139.79966,35.87599],[139.80177,35.87596],[139.80291,35.87594],[139.80386,35.87594],[139.80492,35.87592],[139.80692,35.87591],[139.8083,35.8759],[139.80834,35.8759],[139.81049,35.87588],[139.81075,35.87588],[139.81334,35.87586],[139.81362,35.87586],[139.8144,35.87586],[139.81526,35.87588],[139.8156,35.8759],[139.81731,35.87596],[139.81771,35.87597],[139.81846,35.87597],[139.81948,35.87601],[139.81953,35.87601],[139.82036,35.87604],[139.82046,35.87605],[139.8208,35.87605],[139.82125,35.87607]],[[139.90384,35.83825],[139.90356,35.83856],[139.9034,35.83875],[139.903,35.83917],[139.90253,35.83968],[139.90184,35.84045],[139.90138,35.84095],[139.90105,35.84128],[139.90092,35.84141],[139.90054,35.84173],[139.89997,35.84217],[139.8995,35.84246],[139.89934,35.84257],[139.89901,35.84276],[139.89877,35.84289],[139.89842,35.84306],[139.89781,35.84332],[139.89754,35.8434],[139.89714,35.84352],[139.89613,35.8438],[139.89568,35.8439],[139.89545,35.84394],[139.89475,35.84405],[139.89417,35.84413],[139.89398,35.84415],[139.893,35.84424],[139.89281,35.84426],[139.89159,35.84438],[139.89028,35.84451],[139.88994,35.84455],[139.88835,35.8447],[139.88795,35.84474],[139.88773,35.84475],[139.88763,35.84476]],[[139.87013,35.85784],[139.87064,35.85741],[139.87139,35.85679],[139.8717,35.85654],[139.87175,35.85647],[139.87197,35.85634],[139.87385,35.85482],[139.87545,35.85346],[139.87681,35.85225],[139.87802,35.85103],[139.87879,35.85024]],[[139.95176,35.7548],[139.95183,35.75468],[139.95222,35.75419],[139.95298,35.75323],[139.9534,35.75269],[139.95394,35.75201],[139.95407,35.75184],[139.95455,35.75113],[139.95507,35.75031],[139.95577,35.74913],[139.95582,35.74904],[139.95654,35.74788],[139.95786,35.74557],[139.95955,35.74269],[139.96001,35.74192],[139.96165,35.73914],[139.96223,35.73813],[139.9631,35.73664],[139.96341,35.73612],[139.96392,35.73521],[139.96408,35.73494],[139.96524,35.73301],[139.9658,35.73204],[139.96632,35.73115]],[[139.93867,35.79077],[139.93844,35.79181]],[[139.94362,35.77121],[139.94332,35.77216],[139.94308,35.77301],[139.94283,35.77398],[139.94267,35.77464],[139.94244,35.7756],[139.9424,35.77574],[139.94232,35.77603],[139.94223,35.77636],[139.94209,35.77692],[139.9419,35.77773],[139.94182,35.77807],[139.94154,35.77926],[139.9415,35.77946],[139.9414,35.77986],[139.94101,35.78138],[139.94094,35.78166],[139.9409,35.78184],[139.94068,35.78271],[139.94063,35.7829],[139.94045,35.78358],[139.94005,35.78525],[139.93994,35.78565],[139.9399,35.78582],[139.93981,35.78617],[139.93976,35.78638],[139.9396,35.78702],[139.93927,35.78831],[139.93915,35.78882],[139.93906,35.78918],[139.93904,35.78927],[139.93879,35.79024],[139.93878,35.79029],[139.93867,35.79077]],[[139.88604,35.84491],[139.88595,35.84492],[139.88543,35.84504],[139.88502,35.84514],[139.88423,35.84538]],[[139.86894,35.85894],[139.87013,35.85784]],[[139.79048,35.87604],[139.79179,35.87605],[139.79182,35.87605]],[[139.92154,35.82526],[139.92136,35.82535],[139.92043,35.82585]],[[139.8425,35.87672],[139.84288,35.87669],[139.84338,35.87664],[139.84397,35.87653]],[[139.95176,35.7548],[139.9508,35.75601]],[[139.9508,35.75601],[139.95069,35.75617],[139.95026,35.7567],[139.95016,35.75682],[139.94968,35.75742],[139.94948,35.75767],[139.949,35.75825],[139.94801,35.75951],[139.94774,35.75992],[139.94763,35.76009],[139.94747,35.7603],[139.94735,35.76052],[139.9472,35.76081],[139.94713,35.76104],[139.94669,35.76215],[139.94655,35.76258],[139.94637,35.76315],[139.9463,35.76336],[139.94625,35.7635],[139.94608,35.76401],[139.946,35.76422],[139.94594,35.7644],[139.9454,35.76604],[139.94487,35.76756],[139.94464,35.76827],[139.94425,35.76927],[139.9441,35.76977]],[[139.87879,35.85024],[139.87936,35.84965],[139.87971,35.84928],[139.88119,35.84773],[139.88144,35.84747],[139.882,35.8469],[139.88278,35.84628],[139.88303,35.84612],[139.88336,35.8459],[139.88423,35.84538]],[[139.90462,35.83744],[139.90384,35.83825]],[[139.92043,35.82585],[139.91838,35.82692],[139.9167,35.82779],[139.91506,35.82864],[139.91402,35.8292],[139.91384,35.82929],[139.91249,35.82996],[139.91109,35.83076],[139.91059,35.83112],[139.90959,35.83196],[139.90923,35.83232],[139.90868,35.83291],[139.90832,35.83333],[139.90758,35.83413],[139.90635,35.83553],[139.90632,35.83556],[139.90559,35.83636],[139.90542,35.83655],[139.90535,35.83663],[139.90462,35.83744]],[[139.88763,35.84476],[139.88604,35.84491]],[[139.93844,35.79181],[139.93838,35.79205],[139.93806,35.79347],[139.93781,35.79462],[139.93775,35.79486],[139.93772,35.79501],[139.93771,35.79505],[139.93765,35.79532],[139.93744,35.7962],[139.93742,35.79626],[139.93737,35.7965],[139.93703,35.79781],[139.93698,35.79802],[139.93686,35.79838],[139.93668,35.79893],[139.93621,35.8001],[139.93614,35.80028],[139.93609,35.8004],[139.93591,35.80087],[139.93585,35.80101],[139.93581,35.80112],[139.93574,35.8013],[139.9355,35.80188],[139.93541,35.80214],[139.93522,35.80263],[139.93494,35.80334],[139.93485,35.80356],[139.93458,35.80424],[139.93454,35.80436],[139.93411,35.80548],[139.93363,35.80669],[139.93309,35.8081],[139.9325,35.80966],[139.93246,35.80978],[139.93208,35.81074],[139.93199,35.81096],[139.93188,35.81123],[139.93177,35.8115],[139.93135,35.81255],[139.93124,35.81281],[139.93106,35.81332],[139.93101,35.81345],[139.93066,35.81442],[139.93024,35.81554],[139.92986,35.81638],[139.92934,35.8177],[139.92892,35.81875],[139.92849,35.81969],[139.92812,35.82048],[139.92803,35.82064],[139.92773,35.82107],[139.92735,35.82162],[139.92725,35.82173],[139.92709,35.82192],[139.92692,35.82207],[139.9266,35.82235],[139.92608,35.82272],[139.92584,35.82288],[139.9254,35.8232],[139.92502,35.82343],[139.92465,35.82362],[139.92328,35.82436],[139.92307,35.82447],[139.92208,35.825],[139.9216,35.82523],[139.92154,35.82526]],[[139.87879,35.85024],[139.87935,35.8495],[139.87971,35.84893],[139.88017,35.84823],[139.88064,35.84766],[139.88111,35.84712],[139.8814,35.84688],[139.88251,35.84616],[139.88285,35.84597],[139.88307,35.84586],[139.88423,35.84538]],[[139.9441,35.76977],[139.94372,35.77091],[139.94364,35.77115],[139.94362,35.77121]],[[139.64717,35.8462],[139.64585,35.84652],[139.64548,35.84659],[139.64512,35.84665],[139.64439,35.84683],[139.64392,35.84693],[139.64326,35.84709],[139.64235,35.8473],[139.6411,35.84762],[139.64031,35.84782],[139.63943,35.84803],[139.63906,35.84808],[139.63874,35.84812],[139.63809,35.84817],[139.63742,35.8482],[139.63652,35.84821],[139.63582,35.84815],[139.63536,35.8481],[139.63456,35.84795],[139.63385,35.84776],[139.63349,35.84765],[139.6332,35.84754],[139.63292,35.8474],[139.63213,35.84697],[139.63077,35.84612],[139.62971,35.84544],[139.62831,35.84452]],[[139.70398,35.86385],[139.70309,35.86351],[139.70209,35.86311],[139.70186,35.86302],[139.70073,35.86256],[139.69953,35.86209],[139.69858,35.86171],[139.69761,35.86132],[139.69689,35.86104],[139.69649,35.86088],[139.69497,35.86026],[139.69335,35.85962],[139.69265,35.85934],[139.6912,35.85876],[139.6899,35.85823],[139.68863,35.85772],[139.68775,35.85737],[139.68744,35.85723],[139.68696,35.85705],[139.68624,35.85676],[139.68595,35.85665],[139.68524,35.85637],[139.68342,35.85565],[139.68239,35.85524],[139.682,35.8551],[139.68089,35.85465],[139.6805,35.85449],[139.68006,35.85431],[139.67947,35.85409],[139.67853,35.8537],[139.67796,35.85342],[139.67724,35.85301],[139.6768,35.85276],[139.67658,35.85263],[139.6756,35.85197],[139.67501,35.85157],[139.67379,35.85075],[139.67237,35.84983],[139.67073,35.84875],[139.6695,35.84795]],[[139.74456,35.87527],[139.74477,35.87531],[139.74496,35.87535],[139.7457,35.87549],[139.74676,35.87571],[139.747,35.87575],[139.74754,35.87583],[139.74764,35.87585],[139.74783,35.87586],[139.74882,35.87588],[139.74892,35.87589],[139.74969,35.87589],[139.74981,35.87588],[139.74983,35.87589],[139.75036,35.87589],[139.75129,35.87589],[139.75302,35.87591],[139.75409,35.87592],[139.75482,35.87593],[139.75664,35.87594],[139.75697,35.87594],[139.75727,35.87594],[139.75783,35.87594],[139.75811,35.87595],[139.75916,35.87596],[139.76086,35.87595],[139.76144,35.87596],[139.76276,35.87596],[139.76361,35.87597],[139.76699,35.87597],[139.76956,35.87599],[139.76962,35.87599],[139.76996,35.876],[139.77137,35.87602],[139.77503,35.87605],[139.77727,35.87604],[139.77784,35.87604],[139.77997,35.87604],[139.78057,35.87603],[139.78249,35.87603],[139.78304,35.87604],[139.78403,35.87605],[139.78559,35.87605],[139.78917,35.87604],[139.78986,35.87604],[139.79048,35.87604]],[[139.74456,35.87527],[139.74363,35.87508],[139.7435,35.87506]],[[139.7435,35.87506],[139.7432,35.875],[139.74186,35.87476],[139.7402,35.87443],[139.73948,35.87429],[139.73933,35.87426],[139.73917,35.87423],[139.7383,35.87408],[139.73819,35.87406],[139.73697,35.87384],[139.73591,35.87364],[139.73517,35.8735],[139.73485,35.87345],[139.73391,35.87328],[139.73389,35.87327],[139.73262,35.87305],[139.7314,35.87283],[139.73022,35.87262],[139.72782,35.87216],[139.72722,35.87205],[139.72688,35.872],[139.72594,35.87182],[139.72531,35.87168],[139.72481,35.87157],[139.72462,35.87155],[139.72412,35.87145],[139.72324,35.87123],[139.72219,35.87098],[139.72157,35.87081],[139.72116,35.8707],[139.72024,35.87042],[139.72015,35.87039],[139.71998,35.87033],[139.71974,35.87025],[139.71945,35.87015],[139.71882,35.86991],[139.71761,35.86941],[139.71571,35.8686],[139.7151,35.86834],[139.71436,35.86806],[139.71371,35.86777],[139.71309,35.86752],[139.7122,35.86717],[139.71085,35.86662],[139.70863,35.86574],[139.70782,35.86539],[139.70757,35.8653],[139.70745,35.86525],[139.707,35.86507],[139.70547,35.86445],[139.70496,35.86422]],[[139.6487,35.84589],[139.64717,35.8462]],[[139.70496,35.86422],[139.70467,35.8641],[139.70398,35.86385]],[[139.66838,35.84722],[139.66786,35.84689],[139.6671,35.8465],[139.66617,35.84614],[139.66559,35.84597],[139.66487,35.8458],[139.66388,35.84563],[139.66312,35.84557],[139.6629,35.84558],[139.66118,35.84552],[139.66071,35.84549],[139.65888,35.84552],[139.65798,35.84553],[139.65712,35.84557],[139.65614,35.84559],[139.65548,35.84558],[139.65473,35.84562],[139.65466,35.84563],[139.65093,35.84575],[139.65044,35.84577],[139.64947,35.84581],[139.64895,35.84586],[139.6487,35.84589]],[[139.62831,35.84452],[139.62722,35.84385]],[[139.6695,35.84795],[139.66838,35.84722]],[[139.58656,35.81504],[139.5879,35.8159]],[[139.49393,35.77853],[139.49432,35.77903],[139.4944,35.77914],[139.49469,35.77951],[139.49508,35.78001],[139.49542,35.78046],[139.49589,35.78107],[139.49607,35.7813],[139.49641,35.78174],[139.49659,35.78198],[139.49665,35.78205],[139.49668,35.78209],[139.49674,35.78215],[139.49679,35.78217],[139.4971,35.78258],[139.49774,35.78334],[139.49873,35.78458],[139.49915,35.78511],[139.49951,35.78548],[139.50076,35.78649],[139.5025,35.78788],[139.50289,35.78815],[139.50406,35.78909],[139.50471,35.78961],[139.50493,35.78978],[139.50515,35.78995],[139.50638,35.79092],[139.50718,35.79149],[139.50762,35.7918],[139.50859,35.79228],[139.50898,35.79243],[139.50989,35.79284],[139.51273,35.79409],[139.51335,35.79437],[139.51368,35.79451]],[[139.47029,35.73039],[139.47013,35.72998],[139.46963,35.72856],[139.46953,35.72826],[139.46905,35.72678],[139.46864,35.72548],[139.46858,35.72531],[139.4682,35.72414],[139.468,35.7235],[139.46779,35.72285],[139.46769,35.72226],[139.46761,35.72167],[139.4675,35.72042],[139.46734,35.71842],[139.46723,35.7171],[139.46716,35.7164],[139.46703,35.71528],[139.46694,35.71448],[139.46676,35.71283],[139.46655,35.71058],[139.4664,35.70908],[139.46631,35.70802],[139.46627,35.70742],[139.46617,35.70626],[139.46601,35.7046],[139.4659,35.70343],[139.46588,35.70305],[139.46584,35.70261],[139.46584,35.70235],[139.46585,35.70214],[139.46586,35.70164],[139.46591,35.70082],[139.46592,35.70063]],[[139.49358,35.77809],[139.49393,35.77853]],[[139.5154,35.79527],[139.51724,35.79607],[139.5185,35.79665],[139.51988,35.79722],[139.52019,35.79733],[139.52046,35.79744],[139.52075,35.79751],[139.52093,35.79755],[139.52119,35.79759],[139.52149,35.79762],[139.52172,35.79764],[139.52271,35.79772],[139.52321,35.79775],[139.52541,35.79794],[139.52777,35.79814],[139.5291,35.79831],[139.53118,35.79862],[139.53168,35.79871],[139.53303,35.79899],[139.53589,35.79958],[139.53841,35.80011],[139.54167,35.80078],[139.54327,35.80113],[139.54683,35.80185],[139.54711,35.80191],[139.54981,35.80249],[139.55228,35.80302],[139.55407,35.80341],[139.55433,35.80347],[139.55461,35.80353],[139.55509,35.80363],[139.55546,35.80368]],[[139.51368,35.79451],[139.5154,35.79527]],[[139.5879,35.8159],[139.58872,35.81643],[139.58988,35.81719],[139.59205,35.81861],[139.59317,35.81935],[139.59448,35.82002],[139.5952,35.8204],[139.59766,35.82153],[139.59859,35.82195],[139.59994,35.82256],[139.60153,35.82331],[139.60416,35.82453],[139.60646,35.82559],[139.60764,35.82615],[139.60834,35.82654],[139.60892,35.82689],[139.60939,35.82725],[139.60965,35.82745],[139.61119,35.82879],[139.612,35.82971],[139.61394,35.83191],[139.61611,35.8344],[139.61731,35.83576],[139.61798,35.83655],[139.61877,35.83742],[139.62024,35.83907],[139.62075,35.83959],[139.6212,35.83997],[139.62177,35.84038],[139.62282,35.84107],[139.62388,35.84176],[139.62544,35.84276],[139.62722,35.84385]],[[139.55712,35.80388],[139.55823,35.80396],[139.55985,35.80404],[139.56265,35.80421],[139.56469,35.80441],[139.56496,35.80444],[139.56746,35.80474],[139.56941,35.80515],[139.57087,35.80557],[139.57245,35.80615],[139.57413,35.80699],[139.57516,35.80762],[139.57591,35.80808],[139.57795,35.80937],[139.57799,35.8094],[139.5807,35.81117],[139.58406,35.81336],[139.58656,35.81504]],[[139.47071,35.73145],[139.47084,35.73175],[139.47092,35.73201],[139.47148,35.73396],[139.47241,35.73708],[139.47278,35.73848],[139.47327,35.74035],[139.47338,35.7408],[139.47356,35.74152],[139.47373,35.74221],[139.47452,35.7452],[139.47487,35.74644],[139.47534,35.74765],[139.47601,35.74905],[139.47658,35.75016],[139.47702,35.75104],[139.47775,35.75244],[139.47815,35.75322],[139.47828,35.75338],[139.47839,35.75353],[139.47848,35.7537],[139.47858,35.75389],[139.4787,35.75412],[139.47887,35.7545],[139.479,35.75479],[139.47909,35.75494],[139.47927,35.75529],[139.47945,35.75569],[139.47959,35.75601],[139.47986,35.75665],[139.48007,35.75704],[139.48024,35.75738],[139.48035,35.75764],[139.48044,35.75785],[139.48112,35.75926],[139.48131,35.75966],[139.48151,35.76007],[139.48163,35.76025],[139.48169,35.76037],[139.48178,35.76058],[139.48193,35.76093],[139.48202,35.76107],[139.4822,35.76142],[139.48227,35.76158],[139.48252,35.76212],[139.48271,35.76251],[139.48278,35.76266],[139.48291,35.76296],[139.48314,35.76346],[139.48336,35.76395],[139.48357,35.76441],[139.48376,35.76479],[139.48395,35.76518],[139.48408,35.76539],[139.48425,35.76575],[139.48459,35.76634],[139.48467,35.76647],[139.48513,35.76755],[139.48609,35.76869],[139.48666,35.7693],[139.48685,35.76955],[139.48686,35.76956],[139.48716,35.76993],[139.48751,35.7704],[139.48787,35.77089],[139.48819,35.77132],[139.48876,35.77209],[139.4891,35.77252],[139.48961,35.77315],[139.49007,35.77376],[139.4905,35.77431],[139.49091,35.77483],[139.49128,35.77529],[139.4916,35.77568],[139.49199,35.77613],[139.49223,35.77644],[139.49246,35.77671],[139.49282,35.77716],[139.49301,35.77739],[139.49318,35.77761],[139.49358,35.77809]],[[139.47071,35.73145],[139.47052,35.73099],[139.47029,35.73039]],[[139.46592,35.70063],[139.46605,35.69919]],[[139.55546,35.80368],[139.55611,35.80378],[139.55712,35.80388]],[[139.47158,35.68148],[139.47127,35.68233],[139.47102,35.68291],[139.47063,35.6838],[139.47023,35.68463],[139.46999,35.68517],[139.46985,35.68551],[139.46972,35.6859],[139.46906,35.68776],[139.46892,35.6882],[139.4688,35.68854],[139.46879,35.68857],[139.46863,35.68899],[139.46796,35.69112],[139.4678,35.69161],[139.46762,35.69216],[139.46717,35.69352],[139.46655,35.69531],[139.46654,35.69534],[139.46644,35.69566],[139.46641,35.69581],[139.46635,35.6962],[139.46617,35.69764],[139.46612,35.69818],[139.46606,35.69904],[139.46605,35.69919]],[[139.47201,35.68023],[139.47158,35.68148]],[[139.47201,35.68023],[139.47207,35.67997],[139.47209,35.67984],[139.47211,35.67969],[139.47214,35.67955],[139.47222,35.67923],[139.47248,35.67836],[139.47361,35.67536],[139.47391,35.67467],[139.47451,35.67314],[139.4759,35.6699],[139.47664,35.66772],[139.47695,35.66675],[139.47699,35.6666],[139.47699,35.66656],[139.477,35.66649],[139.47699,35.66643],[139.47698,35.66638]],[[139.47722,35.6653],[139.47707,35.66577],[139.47698,35.66638]],[[139.82125,35.87607],[139.82267,35.87612],[139.82293,35.87613],[139.82327,35.87614]],[[139.82327,35.87614],[139.82617,35.87624],[139.82638,35.87625],[139.82813,35.8763],[139.82898,35.87633],[139.82995,35.87635],[139.83053,35.87637],[139.83061,35.87637],[139.83102,35.87638],[139.83136,35.87639],[139.833,35.87645],[139.83313,35.87646],[139.83388,35.87648],[139.83396,35.87648],[139.83423,35.8765],[139.83634,35.87656],[139.83679,35.87656],[139.837,35.87658],[139.83721,35.87659],[139.83745,35.8766],[139.83781,35.87661],[139.83807,35.87662],[139.83908,35.87665],[139.83982,35.87666],[139.84,35.87667],[139.84017,35.87667],[139.84046,35.87667],[139.84142,35.8767],[139.84148,35.87671],[139.84207,35.87672],[139.8425,35.87672]],[[139.84397,35.87653],[139.84405,35.87652],[139.84458,35.87638],[139.84488,35.87631],[139.84562,35.8761],[139.84582,35.87603],[139.84616,35.87592],[139.84677,35.87568],[139.84738,35.87537],[139.84817,35.87492],[139.8497,35.874],[139.85373,35.87137],[139.85417,35.87109],[139.85443,35.87091],[139.85471,35.8707],[139.85596,35.86977],[139.857455,35.868607]],[[139.858788,35.867567],[139.85918,35.86726],[139.86029,35.86634],[139.8625,35.86447],[139.86261,35.86438],[139.86463,35.86268],[139.86476,35.86257],[139.8678,35.85995],[139.86894,35.85894]],[[139.857455,35.868607],[139.858788,35.867567]],[[139.63213,35.84697],[139.633241,35.847766],[139.633943,35.848301],[139.634443,35.848825],[139.634954,35.849527],[139.635418,35.850372],[139.635954,35.851466],[139.636644,35.852858],[139.637643,35.854952],[139.63869,35.857153],[139.641117,35.862186],[139.643663,35.867516],[139.644151,35.868622],[139.644317,35.869122],[139.644413,35.869574],[139.64446,35.870157],[139.644448,35.871156],[139.644294,35.872037],[139.643865,35.873214],[139.643366,35.874261],[139.64307,35.87494],[139.64286,35.8753],[139.64263,35.87575],[139.64247,35.87611],[139.64201,35.87714],[139.64167,35.87801],[139.64108,35.87941],[139.64068,35.88036],[139.64005,35.88185],[139.63971,35.88269],[139.63934,35.88361]],[[139.63934,35.88361],[139.63864,35.88514]]]}},{"properties":{"name":"水戸線","uri":"https://uedayou.net/jrslod/東日本旅客鉄道/水戸線","color":"0000FF"},"type":"Feature","geometry":{"type":"MultiLineString","coordinates":[[[140.2472,36.37285],[140.2467,36.37298],[140.24564,36.37328]],[[140.21586,36.36933],[140.21421,36.36842]],[[140.21586,36.36933],[140.21716,36.37001],[140.21824,36.37057],[140.21873,36.37082],[140.21948,36.37123],[140.21985,36.37143],[140.22015,36.37159],[140.22179,36.37246],[140.22192,36.37253],[140.22248,36.37283],[140.22266,36.37292],[140.2229,36.37306],[140.22311,36.37317],[140.22359,36.37342],[140.22484,36.37408],[140.22487,36.37409],[140.22492,36.37413],[140.22517,36.37426],[140.22549,36.37443],[140.22577,36.37457],[140.22599,36.37469],[140.22658,36.37501],[140.22661,36.37503],[140.22739,36.37544],[140.22781,36.37566],[140.22804,36.37578],[140.22825,36.37589],[140.22834,36.37594],[140.22867,36.37611],[140.22914,36.37636],[140.22941,36.3765],[140.22986,36.37668],[140.23023,36.37678],[140.23041,36.37681],[140.23111,36.37688],[140.23183,36.37687],[140.23235,36.37681],[140.23269,36.37675],[140.2331,36.37667],[140.23382,36.37648],[140.23609,36.37587],[140.23638,36.3758],[140.23672,36.37571],[140.23682,36.37569],[140.23702,36.37562],[140.2371,36.37561],[140.23729,36.37555],[140.23749,36.37551],[140.23832,36.37528],[140.23964,36.37492],[140.23986,36.37486],[140.2401,36.37479],[140.24074,36.37462],[140.24102,36.37455],[140.24232,36.37419],[140.24343,36.37388],[140.244,36.37372],[140.24467,36.37354],[140.24497,36.37346],[140.24564,36.37328]],[[140.14395,36.35518],[140.14206,36.35542]],[[140.10987,36.35927],[140.10761,36.35956]],[[140.14206,36.35542],[140.14201,36.35542],[140.14159,36.35547],[140.14154,36.35548],[140.14123,36.35551],[140.13957,36.35571],[140.13521,36.35625],[140.13395,36.3564],[140.13329,36.35648],[140.13287,36.35652],[140.13211,36.35661],[140.1318,36.35664],[140.12916,36.35696],[140.12752,36.35715],[140.1269,36.35723],[140.12468,36.3575],[140.12415,36.35756],[140.12399,36.35758],[140.12171,36.35783],[140.12158,36.35785],[140.12142,36.35786],[140.12093,36.35791],[140.11944,36.35809],[140.11863,36.3582],[140.1185,36.35821],[140.11793,36.35827],[140.11785,36.35828],[140.11779,36.3583],[140.11762,36.35831],[140.11727,36.35835],[140.11715,36.35838],[140.11682,36.3584],[140.11678,36.35841],[140.11665,36.35843],[140.11661,36.35844],[140.11622,36.35848],[140.11504,36.35862],[140.115,36.35862],[140.11442,36.3587],[140.1134,36.35883],[140.11266,36.35892],[140.11248,36.35894],[140.1123,36.35896],[140.11161,36.35905],[140.11095,36.35912],[140.10987,36.35927]],[[140.30745,36.35106],[140.3046,36.34986]],[[140.3046,36.34986],[140.30341,36.34935],[140.30313,36.34924],[140.30302,36.34919]],[[140.0399,36.32829],[140.03852,36.32762]],[[140.14395,36.35518],[140.14559,36.35496],[140.14576,36.35494],[140.14618,36.35488],[140.14647,36.35484],[140.14673,36.35481],[140.14695,36.35478],[140.14756,36.3547],[140.14781,36.35467],[140.14869,36.35455],[140.14881,36.35454],[140.14906,36.35451],[140.15176,36.35416],[140.15188,36.35414],[140.15239,36.35408],[140.15284,36.35402],[140.15299,36.354],[140.15341,36.35395],[140.15386,36.35389],[140.15445,36.35381],[140.15505,36.35373],[140.1552,36.35371],[140.1562,36.35358],[140.15862,36.35327],[140.15879,36.35324],[140.15927,36.35318],[140.1598,36.35311],[140.16032,36.35304],[140.16056,36.35301],[140.16083,36.35297],[140.16131,36.3529],[140.16157,36.35285],[140.16175,36.35282],[140.16186,36.35279],[140.16227,36.35269],[140.16235,36.35267],[140.16244,36.35263],[140.16271,36.35253],[140.16286,36.35246],[140.16316,36.35232],[140.16357,36.35207],[140.16411,36.35167],[140.16464,36.35129],[140.16478,36.35119],[140.16501,36.35102],[140.16512,36.35095],[140.16529,36.35082],[140.16576,36.35048],[140.16589,36.35039],[140.16597,36.35034],[140.16675,36.34977],[140.16686,36.34969],[140.16706,36.34956],[140.16797,36.34891],[140.16861,36.34842],[140.16947,36.34781],[140.16975,36.34763],[140.17024,36.34738],[140.17045,36.34728],[140.17061,36.34721],[140.17097,36.34708],[140.17145,36.34695],[140.17167,36.34691],[140.17185,36.34688],[140.17209,36.34685],[140.17236,36.34683],[140.17276,36.34684],[140.17336,36.34689],[140.17378,36.34696],[140.17393,36.347],[140.17433,36.34712],[140.17489,36.34732],[140.17515,36.3474],[140.17689,36.348],[140.17712,36.34808],[140.17748,36.3482],[140.17755,36.34822],[140.17771,36.34828],[140.17781,36.3483],[140.17813,36.34841],[140.17865,36.34858],[140.17916,36.34876],[140.18167,36.34961],[140.18443,36.35055],[140.18551,36.35091],[140.18574,36.35098],[140.18594,36.35106],[140.18626,36.35116],[140.18639,36.35121]],[[140.18817,36.35184],[140.18857,36.352],[140.18905,36.35221],[140.18987,36.35264],[140.19046,36.35297],[140.19088,36.35322],[140.19272,36.35427],[140.19276,36.3543],[140.19302,36.35444],[140.19354,36.35474],[140.19431,36.35519],[140.19506,36.35562],[140.19549,36.35586],[140.19604,36.35617],[140.19652,36.35644],[140.19674,36.35657],[140.19709,36.35677],[140.19734,36.35691],[140.19766,36.35711],[140.19784,36.35724],[140.19809,36.3574],[140.19829,36.35754],[140.19881,36.35793],[140.19926,36.35829],[140.19948,36.35848],[140.20054,36.3594],[140.20113,36.3599],[140.20127,36.36003],[140.20157,36.36029],[140.20214,36.36079],[140.20361,36.36206],[140.20418,36.36255],[140.20455,36.36288],[140.20499,36.36325],[140.20549,36.36364],[140.20566,36.36375],[140.20601,36.36399],[140.20673,36.36444],[140.20694,36.36455],[140.20723,36.36472],[140.20848,36.36537],[140.20921,36.36577],[140.20992,36.36615],[140.21196,36.36723],[140.21322,36.3679],[140.21388,36.36825],[140.21421,36.36842]],[[140.07289,36.34538],[140.07357,36.34573]],[[140.28929,36.34445],[140.28863,36.34462],[140.2877,36.34497]],[[140.18817,36.35184],[140.18639,36.35121]],[[140.30302,36.34919],[140.30272,36.34908],[140.29984,36.34786],[140.29627,36.34635],[140.29487,36.34575],[140.29353,36.34518],[140.29238,36.3447],[140.29217,36.34461],[140.2914,36.3444],[140.29039,36.34432],[140.28963,36.34441],[140.28929,36.34445]],[[140.2877,36.34497],[140.28704,36.34532],[140.28617,36.3459],[140.2847,36.34682],[140.28453,36.34695],[140.28439,36.34702],[140.28285,36.34802],[140.28109,36.34914],[140.27935,36.35025],[140.27871,36.35067],[140.27813,36.35112],[140.27755,36.35167],[140.27709,36.35205],[140.27599,36.35309],[140.27494,36.35407],[140.27339,36.35554],[140.27111,36.35765],[140.27031,36.35852],[140.26992,36.35904],[140.26922,36.36018],[140.26844,36.36139],[140.26774,36.36253],[140.26722,36.36314],[140.26672,36.36352],[140.2664,36.36372],[140.26597,36.36393],[140.26544,36.36407],[140.26187,36.36463],[140.25903,36.36506],[140.25801,36.36524],[140.25764,36.36537],[140.25729,36.36557],[140.25665,36.36604],[140.25623,36.36642],[140.25587,36.36688],[140.25507,36.36824],[140.25443,36.36935],[140.25396,36.37012],[140.25345,36.3707],[140.25275,36.37123],[140.25225,36.37147],[140.25192,36.3716],[140.24916,36.37233],[140.2472,36.37285]],[[140.10761,36.35956],[140.10694,36.35962],[140.10624,36.35968],[140.10569,36.35973],[140.10483,36.35981],[140.10389,36.35986],[140.10324,36.35987],[140.10285,36.35984],[140.10249,36.3598],[140.10217,36.35977],[140.10184,36.35974],[140.10136,36.35967],[140.1012,36.35963],[140.10095,36.35958],[140.10076,36.35954],[140.10038,36.35944],[140.09987,36.35927],[140.09951,36.35912],[140.09911,36.35894],[140.09675,36.35773],[140.0964,36.35754],[140.09562,36.35714],[140.09498,36.3568],[140.09466,36.35664],[140.09397,36.35628],[140.0934,36.35599],[140.09292,36.35575],[140.0928,36.35569],[140.09252,36.35554],[140.09236,36.35546],[140.09198,36.35526],[140.09106,36.35478],[140.0909,36.35471],[140.09076,36.35462],[140.09074,36.35462],[140.09069,36.35459],[140.09046,36.35448],[140.09011,36.35428],[140.08952,36.35397],[140.08933,36.35387],[140.08818,36.35328],[140.08754,36.35295],[140.08689,36.35262],[140.0864,36.35236],[140.08574,36.35201],[140.08426,36.35125],[140.08301,36.35061],[140.08271,36.35045],[140.0826,36.35039],[140.08163,36.3499],[140.08145,36.3498],[140.08095,36.34954],[140.08073,36.34942],[140.08012,36.3491],[140.07952,36.34879],[140.07936,36.34872],[140.07895,36.3485],[140.07865,36.34835],[140.07858,36.34832],[140.0776,36.34781],[140.07743,36.34773],[140.077,36.3475],[140.07362,36.34576],[140.07357,36.34573]],[[140.0399,36.32829],[140.0412,36.32898],[140.04128,36.32903],[140.04178,36.3293],[140.04386,36.3304],[140.04399,36.33047],[140.04403,36.33049],[140.04525,36.33112],[140.0453,36.33112],[140.04535,36.33117],[140.04599,36.33149],[140.04667,36.33184],[140.04694,36.332],[140.04699,36.33201],[140.04747,36.33225],[140.04747,36.33226],[140.04815,36.33261],[140.04948,36.33329],[140.04953,36.33332],[140.04988,36.3335],[140.04992,36.33352],[140.05008,36.3336],[140.05031,36.33373],[140.05044,36.3338],[140.05061,36.33388],[140.05131,36.33423],[140.05157,36.33437],[140.0516,36.33439],[140.05573,36.3365],[140.05744,36.33737],[140.05771,36.3375],[140.05827,36.3378],[140.05847,36.3379],[140.06113,36.33928],[140.06185,36.33965],[140.06469,36.34112],[140.06853,36.3431],[140.07289,36.34538]],[[139.98,36.30438],[139.98074,36.30447],[139.98439,36.30501],[139.98548,36.30516],[139.98632,36.30528],[139.98659,36.30532],[139.98711,36.30538],[139.98882,36.30563],[139.99027,36.3059],[139.99317,36.30651],[139.99388,36.30667],[139.99462,36.30686],[139.99672,36.30748],[139.99695,36.30757],[139.99748,36.30773],[139.99797,36.30789],[139.99811,36.30793],[139.99902,36.30822],[139.99971,36.30844],[140.0006,36.30872],[140.00153,36.30904],[140.00167,36.30908],[140.0019,36.30916],[140.00254,36.30939],[140.00282,36.30949],[140.00343,36.30973],[140.00562,36.31061],[140.00568,36.31065],[140.00637,36.31096],[140.00676,36.31114],[140.00689,36.3112],[140.0076,36.31154],[140.0078,36.31164],[140.00804,36.31178],[140.00828,36.3119],[140.00856,36.31205],[140.0086,36.31208],[140.00867,36.3121],[140.00981,36.31269],[140.01036,36.31297],[140.01093,36.31327],[140.01102,36.31331],[140.01127,36.31344],[140.01148,36.31356],[140.01264,36.31416],[140.01279,36.31425],[140.01287,36.31429],[140.01337,36.31455],[140.01426,36.31502],[140.01439,36.31509],[140.01451,36.31514],[140.01465,36.31521],[140.01482,36.31531],[140.01488,36.31534],[140.01494,36.31537],[140.0155,36.31566],[140.01586,36.31585],[140.01621,36.31603],[140.01678,36.31633],[140.01702,36.31646],[140.01821,36.31707],[140.01851,36.31723],[140.01859,36.31726],[140.02039,36.31819],[140.02071,36.31835],[140.02116,36.31858],[140.02239,36.31923],[140.02459,36.32038],[140.02469,36.32042],[140.02603,36.32113],[140.02663,36.32144],[140.02768,36.32198],[140.02797,36.32214],[140.02908,36.32271],[140.03056,36.32349],[140.03088,36.32365],[140.03143,36.32395],[140.03211,36.32429],[140.03223,36.32436],[140.03247,36.32447],[140.03255,36.32452],[140.03282,36.32465],[140.03294,36.32472],[140.03457,36.32556],[140.0346,36.32558],[140.03515,36.32587],[140.03563,36.32611],[140.03749,36.32707],[140.03852,36.32762]],[[139.97637,36.30387],[139.97438,36.3036],[139.97003,36.30299],[139.96568,36.30237],[139.9637,36.30209],[139.96313,36.30201],[139.96174,36.30181],[139.95747,36.30123],[139.9534,36.30068],[139.94954,36.30013],[139.94567,36.29957],[139.94085,36.29889],[139.93934,36.29867]],[[139.87416,36.29793],[139.87192,36.29822]],[[139.8532,36.30085],[139.85401,36.30073]],[[139.80593,36.31138],[139.80586,36.31125],[139.80568,36.3108],[139.80561,36.31054],[139.80558,36.3103],[139.80559,36.31006],[139.80563,36.30981],[139.80572,36.30948],[139.80583,36.30924],[139.806,36.30893],[139.80614,36.30869],[139.8064,36.30836],[139.8067,36.30803],[139.80689,36.30786],[139.80709,36.3077],[139.80732,36.30755],[139.80769,36.30735],[139.80807,36.3072],[139.80853,36.30707],[139.80885,36.30702],[139.8095,36.30694],[139.81005,36.30687],[139.81747,36.30585],[139.82043,36.30542],[139.82447,36.30482],[139.83135,36.30388],[139.84228,36.30239],[139.84254,36.30236],[139.84355,36.30222],[139.84585,36.3019],[139.8532,36.30085]],[[139.89088,36.29662],[139.88877,36.29668],[139.88669,36.29674],[139.88491,36.29677],[139.88239,36.29684],[139.88182,36.29687],[139.88067,36.29697],[139.88033,36.29701],[139.87829,36.29732],[139.87469,36.29785],[139.87416,36.29793]],[[139.87192,36.29822],[139.87173,36.29824],[139.86828,36.2987],[139.86792,36.29875],[139.86522,36.29912],[139.85401,36.30073]],[[139.93934,36.29867],[139.93776,36.29846]],[[139.93776,36.29846],[139.93514,36.29811],[139.93454,36.29801],[139.93162,36.29762],[139.92791,36.29714],[139.9257,36.29682],[139.92389,36.29658],[139.92228,36.29636],[139.92163,36.29626],[139.91996,36.29603],[139.91917,36.29592],[139.91869,36.2959],[139.91851,36.2959],[139.91816,36.29589],[139.91744,36.29591]],[[139.98,36.30438],[139.97637,36.30387]],[[139.89194,36.29662],[139.89088,36.29662]],[[139.91744,36.29591],[139.91525,36.29595]],[[139.91525,36.29595],[139.913,36.29598],[139.9119,36.29598],[139.9078,36.29604],[139.906,36.29606],[139.90344,36.29625],[139.90184,36.29635],[139.90054,36.29637],[139.89964,36.29639],[139.8995,36.29639],[139.89913,36.2964],[139.8985,36.29642],[139.89787,36.29643],[139.89523,36.2965],[139.8928,36.29659],[139.89194,36.29662]],[[139.80593,36.31138],[139.80608,36.31166],[139.80675,36.31285],[139.80689,36.31309]]]}}]}