{"type":"FeatureCollection","features":[{"type":"Feature","properties":{"id":"JR-East.Yokosuka","ja":"横須賀線","en":"Yokosuka Line","color":"#0067C0"},"geometry":{"type":"LineString","coordinates":[[139.76559,35.681836],[139.76559,35.681836],[139.764534,35.68065],[139.764265,35.680289],[139.764089,35.679943],[139.76386,35.679237],[139.762105,35.673843],[139.761744,35.673385],[139.761007,35.672481],[139.760759,35.672192],[139.760555,35.671812],[139.759582,35.669921],[139.759366,35.669645],[139.759204,35.669389],[139.758957,35.668942],[139.758779,35.668525],[139.758651,35.668103],[139.758625,35.667524],[139.758688,35.666927],[139.758761,35.666242],[139.758803,35.66571],[139.758844,35.664671],[139.759209,35.66226],[139.759289,35.661427],[139.759167,35.657841],[139.759101,35.657361],[139.758909,35.656682],[139.758272,35.654741],[139.758007,35.654012],[139.757678,35.652758],[139.757329,35.651858],[139.756853,35.650913],[139.756603,35.650467],[139.755697,35.649121],[139.755153,35.648374],[139.75449,35.64749],[139.753914,35.64686],[139.753639,35.646621],[139.753445,35.646463],[139.752845,35.646082],[139.752579,35.645907],[139.750669,35.644974],[139.745668,35.642789],[139.745346,35.642625],[139.743517,35.640682],[139.743084,35.640042],[139.742725,35.639448],[139.742555,35.638979],[139.742536,35.638113],[139.742516,35.637701],[139.742441,35.637204],[139.74223,35.636295],[139.74223,35.636295],[139.74194,35.635307],[139.741831,35.634974],[139.740191,35.63115],[139.739933,35.630476],[139.73977,35.629977],[139.739673,35.629465],[139.739645,35.629049],[139.739614,35.628397],[139.739541,35.627767],[139.739421,35.626974],[139.739297,35.626459],[139.739162,35.625964],[139.738967,35.625123],[139.738721,35.624079],[139.738494,35.623089],[139.737688,35.620014],[139.737522,35.619594],[139.737362,35.619298],[139.737017,35.618788],[139.736651,35.618335],[139.736357,35.618023],[139.736047,35.617768],[139.735748,35.617573],[139.735467,35.617407],[139.735206,35.617268],[139.734816,35.617101],[139.73449,35.616981],[139.734143,35.616874],[139.733728,35.616777],[139.733498,35.616723],[139.732987,35.616652],[139.732542,35.616611],[139.73232,35.616591],[139.732031,35.61655],[139.731811,35.616505],[139.731577,35.616443],[139.731341,35.616367],[139.730963,35.616221],[139.730631,35.616053],[139.730342,35.61588],[139.730057,35.615662],[139.729871,35.615498],[139.729625,35.615246],[139.729324,35.614874],[139.728878,35.614103],[139.728682,35.613668],[139.728505,35.613339],[139.728288,35.613018],[139.727751,35.612205],[139.726561,35.610234],[139.726281,35.609781],[139.726147,35.609584],[139.72586,35.609228],[139.725112,35.608349],[139.724868,35.608071],[139.724629,35.607753],[139.724422,35.607462],[139.72408,35.606894],[139.723648,35.606132],[139.723444,35.605736],[139.723255,35.605358],[139.722886,35.604545],[139.722052,35.602748],[139.721738,35.602071],[139.721191,35.600833],[139.720808,35.599985],[139.720408,35.59912],[139.719807,35.597855],[139.71966,35.597539],[139.719479,35.597226],[139.719324,35.597017],[139.719137,35.59677],[139.718916,35.596519],[139.718702,35.596294],[139.71848,35.596081],[139.718219,35.59586],[139.717964,35.595651],[139.717612,35.595387],[139.717312,35.595192],[139.716966,35.594981],[139.716611,35.594795],[139.716152,35.594591],[139.715738,35.594437],[139.715341,35.594312],[139.714416,35.594045],[139.7136,35.593811],[139.708868,35.592466],[139.707768,35.592124],[139.707269,35.591982],[139.681802,35.584702],[139.679136,35.583982],[139.678422,35.583761],[139.677223,35.583356],[139.675844,35.582854],[139.672858,35.581796],[139.666522,35.579524],[139.666309,35.579448],[139.665992,35.579319],[139.665746,35.579203],[139.665561,35.579099],[139.66533,35.578956],[139.665122,35.578817],[139.664869,35.578613],[139.664627,35.578405],[139.664417,35.578198],[139.66425,35.578024],[139.664087,35.577828],[139.663936,35.577624],[139.663765,35.577369],[139.663591,35.577056],[139.663485,35.5768],[139.663327,35.576365],[139.663205,35.576003],[139.66317,35.575798],[139.663161,35.575636],[139.663148,35.575368],[139.663154,35.575226],[139.663174,35.575006],[139.663205,35.574835],[139.663269,35.574547],[139.663393,35.574127],[139.663503,35.573796],[139.663665,35.573376],[139.66377,35.573129],[139.663837,35.572916],[139.663948,35.572585],[139.664566,35.570734],[139.665099,35.569169],[139.665387,35.568331],[139.665907,35.566961],[139.666505,35.565369],[139.666593,35.565131],[139.666685,35.564848],[139.666834,35.56436],[139.666971,35.563836],[139.667042,35.563548],[139.667163,35.563172],[139.667962,35.560974],[139.668412,35.559862],[139.668564,35.559455],[139.668845,35.558591],[139.66984,35.555669],[139.67026,35.554444],[139.670388,35.554145],[139.670595,35.553718],[139.671493,35.552045],[139.671965,35.551034],[139.672462,35.549853],[139.673058,35.548502],[139.673241,35.548026],[139.673329,35.547795],[139.673402,35.54759],[139.673527,35.547249],[139.674546,35.544229],[139.67465,35.543863],[139.674794,35.54334],[139.674967,35.54253],[139.675195,35.541717],[139.676172,35.53863],[139.676364,35.538027],[139.676515,35.537401],[139.676588,35.536979],[139.676657,35.536441],[139.676718,35.536101],[139.67681,35.535754],[139.678694,35.530258],[139.679282,35.528413],[139.679522,35.527626],[139.679708,35.52687],[139.679959,35.525574],[139.680363,35.523791],[139.680479,35.52337],[139.68066,35.522839],[139.681114,35.521485],[139.681223,35.521109],[139.681295,35.520806],[139.681323,35.520523],[139.681336,35.520225],[139.681311,35.519892],[139.681243,35.519447],[139.681159,35.519134],[139.681026,35.518777],[139.680834,35.518388],[139.680667,35.518122],[139.680428,35.517792],[139.680073,35.517375],[139.679718,35.517036],[139.679245,35.516615],[139.678954,35.516301],[139.67865,35.515935],[139.678396,35.515561],[139.678175,35.515172],[139.678013,35.514824],[139.677843,35.514386],[139.677727,35.513997],[139.676992,35.511835],[139.676789,35.51121],[139.676602,35.510579],[139.676354,35.509739],[139.676221,35.509274],[139.675904,35.508006],[139.675776,35.507442],[139.675351,35.505655],[139.675205,35.504938],[139.675115,35.504463],[139.675069,35.50425],[139.675028,35.504092],[139.674974,35.503914],[139.674876,35.503656],[139.674794,35.503472],[139.674627,35.503173],[139.674462,35.502894],[139.674225,35.50254],[139.673857,35.50206],[139.673315,35.501481],[139.672757,35.500971],[139.671961,35.500283],[139.671153,35.499579],[139.669788,35.498399],[139.668906,35.497674],[139.667028,35.496136],[139.66647,35.495753],[139.665579,35.495218],[139.665072,35.494858],[139.664448,35.494306],[139.664144,35.493965],[139.663862,35.49361],[139.663553,35.49322],[139.6632,35.492831],[139.662899,35.492523],[139.66238,35.492044],[139.661509,35.49127],[139.661267,35.491056],[139.660921,35.490772],[139.660432,35.490422],[139.660107,35.490217],[139.65497,35.487549],[139.654137,35.487112],[139.65324,35.486647],[139.652791,35.486435],[139.652233,35.48621],[139.651528,35.485988],[139.650581,35.485759],[139.649562,35.485628],[139.647945,35.485554],[139.647499,35.485534],[139.646978,35.485487],[139.646361,35.485396],[139.645316,35.485222],[139.645006,35.485167],[139.644775,35.485117],[139.644546,35.485059],[139.644264,35.484984],[139.643976,35.484897],[139.638819,35.483156],[139.638212,35.48294],[139.637914,35.482808],[139.637696,35.482689],[139.63741,35.482536],[139.637173,35.482376],[139.636894,35.482177],[139.636631,35.48195],[139.636351,35.48166],[139.633979,35.47912],[139.633163,35.478233],[139.632574,35.477585],[139.632196,35.477167],[139.631902,35.476844],[139.631468,35.476349],[139.628851,35.473441],[139.628502,35.473074],[139.62775,35.472234],[139.626784,35.471176],[139.625901,35.470188],[139.625602,35.469807],[139.625197,35.469288],[139.62442,35.468336],[139.624096,35.468003],[139.623602,35.46752],[139.623138,35.467123],[139.62274,35.466802],[139.62147,35.465408],[139.621045,35.464902],[139.620595,35.464324],[139.620316,35.463918],[139.620068,35.463617],[139.619804,35.463325],[139.618209,35.46159],[139.61734,35.460638],[139.615643,35.45879],[139.613283,35.456254],[139.612864,35.455859],[139.61254,35.455569],[139.612215,35.455333],[139.611629,35.454955],[139.610804,35.454476],[139.609329,35.453652],[139.607933,35.452892],[139.60585,35.451751],[139.605245,35.451414],[139.604819,35.451158],[139.604419,35.450906],[139.603878,35.450534],[139.603421,35.450184],[139.602726,35.449602],[139.60231,35.449238],[139.601863,35.448822],[139.601371,35.448396],[139.601044,35.448088],[139.600195,35.447279],[139.599378,35.4465],[139.599168,35.446304],[139.598902,35.446054],[139.5987,35.445891],[139.598299,35.445631],[139.597865,35.445405],[139.597386,35.445225],[139.596921,35.445083],[139.596571,35.445006],[139.596297,35.444962],[139.59592,35.444928],[139.595585,35.444919],[139.59526,35.444927],[139.594864,35.444961],[139.581166,35.446881],[139.579714,35.447072],[139.579459,35.44711],[139.578739,35.447138],[139.578219,35.447116],[139.577815,35.447043],[139.577473,35.446965],[139.577145,35.44686],[139.576729,35.446681],[139.574003,35.445325],[139.568486,35.442571],[139.567554,35.442106],[139.566673,35.441752],[139.565737,35.441331],[139.559377,35.438593],[139.559045,35.438441],[139.558698,35.438242],[139.558304,35.437984],[139.557915,35.437663],[139.557599,35.437402],[139.557383,35.43715],[139.557113,35.436787],[139.556797,35.436229],[139.55661,35.435715],[139.556507,35.435233],[139.556478,35.434919],[139.556458,35.434396],[139.556499,35.433788],[139.556555,35.432806],[139.55662,35.431808],[139.556725,35.429242],[139.556688,35.428818],[139.556597,35.428252],[139.556498,35.427831],[139.556266,35.427179],[139.556075,35.426765],[139.555694,35.425924],[139.555165,35.424749],[139.554983,35.424374],[139.554843,35.424111],[139.554561,35.423663],[139.554393,35.423413],[139.5542,35.423163],[139.554002,35.422945],[139.553816,35.422744],[139.553568,35.422504],[139.553329,35.422281],[139.552658,35.42175],[139.552041,35.421338],[139.548118,35.419259],[139.545839,35.41806],[139.542199,35.416112],[139.53967,35.414687],[139.539261,35.414466],[139.538052,35.41381],[139.537857,35.413681],[139.537416,35.413359],[139.536986,35.413016],[139.536755,35.412817],[139.536331,35.412408],[139.536087,35.412147],[139.535733,35.411707],[139.535591,35.411499],[139.53535,35.411154],[139.535007,35.410543],[139.534825,35.410095],[139.534666,35.409641],[139.534538,35.40911],[139.534261,35.407936],[139.53405,35.406737],[139.533868,35.405521],[139.533765,35.404892],[139.533677,35.404185],[139.533623,35.403644],[139.533628,35.403021],[139.533667,35.402537],[139.533782,35.401798],[139.5341,35.400504],[139.534451,35.399577],[139.534847,35.398526],[139.535053,35.397874],[139.535341,35.397003],[139.535651,35.395948],[139.535717,35.3955],[139.535753,35.395241],[139.535772,35.394958],[139.535781,35.394543],[139.535778,35.394406],[139.535717,35.393857],[139.535556,35.392262],[139.535486,35.391662],[139.535401,35.390883],[139.534872,35.385568],[139.534812,35.385073],[139.534782,35.384777],[139.534698,35.383974],[139.534668,35.383658],[139.534621,35.38322],[139.534586,35.382914],[139.534556,35.382624],[139.534508,35.382231],[139.534488,35.382014],[139.534463,35.381886],[139.534386,35.381417],[139.534306,35.381056],[139.534173,35.380562],[139.53412,35.380343],[139.534031,35.380049],[139.533821,35.379444],[139.533578,35.378839],[139.533296,35.378211],[139.533062,35.377759],[139.532747,35.37718],[139.530912,35.373624],[139.530445,35.372739],[139.530105,35.372056],[139.529875,35.371512],[139.529728,35.371166],[139.529647,35.370915],[139.529599,35.370711],[139.529558,35.370431],[139.529545,35.370229],[139.529549,35.370016],[139.529577,35.369745],[139.529629,35.369487],[139.529704,35.369176],[139.530322,35.366914],[139.530391,35.366584],[139.530444,35.366108],[139.530452,35.36563],[139.530399,35.365269],[139.530288,35.364848],[139.530105,35.364266],[139.529784,35.363191],[139.529524,35.362356],[139.529466,35.362048],[139.529418,35.361665],[139.529428,35.361208],[139.529453,35.360987],[139.529508,35.360763],[139.529601,35.360519],[139.529747,35.360168],[139.52987,35.359938],[139.530011,35.359716],[139.530149,35.359534],[139.531255,35.358158],[139.531435,35.357906],[139.531697,35.357378],[139.531844,35.35711],[139.531942,35.35675],[139.532029,35.356466],[139.532091,35.356193],[139.532089,35.355952],[139.532071,35.355803],[139.531979,35.355373],[139.531888,35.355106],[139.531432,35.353947],[139.530932,35.35272],[139.530799,35.352297],[139.530678,35.351872],[139.530545,35.351499],[139.530338,35.350951],[139.530275,35.350789],[139.530206,35.350541],[139.530147,35.350313],[139.530127,35.350022],[139.530129,35.349821],[139.530175,35.349442],[139.530258,35.349096],[139.530361,35.348808],[139.530507,35.348525],[139.530702,35.348229],[139.531035,35.347874],[139.531748,35.347126],[139.532666,35.346168],[139.534027,35.344694],[139.534459,35.344253],[139.534844,35.343922],[139.53531,35.343607],[139.535828,35.343315],[139.536277,35.343125],[139.53769,35.342671],[139.539161,35.342212],[139.539667,35.341999],[139.540088,35.341795],[139.540499,35.341533],[139.540908,35.341222],[139.541312,35.340851],[139.544862,35.337647],[139.546051,35.336564],[139.547588,35.335133],[139.547833,35.33485],[139.548072,35.334512],[139.548237,35.334178],[139.548404,35.333756],[139.548472,35.333353],[139.548489,35.332926],[139.548495,35.33264],[139.548421,35.332167],[139.548318,35.33169],[139.548266,35.330427],[139.548318,35.329934],[139.548371,35.329241],[139.548452,35.328101],[139.548527,35.327724],[139.548676,35.327262],[139.548879,35.326841],[139.54908,35.326585],[139.549278,35.326316],[139.54974,35.325763],[139.549971,35.325495],[139.550135,35.325289],[139.550303,35.325028],[139.550471,35.324727],[139.550611,35.324398],[139.550691,35.324005],[139.550727,35.323839],[139.550738,35.323563],[139.55074,35.323429],[139.550698,35.322516],[139.550688,35.322304],[139.550633,35.321604],[139.550577,35.321206],[139.550455,35.320298],[139.550378,35.319406],[139.550334,35.318674],[139.550354,35.31815],[139.55038,35.317791],[139.550503,35.317139],[139.550714,35.316273],[139.550893,35.315769],[139.551065,35.315389],[139.551284,35.314937],[139.55164,35.314372],[139.551913,35.313978],[139.552142,35.313685],[139.552456,35.313345],[139.552741,35.313044],[139.553024,35.312782],[139.553391,35.312476],[139.553792,35.312161],[139.554234,35.311847],[139.554693,35.311581],[139.555116,35.311348],[139.55553,35.311152],[139.555995,35.310952],[139.556458,35.310783],[139.556845,35.310647],[139.55729,35.310513],[139.557701,35.310411],[139.558062,35.310335],[139.558778,35.310198],[139.559643,35.310036],[139.559976,35.309957],[139.560525,35.309798],[139.561218,35.309541],[139.562107,35.309103],[139.56457,35.307811],[139.566372,35.306909],[139.56785,35.30617],[139.56826,35.305908],[139.568572,35.305664],[139.568746,35.305516],[139.568911,35.305348],[139.569058,35.305172],[139.56923,35.304974],[139.569403,35.304722],[139.569546,35.304463],[139.569675,35.304198],[139.569809,35.303869],[139.570828,35.301297],[139.570928,35.301052],[139.571021,35.30084],[139.571135,35.300601],[139.571258,35.300392],[139.571414,35.300148],[139.571637,35.299856],[139.571883,35.299555],[139.572174,35.299242],[139.572427,35.29902],[139.572628,35.298854],[139.572984,35.2986],[139.573316,35.298387],[139.573479,35.298296],[139.573864,35.298094],[139.574568,35.297803],[139.57507,35.297641],[139.575366,35.297564],[139.576354,35.297424],[139.57689,35.297383],[139.577468,35.297383],[139.577971,35.297417],[139.57843,35.29748],[139.578644,35.297518],[139.579161,35.297612],[139.581178,35.297976],[139.581932,35.298102],[139.582998,35.298293],[139.584258,35.298512],[139.586275,35.298882],[139.588945,35.299362],[139.590878,35.299685],[139.591505,35.299747],[139.59203,35.299771],[139.592738,35.299757],[139.593192,35.299723],[139.593679,35.299669],[139.610709,35.297824],[139.611373,35.297731],[139.611924,35.297628],[139.612417,35.297521],[139.612791,35.29742],[139.613458,35.297221],[139.61409,35.29701],[139.61455,35.296846],[139.614974,35.296664],[139.615695,35.29633],[139.616324,35.29599],[139.616925,35.295625],[139.618299,35.294765],[139.618791,35.294497],[139.619244,35.294284],[139.620483,35.293863],[139.623058,35.293041],[139.624174,35.292719],[139.624826,35.292603],[139.625377,35.292581],[139.626,35.292616],[139.627499,35.292801],[139.630773,35.293191],[139.632076,35.293326],[139.632864,35.293361],[139.633576,35.293311],[139.635412,35.293027],[139.638182,35.292641],[139.64047,35.292301],[139.640749,35.292244],[139.641519,35.291959],[139.643659,35.290888],[139.645683,35.289898],[139.647862,35.288859],[139.648496,35.288547],[139.649108,35.288191],[139.649747,35.287687],[139.650219,35.287255],[139.651867,35.285834],[139.652802,35.285022],[139.653341,35.284705],[139.653625,35.284562],[139.653946,35.284426],[139.654186,35.284346],[139.654908,35.284169],[139.655882,35.283934],[139.656544,35.283707],[139.657168,35.283379],[139.657673,35.28293],[139.657975,35.282647],[139.658225,35.282328],[139.658391,35.282015],[139.658548,35.281612],[139.65864,35.281148],[139.658669,35.280706],[139.658691,35.279784],[139.658637,35.279396],[139.658421,35.278596],[139.658185,35.277673],[139.657908,35.276539],[139.657739,35.27593],[139.657599,35.275442],[139.657494,35.27491],[139.657393,35.274566],[139.657151,35.273632],[139.657,35.272947],[139.656636,35.271427],[139.656211,35.269769],[139.65574,35.26798],[139.655277,35.266083],[139.654916,35.2646],[139.654807,35.263675],[139.654807,35.262797],[139.6549,35.262115],[139.655032,35.261479],[139.655202,35.260865],[139.655454,35.260354],[139.65563,35.26004],[139.655838,35.259767],[139.656288,35.259248],[139.656837,35.258806],[139.657375,35.258479],[139.657972,35.258182],[139.658658,35.257923],[139.661206,35.257088],[139.665142,35.255809],[139.666882,35.255258],[139.670226,35.254308],[139.675764,35.252732],[139.676437,35.252488],[139.676984,35.252225],[139.677577,35.251888],[139.678004,35.251569],[139.678581,35.251106],[139.681276,35.24887],[139.682693,35.247731],[139.685521,35.245447],[139.687098,35.244188],[139.687788,35.243704],[139.688673,35.243177],[139.691075,35.24182],[139.693575,35.240437],[139.694787,35.239747],[139.695567,35.23922],[139.696279,35.238613],[139.698131,35.236913],[139.699233,35.235909],[139.699578,35.235498],[139.700103,35.234776],[139.700524,35.234146],[139.700914,35.233185],[139.701336,35.232178],[139.701336,35.232178],[139.701336,35.232178],[139.701336,35.232178],[139.701336,35.232178]]}},{"type":"Feature","properties":{"id":"JR-East.Yamanote","ja":"山手線","en":"Yamanote Line","color":"#9ACD32"},"geometry":{"type":"LineString","coordinates":[[139.766489,35.681258],[139.766887,35.682239],[139.76713,35.682767],[139.767348,35.683128],[139.767572,35.683545],[139.767705,35.683813],[139.767884,35.684224],[139.768361,35.685401],[139.769417,35.688141],[139.770377,35.690422],[139.770535,35.690816],[139.770685,35.691224],[139.770937,35.691841],[139.771252,35.692545],[139.771394,35.692869],[139.771479,35.693064],[139.772304,35.695065],[139.772371,35.695223],[139.77247,35.695478],[139.772556,35.695742],[139.772626,35.695975],[139.772674,35.696178],[139.772747,35.696577],[139.772807,35.6972],[139.77292,35.698092],[139.77302,35.698946],[139.773142,35.699726],[139.773186,35.700045],[139.773328,35.701094],[139.773399,35.70159],[139.773452,35.701806],[139.773515,35.701995],[139.773829,35.702965],[139.773931,35.703269],[139.773988,35.703486],[139.774033,35.703688],[139.774136,35.704276],[139.774286,35.705098],[139.774401,35.70577],[139.774462,35.706291],[139.774517,35.706761],[139.774657,35.707511],[139.7748,35.708293],[139.774855,35.708713],[139.774855,35.709034],[139.774794,35.709463],[139.774657,35.710185],[139.774604,35.710528],[139.774614,35.710867],[139.774654,35.711178],[139.774788,35.711633],[139.77499,35.712104],[139.775355,35.712679],[139.775842,35.713383],[139.776273,35.714009],[139.776573,35.714435],[139.776966,35.714895],[139.777379,35.715353],[139.777993,35.716046],[139.77848,35.716576],[139.77905,35.717214],[139.779263,35.717486],[139.779373,35.717678],[139.779493,35.717911],[139.779581,35.718158],[139.77966,35.718496],[139.77969,35.718835],[139.779675,35.719078],[139.779633,35.719318],[139.77953,35.719676],[139.779383,35.72],[139.779176,35.720271],[139.778953,35.720525],[139.778553,35.720955],[139.77785,35.721666],[139.777118,35.722306],[139.776631,35.722757],[139.774902,35.724354],[139.773874,35.725302],[139.773479,35.725643],[139.773192,35.725863],[139.772856,35.726101],[139.772109,35.726552],[139.771582,35.726886],[139.771029,35.727332],[139.770079,35.728137],[139.769662,35.72854],[139.769187,35.72905],[139.768594,35.729713],[139.767932,35.730464],[139.767254,35.731211],[139.766651,35.732042],[139.765996,35.733034],[139.765566,35.733619],[139.765312,35.733911],[139.763891,35.735347],[139.762559,35.736559],[139.761925,35.737089],[139.76107,35.737812],[139.759244,35.739313],[139.758436,35.739869],[139.757927,35.74016],[139.75751,35.740308],[139.757203,35.740395],[139.75703,35.740432],[139.756848,35.740459],[139.756656,35.740479],[139.756474,35.74049],[139.756281,35.740497],[139.75606,35.740491],[139.755814,35.740475],[139.755537,35.740433],[139.755295,35.740389],[139.755083,35.740327],[139.754818,35.740239],[139.754622,35.740154],[139.75439,35.740038],[139.754164,35.73992],[139.753839,35.73975],[139.753498,35.739576],[139.753186,35.739413],[139.752092,35.738848],[139.751579,35.738583],[139.750981,35.738283],[139.750285,35.737949],[139.749487,35.73757],[139.74878,35.737245],[139.747619,35.736748],[139.746509,35.73628],[139.745832,35.736],[139.744725,35.735554],[139.743813,35.735184],[139.741829,35.734382],[139.739097,35.733277],[139.738057,35.732797],[139.736446,35.732122],[139.734916,35.731484],[139.734593,35.731354],[139.734313,35.731258],[139.733994,35.731164],[139.733641,35.731074],[139.733369,35.731019],[139.733017,35.730963],[139.73274,35.730936],[139.732416,35.730923],[139.732142,35.73092],[139.731873,35.730931],[139.731617,35.730953],[139.731385,35.730984],[139.731183,35.731019],[139.730958,35.731063],[139.730781,35.731108],[139.729417,35.731459],[139.729233,35.731515],[139.72866,35.731679],[139.726077,35.732326],[139.72267,35.733218],[139.718297,35.734374],[139.717676,35.734526],[139.717405,35.734569],[139.717115,35.734603],[139.716795,35.734625],[139.716436,35.734627],[139.716049,35.734605],[139.715657,35.734556],[139.715328,35.7345],[139.715072,35.734438],[139.714775,35.734363],[139.714432,35.734258],[139.714124,35.734141],[139.713557,35.733859],[139.713069,35.733485],[139.712752,35.73318],[139.71251,35.732903],[139.712153,35.732383],[139.712016,35.732188],[139.711897,35.731999],[139.711766,35.731732],[139.711305,35.730875],[139.710402,35.728938],[139.710146,35.728294],[139.709872,35.727609],[139.708666,35.725491],[139.70842,35.725033],[139.707813,35.723851],[139.706882,35.722057],[139.706731,35.72177],[139.706563,35.721391],[139.706214,35.720448],[139.705884,35.71951],[139.705787,35.719192],[139.705193,35.717342],[139.704959,35.716535],[139.704812,35.716043],[139.704502,35.715128],[139.704293,35.714512],[139.704129,35.714096],[139.703868,35.713421],[139.703684,35.712865],[139.70333,35.711834],[139.703095,35.711135],[139.702869,35.710477],[139.702555,35.709586],[139.702158,35.708459],[139.700885,35.704833],[139.70067,35.704216],[139.700585,35.703882],[139.700486,35.70341],[139.7004,35.702746],[139.700305,35.702006],[139.70017,35.700619],[139.700111,35.70014],[139.700093,35.69965],[139.70007,35.699398],[139.700031,35.699015],[139.699962,35.69836],[139.699909,35.698042],[139.699768,35.697442],[139.699634,35.696848],[139.699486,35.696105],[139.69945,35.69587],[139.699395,35.695547],[139.699381,35.695265],[139.699389,35.695028],[139.699436,35.69471],[139.699521,35.694396],[139.699661,35.693882],[139.699727,35.693623],[139.699949,35.692716],[139.699967,35.69233],[139.699942,35.691941],[139.699924,35.691594],[139.699918,35.690903],[139.699979,35.690135],[139.700083,35.68954],[139.700298,35.688651],[139.700554,35.688024],[139.700803,35.68744],[139.700988,35.686872],[139.701189,35.686202],[139.70135,35.685818],[139.701681,35.685075],[139.701822,35.684607],[139.701987,35.683999],[139.702143,35.683402],[139.702322,35.682987],[139.70256,35.682478],[139.702758,35.682005],[139.702916,35.681601],[139.702995,35.681344],[139.703136,35.680828],[139.703248,35.680412],[139.703433,35.679714],[139.703731,35.678621],[139.7038,35.678244],[139.703883,35.677676],[139.703915,35.677202],[139.703955,35.676461],[139.70398,35.675999],[139.703977,35.675639],[139.703924,35.675221],[139.703775,35.674747],[139.703736,35.67464],[139.70369,35.674492],[139.703598,35.674238],[139.703499,35.673942],[139.703363,35.673536],[139.703243,35.673206],[139.703152,35.672952],[139.703009,35.672534],[139.702859,35.672114],[139.702755,35.67176],[139.702516,35.670738],[139.70241,35.670116],[139.702342,35.669604],[139.702277,35.669039],[139.702164,35.668189],[139.70187,35.666055],[139.701464,35.663178],[139.701403,35.662668],[139.70135,35.661941],[139.701258,35.660521],[139.701209,35.660128],[139.701196,35.659838],[139.7012,35.659546],[139.701226,35.659269],[139.701313,35.658812],[139.701549,35.658123],[139.701811,35.6577],[139.702223,35.65712],[139.702654,35.65657],[139.703149,35.656003],[139.70385,35.655195],[139.704855,35.654121],[139.705141,35.653873],[139.705561,35.653466],[139.705904,35.653066],[139.706372,35.652533],[139.70715,35.651627],[139.707343,35.651377],[139.707529,35.651154],[139.707798,35.650798],[139.70798,35.6505],[139.708597,35.649403],[139.709044,35.648573],[139.709255,35.648172],[139.709416,35.647836],[139.709637,35.647328],[139.710392,35.645962],[139.710784,35.645276],[139.711249,35.644457],[139.711517,35.644034],[139.711811,35.643525],[139.712187,35.64287],[139.712488,35.642285],[139.712795,35.641723],[139.7131,35.641148],[139.713336,35.640699],[139.713534,35.640218],[139.713706,35.639809],[139.713854,35.639519],[139.713957,35.639345],[139.714121,35.63909],[139.714258,35.63888],[139.714482,35.638575],[139.714632,35.638331],[139.714757,35.638076],[139.714853,35.637818],[139.714899,35.63756],[139.714924,35.637386],[139.714946,35.637082],[139.715,35.636735],[139.715068,35.63643],[139.715255,35.63573],[139.715355,35.635356],[139.715535,35.634733],[139.715753,35.634015],[139.715936,35.633311],[139.716212,35.63214],[139.716397,35.631515],[139.716522,35.631292],[139.716636,35.631067],[139.716815,35.630783],[139.717024,35.630526],[139.717296,35.630243],[139.717636,35.629962],[139.718104,35.629651],[139.718547,35.629423],[139.720013,35.628786],[139.721041,35.628303],[139.721438,35.628105],[139.721784,35.6279],[139.722211,35.627609],[139.722593,35.627318],[139.72305,35.626895],[139.723508,35.626371],[139.723976,35.625756],[139.724412,35.625155],[139.724561,35.624935],[139.724837,35.624616],[139.725028,35.624362],[139.725988,35.623075],[139.726652,35.622196],[139.727082,35.621586],[139.727613,35.62088],[139.727986,35.62039],[139.72853,35.619669],[139.729127,35.61885],[139.729659,35.618177],[139.730164,35.617736],[139.730574,35.617457],[139.731018,35.617222],[139.731298,35.617105],[139.731598,35.617008],[139.731938,35.616927],[139.732291,35.616869],[139.73257,35.616842],[139.73284,35.616834],[139.73309,35.616844],[139.733326,35.616864],[139.733595,35.616902],[139.733867,35.616959],[139.734212,35.617027],[139.734543,35.617108],[139.735007,35.61728],[139.735344,35.617433],[139.735661,35.617613],[139.736093,35.617906],[139.736465,35.618251],[139.736769,35.618618],[139.737024,35.619027],[139.737158,35.619332],[139.737258,35.619611],[139.737899,35.621969],[139.738358,35.623682],[139.738546,35.624485],[139.738666,35.62501],[139.738702,35.625269],[139.738723,35.625625],[139.738708,35.626072],[139.73866,35.626465],[139.738588,35.626894],[139.738514,35.627514],[139.738479,35.628065],[139.738442,35.629008],[139.738431,35.629503],[139.738469,35.63],[139.738642,35.63069],[139.738888,35.631273],[139.739199,35.631936],[139.739526,35.632663],[139.73977,35.633311],[139.73996,35.633872],[139.740224,35.634578],[139.740551,35.635425],[139.740898,35.636217],[139.741202,35.636861],[139.741392,35.637223],[139.741522,35.637525],[139.741755,35.638114],[139.742015,35.638786],[139.742289,35.639376],[139.742524,35.639904],[139.742693,35.640388],[139.742844,35.640992],[139.742883,35.641406],[139.743021,35.641905],[139.743227,35.642467],[139.743463,35.642914],[139.743857,35.643443],[139.744135,35.643745],[139.744436,35.644004],[139.744851,35.644309],[139.745458,35.644672],[139.74627,35.645118],[139.747155,35.645574],[139.748248,35.646075],[139.748944,35.646414],[139.749946,35.646891],[139.750868,35.647334],[139.751893,35.647823],[139.752913,35.648309],[139.753411,35.648627],[139.754193,35.649226],[139.754642,35.649638],[139.754927,35.64997],[139.755256,35.650401],[139.75556,35.65086],[139.755789,35.651297],[139.756008,35.651762],[139.756257,35.652409],[139.756464,35.65307],[139.75661,35.653631],[139.756778,35.654314],[139.756965,35.65501],[139.757173,35.655869],[139.757372,35.656558],[139.757519,35.657066],[139.757624,35.657463],[139.758222,35.659939],[139.758385,35.660677],[139.758452,35.661085],[139.758499,35.661528],[139.758527,35.661918],[139.758527,35.662599],[139.758507,35.663022],[139.75846,35.66347],[139.758431,35.663741],[139.758368,35.664168],[139.758313,35.66444],[139.758265,35.664816],[139.758214,35.66518],[139.75815,35.665622],[139.75802,35.666168],[139.757938,35.666705],[139.757933,35.66748],[139.757952,35.667789],[139.758023,35.668222],[139.758125,35.668561],[139.758315,35.669017],[139.758738,35.66978],[139.759992,35.672008],[139.760177,35.672324],[139.760353,35.672598],[139.760634,35.672974],[139.760906,35.673289],[139.761401,35.673745],[139.762108,35.674318],[139.762625,35.67475],[139.763196,35.675187],[139.763857,35.675653],[139.76423,35.675949],[139.764486,35.676193],[139.764708,35.676444],[139.764846,35.676616],[139.764991,35.676862],[139.765084,35.677022],[139.765172,35.677203],[139.765273,35.677468],[139.765424,35.67786],[139.765742,35.678664],[139.765877,35.679023],[139.765963,35.679268],[139.765997,35.67945],[139.76601,35.679705],[139.766069,35.680005],[139.766161,35.680343],[139.766319,35.680795],[139.766445,35.681139],[139.766489,35.681258]]}},{"type":"Feature","properties":{"id":"JR-East.SobuRapid","ja":"総武線快速","en":"Sobu Line (Rapid)","color":"#0067C0"},"geometry":{"type":"LineString","coordinates":[[139.76559,35.681836],[139.766732,35.682987],[139.766911,35.683212],[139.767147,35.683576],[139.767583,35.684261],[139.768288,35.686069],[139.768555,35.686776],[139.768638,35.686934],[139.768808,35.687124],[139.769064,35.687295],[139.769406,35.687452],[139.76971,35.687595],[139.770283,35.687772],[139.777175,35.689987],[139.778912,35.690978],[139.780948,35.692185],[139.785096,35.695386],[139.785788,35.695603],[139.787022,35.695989],[139.788207,35.696241],[139.789837,35.696471],[139.790671,35.696509],[139.792259,35.696421],[139.794301,35.696185],[139.795949,35.695941],[139.796532,35.695902],[139.797309,35.695916],[139.798401,35.695969],[139.800338,35.696069],[139.800658,35.696088],[139.802032,35.696127],[139.802272,35.69613],[139.80308,35.696176],[139.809819,35.696537],[139.811239,35.696614],[139.812476,35.696771],[139.813252,35.696847],[139.816652,35.696938],[139.817455,35.696934],[139.818233,35.69692],[139.81865,35.696927],[139.819721,35.696982],[139.820998,35.697047],[139.821508,35.697079],[139.825327,35.697386],[139.826895,35.697462],[139.831912,35.69767],[139.832403,35.697703],[139.832877,35.697773],[139.833487,35.697908],[139.833942,35.69804],[139.834387,35.698194],[139.834955,35.698435],[139.835438,35.698673],[139.835892,35.698978],[139.836203,35.699229],[139.836457,35.69945],[139.836672,35.69967],[139.836862,35.69991],[139.837051,35.700165],[139.837248,35.700473],[139.838806,35.703131],[139.838968,35.70338],[139.839155,35.703642],[139.839459,35.704012],[139.839703,35.704294],[139.840361,35.705022],[139.840688,35.705319],[139.840986,35.705551],[139.841408,35.705836],[139.845138,35.708273],[139.845536,35.708547],[139.846074,35.708947],[139.846635,35.709394],[139.846955,35.709639],[139.847427,35.709954],[139.847815,35.710218],[139.854188,35.714559],[139.855629,35.715493],[139.856611,35.716111],[139.858235,35.717206],[139.858909,35.717607],[139.859564,35.717963],[139.861186,35.718813],[139.861632,35.719061],[139.862049,35.719308],[139.86243,35.719578],[139.865244,35.72155],[139.865507,35.721779],[139.866008,35.722187],[139.867165,35.723127],[139.86848,35.724148],[139.869091,35.724525],[139.871967,35.726433],[139.873031,35.727238],[139.873829,35.727808],[139.876539,35.729659],[139.879036,35.731376],[139.880587,35.732485],[139.881014,35.732805],[139.882802,35.734012],[139.883552,35.734457],[139.884103,35.734763],[139.884624,35.735031],[139.885029,35.735211],[139.885539,35.735412],[139.886007,35.735562],[139.886564,35.735725],[139.887064,35.735826],[139.887537,35.735907],[139.888158,35.735979],[139.888661,35.736008],[139.889105,35.736026],[139.88951,35.73601],[139.889994,35.735979],[139.890401,35.735935],[139.890812,35.735874],[139.891168,35.735808],[139.891477,35.735744],[139.891784,35.735665],[139.892117,35.735573],[139.892417,35.735483],[139.892669,35.735393],[139.892913,35.735301],[139.893365,35.735108],[139.893885,35.734853],[139.894387,35.734614],[139.895195,35.734226],[139.89612,35.733836],[139.900456,35.732053],[139.901855,35.731561],[139.902558,35.73132],[139.902862,35.731215],[139.903479,35.730968],[139.905072,35.730296],[139.90556,35.730043],[139.906482,35.729659],[139.910086,35.728121],[139.911481,35.727543],[139.912244,35.727237],[139.912923,35.726963],[139.91345,35.726745],[139.953871,35.709951],[139.95672,35.708755],[139.957666,35.70832],[139.959372,35.707569],[139.961382,35.706643],[139.962242,35.706222],[139.963505,35.705649],[139.964643,35.705121],[139.966026,35.704499],[139.967442,35.703854],[139.969358,35.702981],[139.970148,35.702687],[139.970848,35.702516],[139.971619,35.702352],[139.97221,35.70226],[139.972842,35.702125],[139.97325,35.702054],[139.973732,35.702011],[139.974164,35.702005],[139.974605,35.702015],[139.975,35.702062],[139.975474,35.702131],[139.976048,35.702247],[139.97643,35.702315],[139.976733,35.70236],[139.97713,35.7024],[139.977488,35.702408],[139.977808,35.702411],[139.978233,35.70238],[139.978608,35.702349],[139.980761,35.702149],[139.98136,35.702105],[139.982344,35.702045],[139.983343,35.701936],[139.984995,35.701757],[139.985995,35.701679],[139.986718,35.70164],[139.987283,35.701594],[139.988008,35.70153],[139.988654,35.701468],[139.993686,35.700926],[139.996693,35.700635],[140.00764,35.699571],[140.008139,35.699512],[140.008874,35.69939],[140.009305,35.699288],[140.009755,35.699163],[140.010186,35.699026],[140.010994,35.698701],[140.011394,35.698511],[140.011829,35.698276],[140.012264,35.698011],[140.012624,35.697765],[140.018137,35.693216],[140.021594,35.690416],[140.022359,35.689801],[140.022976,35.689299],[140.024299,35.688194],[140.025001,35.687501],[140.025847,35.686696],[140.026134,35.686456],[140.027009,35.685769],[140.030933,35.682463],[140.032988,35.680734],[140.036042,35.678286],[140.038111,35.676398],[140.058725,35.658907],[140.060573,35.65736],[140.061617,35.656564],[140.062159,35.656245],[140.06448,35.655068],[140.065582,35.654457],[140.066277,35.65408],[140.068223,35.653106],[140.068806,35.652834],[140.069329,35.652629],[140.0699,35.652441],[140.070484,35.6523],[140.070968,35.652196],[140.071401,35.652125],[140.075398,35.651612],[140.077053,35.651418],[140.077554,35.651338],[140.077897,35.651283],[140.078518,35.651216],[140.079285,35.651118],[140.079774,35.651028],[140.080336,35.650894],[140.080747,35.650772],[140.08105,35.650673],[140.081588,35.650463],[140.08203,35.650261],[140.082531,35.649998],[140.083004,35.64971],[140.083282,35.649528],[140.083555,35.649318],[140.083885,35.649066],[140.084183,35.648789],[140.084632,35.648328],[140.085429,35.647353],[140.085685,35.646954],[140.086014,35.646486],[140.086344,35.646025],[140.091266,35.63897],[140.091649,35.638445],[140.09336,35.636136],[140.095627,35.632951],[140.097555,35.630282],[140.100953,35.625374],[140.101364,35.624861],[140.101746,35.62443],[140.102323,35.623798],[140.103066,35.623012],[140.103529,35.622509],[140.104298,35.621562],[140.105206,35.620454],[140.106345,35.619193],[140.107521,35.617878],[140.10896,35.616291],[140.109339,35.615914],[140.109834,35.615482],[140.1106,35.614857],[140.111784,35.614213],[140.112448,35.613878],[140.112967,35.613614],[140.113487,35.613409],[140.114052,35.61324],[140.114573,35.613127],[140.114875,35.613084],[140.114875,35.613084],[140.114883,35.613083]]}},{"type":"Feature","properties":{"id":"JR-East.SaikyoKawagoe","ja":"埼京・川越線","en":"Saikyo / Kawagoe Line","color":"#00B48D"},"geometry":{"type":"LineString","coordinates":[[139.729162,35.618107],[139.728975,35.618319],[139.728758,35.61862],[139.728481,35.618994],[139.727861,35.619886],[139.727715,35.62009],[139.727491,35.620464],[139.727299,35.620836],[139.727099,35.621225],[139.726912,35.621511],[139.726673,35.621883],[139.726433,35.622255],[139.726199,35.622589],[139.725813,35.623126],[139.725093,35.624113],[139.724773,35.62453],[139.724512,35.624819],[139.724218,35.625139],[139.724076,35.625332],[139.723686,35.62586],[139.723219,35.626485],[139.722973,35.626763],[139.722625,35.627111],[139.722308,35.62738],[139.722015,35.627602],[139.721718,35.627804],[139.721372,35.628013],[139.721019,35.628203],[139.720718,35.628347],[139.720034,35.628649],[139.719298,35.628984],[139.718528,35.629321],[139.718341,35.629406],[139.718123,35.629518],[139.717827,35.629689],[139.717579,35.629863],[139.71736,35.630033],[139.717142,35.630229],[139.716949,35.630428],[139.716783,35.630624],[139.716627,35.630826],[139.716435,35.631153],[139.716261,35.631516],[139.716141,35.63186],[139.715595,35.633925],[139.715351,35.634824],[139.714804,35.636863],[139.714403,35.638282],[139.714182,35.639075],[139.714115,35.639335],[139.714051,35.639504],[139.713971,35.63968],[139.7138,35.640017],[139.713576,35.640442],[139.713302,35.640943],[139.713043,35.64142],[139.712766,35.641931],[139.712419,35.642565],[139.712092,35.643174],[139.711839,35.643632],[139.711435,35.644364],[139.710506,35.645983],[139.709647,35.647526],[139.709318,35.648193],[139.709021,35.648755],[139.708611,35.649507],[139.708202,35.650243],[139.707829,35.650871],[139.707662,35.651103],[139.707362,35.651467],[139.706934,35.651969],[139.705614,35.6535],[139.704866,35.654223],[139.704285,35.654795],[139.703629,35.655545],[139.702693,35.656644],[139.702329,35.65711],[139.702143,35.657417],[139.701841,35.657968],[139.701533,35.658574],[139.70142,35.658901],[139.701356,35.659183],[139.701301,35.659601],[139.701292,35.660056],[139.70136,35.66106],[139.701471,35.662637],[139.701526,35.663117],[139.701867,35.665625],[139.702378,35.669232],[139.702417,35.669584],[139.702472,35.670016],[139.702528,35.670301],[139.702602,35.670691],[139.702724,35.671219],[139.702904,35.671981],[139.703045,35.672409],[139.703236,35.672972],[139.703556,35.673904],[139.703922,35.674946],[139.703996,35.67521],[139.704053,35.675528],[139.704058,35.675813],[139.70404,35.676236],[139.704005,35.676953],[139.703941,35.677732],[139.703821,35.678527],[139.703597,35.679475],[139.703144,35.681349],[139.702851,35.682545],[139.702579,35.683652],[139.702325,35.684709],[139.701961,35.685938],[139.701603,35.687375],[139.701313,35.688683],[139.70098,35.690021],[139.700687,35.691434],[139.700389,35.692362],[139.700049,35.693402],[139.69989,35.694177],[139.699837,35.694857],[139.699793,35.695882],[139.699886,35.696748],[139.699993,35.697741],[139.70012,35.699023],[139.700218,35.700073],[139.700499,35.702993],[139.70058,35.703514],[139.700695,35.704006],[139.700798,35.704372],[139.702675,35.709722],[139.703687,35.71257],[139.704133,35.713835],[139.704631,35.715332],[139.704834,35.715922],[139.704996,35.716383],[139.705356,35.717629],[139.705926,35.719362],[139.706404,35.720744],[139.70679,35.721732],[139.707048,35.722209],[139.707617,35.723324],[139.708396,35.724813],[139.709054,35.726063],[139.70937,35.726586],[139.709865,35.727539],[139.710202,35.728237],[139.71053,35.728964],[139.710982,35.72988],[139.711675,35.731219],[139.712017,35.731863],[139.712597,35.73276],[139.713101,35.733429],[139.713624,35.734613],[139.713917,35.735234],[139.714358,35.736087],[139.715116,35.737519],[139.71583,35.738881],[139.717274,35.741626],[139.718087,35.743154],[139.718529,35.743941],[139.7198,35.745872],[139.720581,35.747102],[139.721057,35.747802],[139.721193,35.748029],[139.721404,35.748431],[139.72159,35.748865],[139.721742,35.749314],[139.721845,35.749683],[139.722073,35.750846],[139.722291,35.752021],[139.722328,35.752398],[139.722346,35.752889],[139.722328,35.753816],[139.722326,35.754816],[139.722293,35.765467],[139.722282,35.766103],[139.722181,35.768865],[139.722063,35.771927],[139.722043,35.772758],[139.722005,35.77344],[139.721952,35.774102],[139.721882,35.775045],[139.721816,35.775438],[139.72173,35.775791],[139.721534,35.77632],[139.721416,35.776606],[139.719994,35.778741],[139.719554,35.779454],[139.718742,35.780859],[139.718411,35.781349],[139.717943,35.782004],[139.717532,35.782449],[139.717106,35.782874],[139.716565,35.783292],[139.716157,35.783595],[139.715667,35.783862],[139.715134,35.784143],[139.71452,35.784374],[139.71371,35.784619],[139.712724,35.784884],[139.711413,35.785193],[139.710838,35.785304],[139.708676,35.785749],[139.708295,35.785843],[139.707831,35.78598],[139.707344,35.78616],[139.706415,35.786585],[139.705652,35.787031],[139.70508,35.787422],[139.703877,35.788304],[139.703255,35.788761],[139.702726,35.789119],[139.702386,35.789322],[139.702061,35.789485],[139.701802,35.789594],[139.701049,35.78984],[139.700488,35.790003],[139.700205,35.790068],[139.699702,35.790135],[139.69812,35.790344],[139.697294,35.790443],[139.69631,35.790594],[139.695416,35.790697],[139.693838,35.790868],[139.692356,35.79107],[139.691687,35.791174],[139.691193,35.791274],[139.690774,35.791395],[139.69038,35.791539],[139.68956,35.791964],[139.688896,35.792347],[139.688461,35.792668],[139.68794,35.793136],[139.687588,35.79353],[139.687296,35.79396],[139.687101,35.794295],[139.686924,35.794674],[139.686728,35.795217],[139.686247,35.79674],[139.685956,35.797785],[139.685803,35.798343],[139.685074,35.800742],[139.684891,35.801192],[139.684705,35.801534],[139.684453,35.801965],[139.68413,35.802441],[139.6836,35.803062],[139.683143,35.803521],[139.682168,35.804363],[139.678403,35.807738],[139.676525,35.809325],[139.67319,35.812104],[139.672668,35.812609],[139.672335,35.812997],[139.672044,35.813361],[139.671838,35.813686],[139.669988,35.816937],[139.668881,35.818866],[139.668256,35.81991],[139.667195,35.821738],[139.666704,35.822591],[139.666481,35.822899],[139.666133,35.823356],[139.665768,35.82379],[139.665416,35.824124],[139.664901,35.824563],[139.664525,35.824845],[139.664031,35.825166],[139.660052,35.827675],[139.65807,35.828914],[139.65741,35.82942],[139.656953,35.829831],[139.65664,35.830146],[139.656298,35.830553],[139.654697,35.83256],[139.652901,35.834848],[139.652441,35.835445],[139.652126,35.835942],[139.651873,35.836356],[139.649364,35.841197],[139.64891,35.842118],[139.648576,35.842869],[139.648131,35.843747],[139.64763,35.844543],[139.647161,35.845131],[139.64649,35.845909],[139.64608,35.846338],[139.645338,35.846986],[139.643673,35.848331],[139.638871,35.852367],[139.638368,35.85286],[139.637406,35.853837],[139.636755,35.854618],[139.636219,35.855287],[139.635818,35.855863],[139.635442,35.856462],[139.635195,35.8569],[139.635059,35.857149],[139.634758,35.857742],[139.634587,35.858132],[139.634404,35.858617],[139.632284,35.86429],[139.63184,35.865634],[139.631396,35.866862],[139.630379,35.869501],[139.629951,35.870492],[139.629551,35.87152],[139.628782,35.873611],[139.626248,35.880586],[139.62557,35.882386],[139.625437,35.882716],[139.625327,35.883078],[139.625266,35.883334],[139.625212,35.883659],[139.625183,35.884091],[139.625192,35.884565],[139.625258,35.885001],[139.625324,35.885306],[139.625439,35.885685],[139.625588,35.886044],[139.625857,35.886548],[139.626168,35.887046],[139.627517,35.889136],[139.628005,35.889829],[139.628645,35.890772],[139.629106,35.891542],[139.629389,35.892214],[139.629485,35.892554],[139.629581,35.892999],[139.629636,35.893635],[139.629578,35.894305],[139.629424,35.895056],[139.629159,35.895756],[139.62864,35.897217],[139.628264,35.898244],[139.627758,35.899144],[139.627334,35.899767],[139.626511,35.900892],[139.626201,35.901413],[139.625404,35.902801],[139.624943,35.903625],[139.624153,35.90507],[139.623737,35.906039],[139.623384,35.906836],[139.623111,35.907564],[139.622757,35.90931],[139.619933,35.917838],[139.619125,35.920072],[139.618461,35.921894],[139.617662,35.923914],[139.617101,35.925174],[139.616859,35.925776],[139.616533,35.926715],[139.615995,35.928221],[139.615841,35.928681],[139.615513,35.929297],[139.614852,35.930302],[139.614601,35.930631],[139.614262,35.930996],[139.613869,35.931325],[139.613259,35.931713],[139.612444,35.932092],[139.61177,35.932313],[139.611089,35.932465],[139.610386,35.932545],[139.609735,35.93254],[139.609312,35.932508],[139.608862,35.93245],[139.6084,35.932337],[139.607982,35.932215],[139.607531,35.932062],[139.606386,35.931662],[139.604871,35.931133],[139.60379,35.930732],[139.590804,35.926146],[139.58116,35.922756],[139.577624,35.921522],[139.576372,35.921076],[139.565933,35.917399],[139.564186,35.916815],[139.562598,35.916227],[139.561972,35.915973],[139.561075,35.915554],[139.559787,35.91485],[139.558906,35.914263],[139.557778,35.913407],[139.556204,35.912168],[139.553171,35.909778],[139.547392,35.905194],[139.5467,35.90471],[139.545986,35.904337],[139.545431,35.90414],[139.544844,35.903972],[139.544163,35.903858],[139.543367,35.903806],[139.524588,35.903663],[139.523051,35.903633],[139.521003,35.903508],[139.519292,35.903328],[139.517196,35.903115],[139.494228,35.901009],[139.490164,35.900645],[139.48985,35.900654],[139.489455,35.900689],[139.489104,35.900751],[139.488718,35.900865],[139.488371,35.901004],[139.488127,35.901141],[139.487733,35.901401],[139.487315,35.901786],[139.486817,35.9025],[139.486224,35.903366],[139.485422,35.904509],[139.484638,35.905413],[139.483494,35.906461],[139.48286,35.907194],[139.482482,35.90764],[139.482482,35.90764]]}},{"type":"Feature","properties":{"id":"JR-East.KeihinTohokuNegishi","ja":"京浜東北・根岸線","en":"Keihin-Tohoku / Negishi Line","color":"#00B2E5"},"geometry":{"type":"LineString","coordinates":[[139.531074,35.352761],[139.531893,35.354663],[139.532046,35.35508],[139.532142,35.355412],[139.532185,35.355759],[139.532196,35.35613],[139.532171,35.356406],[139.532092,35.356768],[139.53198,35.357116],[139.531858,35.357423],[139.531741,35.357648],[139.531553,35.357936],[139.531308,35.358281],[139.530154,35.359702],[139.529961,35.360011],[139.529789,35.360364],[139.529641,35.360766],[139.52956,35.361167],[139.529539,35.361444],[139.529547,35.361759],[139.529593,35.362073],[139.529654,35.362329],[139.530548,35.365237],[139.530802,35.366033],[139.530986,35.36641],[139.531191,35.366727],[139.531457,35.367043],[139.531736,35.36731],[139.53206,35.367557],[139.532626,35.367951],[139.533056,35.368182],[139.533579,35.368423],[139.534175,35.368636],[139.534712,35.36878],[139.535456,35.368918],[139.536164,35.36899],[139.536849,35.368995],[139.537495,35.368954],[139.538071,35.368857],[139.538826,35.368681],[139.539487,35.368489],[139.539987,35.368337],[139.540654,35.36815],[139.542828,35.367562],[139.543971,35.367266],[139.544626,35.367129],[139.545364,35.367054],[139.545961,35.367048],[139.546441,35.367088],[139.546993,35.367168],[139.547456,35.367275],[139.551365,35.368187],[139.552267,35.368381],[139.553076,35.368582],[139.554298,35.368876],[139.557401,35.369626],[139.558154,35.369795],[139.558488,35.36988],[139.558758,35.369973],[139.559204,35.370121],[139.559829,35.370351],[139.560241,35.370532],[139.560611,35.370701],[139.560927,35.370869],[139.561437,35.371139],[139.562552,35.371682],[139.56302,35.371896],[139.563814,35.372195],[139.564248,35.37233],[139.565011,35.372533],[139.565803,35.372723],[139.567868,35.373198],[139.572531,35.374321],[139.577957,35.375595],[139.578833,35.375778],[139.579431,35.375903],[139.580046,35.376003],[139.580803,35.376085],[139.581589,35.37612],[139.582548,35.376107],[139.583265,35.376065],[139.583983,35.375974],[139.584687,35.375896],[139.585702,35.375844],[139.586495,35.37584],[139.587052,35.375878],[139.587886,35.375965],[139.588673,35.376091],[139.589332,35.376246],[139.58992,35.376408],[139.590461,35.376587],[139.590865,35.376746],[139.592732,35.377551],[139.593802,35.377875],[139.59559,35.378423],[139.597912,35.379131],[139.5988,35.379381],[139.598982,35.379437],[139.599406,35.379516],[139.600048,35.379611],[139.600596,35.379653],[139.601166,35.379667],[139.601746,35.379661],[139.602452,35.379595],[139.603398,35.379464],[139.604241,35.379279],[139.605324,35.378974],[139.608958,35.378024],[139.609531,35.377884],[139.610037,35.377782],[139.610543,35.377695],[139.611054,35.377665],[139.611595,35.377662],[139.612079,35.377656],[139.612588,35.377682],[139.613227,35.377743],[139.613836,35.377855],[139.615775,35.378265],[139.616693,35.378472],[139.617344,35.378766],[139.617757,35.378961],[139.618016,35.379113],[139.618317,35.379298],[139.618557,35.379464],[139.618837,35.379675],[139.618987,35.379802],[139.619195,35.379989],[139.619401,35.380195],[139.619599,35.380418],[139.619742,35.380589],[139.619901,35.380797],[139.620059,35.381031],[139.620226,35.381325],[139.620341,35.381569],[139.620419,35.381768],[139.620541,35.382081],[139.620648,35.38243],[139.62073,35.382822],[139.620775,35.38332],[139.620776,35.383556],[139.620772,35.383789],[139.620756,35.384035],[139.620721,35.384271],[139.620676,35.384524],[139.620604,35.384779],[139.620481,35.385135],[139.620325,35.385511],[139.620202,35.385742],[139.620034,35.386017],[139.619832,35.3863],[139.61885,35.387565],[139.61863,35.387837],[139.617246,35.389606],[139.617012,35.389898],[139.616779,35.390208],[139.616567,35.390524],[139.616433,35.390755],[139.616293,35.391015],[139.616165,35.3913],[139.61604,35.391649],[139.615949,35.391961],[139.615876,35.392288],[139.615821,35.392681],[139.615799,35.392971],[139.615812,35.39325],[139.615884,35.395291],[139.6159,35.395485],[139.615966,35.395927],[139.616087,35.396447],[139.61622,35.396881],[139.616383,35.39731],[139.616541,35.397665],[139.616661,35.397887],[139.616824,35.398153],[139.617862,35.399702],[139.619078,35.40149],[139.619414,35.402013],[139.619814,35.402615],[139.621352,35.404865],[139.623413,35.407864],[139.62375,35.408349],[139.625143,35.41041],[139.625342,35.410652],[139.625592,35.410922],[139.625886,35.411186],[139.626155,35.411395],[139.626404,35.411569],[139.626712,35.41175],[139.627021,35.411915],[139.632069,35.414445],[139.632891,35.414849],[139.633571,35.415186],[139.633995,35.415357],[139.634519,35.415516],[139.637404,35.416202],[139.637918,35.41634],[139.638474,35.416481],[139.639178,35.416653],[139.643151,35.417591],[139.643639,35.417729],[139.644156,35.417923],[139.644646,35.418139],[139.645012,35.418342],[139.645446,35.418614],[139.645872,35.418921],[139.646192,35.419205],[139.646479,35.419495],[139.646681,35.419737],[139.647034,35.420133],[139.647366,35.420655],[139.647574,35.421085],[139.64769,35.421501],[139.647756,35.421961],[139.647774,35.422351],[139.647759,35.422798],[139.64773,35.423307],[139.647664,35.423745],[139.647551,35.424196],[139.647362,35.424719],[139.647199,35.425138],[139.645885,35.428131],[139.645711,35.428581],[139.645608,35.429061],[139.645539,35.429598],[139.645537,35.430012],[139.645596,35.430681],[139.645568,35.43258],[139.645502,35.43317],[139.645387,35.433673],[139.645255,35.434041],[139.644455,35.435807],[139.644179,35.436366],[139.643616,35.437463],[139.642294,35.44013],[139.6418,35.440832],[139.641269,35.441338],[139.640657,35.441695],[139.639787,35.442088],[139.638187,35.442759],[139.637372,35.443187],[139.636323,35.443867],[139.635481,35.444562],[139.634828,35.445189],[139.632916,35.447328],[139.632761,35.447559],[139.632606,35.44786],[139.632486,35.448204],[139.632189,35.449398],[139.63206,35.44971],[139.631816,35.450098],[139.631553,35.450426],[139.630409,35.451629],[139.630002,35.452051],[139.629446,35.452683],[139.62807,35.454291],[139.625126,35.457999],[139.624724,35.458473],[139.624036,35.459326],[139.621953,35.46193],[139.621828,35.462104],[139.621697,35.462338],[139.621593,35.462585],[139.621514,35.46284],[139.621467,35.463176],[139.621437,35.463504],[139.621438,35.463777],[139.621485,35.464171],[139.621627,35.464599],[139.621811,35.464973],[139.622034,35.465243],[139.623113,35.466397],[139.623267,35.466601],[139.623431,35.466879],[139.623679,35.467224],[139.623938,35.467516],[139.62422,35.467826],[139.624675,35.468348],[139.625774,35.469728],[139.625946,35.469938],[139.626114,35.470141],[139.627521,35.471702],[139.628528,35.472819],[139.628821,35.473133],[139.629365,35.473727],[139.631358,35.475922],[139.631803,35.476346],[139.632615,35.477175],[139.63407,35.478762],[139.634753,35.47952],[139.63517,35.480015],[139.635667,35.480544],[139.636704,35.481648],[139.636952,35.481882],[139.637374,35.482201],[139.637861,35.482492],[139.638249,35.482676],[139.638743,35.48287],[139.63901,35.482964],[139.639524,35.483139],[139.6414,35.483748],[139.642451,35.484081],[139.643186,35.484383],[139.644113,35.484725],[139.644957,35.484955],[139.645954,35.485127],[139.647115,35.485322],[139.647749,35.485384],[139.648572,35.485413],[139.649454,35.485445],[139.650168,35.485513],[139.650967,35.485658],[139.651631,35.48583],[139.652202,35.486013],[139.652914,35.486275],[139.653397,35.486505],[139.654949,35.487295],[139.655472,35.487584],[139.656228,35.487988],[139.657503,35.488647],[139.658397,35.489116],[139.660348,35.490145],[139.660861,35.490495],[139.66249,35.491727],[139.663009,35.492139],[139.663264,35.492375],[139.663521,35.492681],[139.663711,35.492938],[139.664313,35.493884],[139.664574,35.4942],[139.664848,35.49447],[139.665129,35.494712],[139.665385,35.494893],[139.66671,35.495792],[139.667115,35.496083],[139.668558,35.497266],[139.670043,35.498492],[139.671021,35.499337],[139.672199,35.500366],[139.672731,35.500826],[139.673297,35.501335],[139.673498,35.50152],[139.673755,35.501793],[139.674095,35.502195],[139.674361,35.502557],[139.674671,35.503028],[139.674865,35.503382],[139.67508,35.503882],[139.675319,35.504715],[139.67612,35.508205],[139.676817,35.510905],[139.676912,35.511235],[139.677075,35.511724],[139.677317,35.512382],[139.677811,35.513787],[139.678087,35.514613],[139.678283,35.515044],[139.678464,35.515371],[139.678701,35.515736],[139.678916,35.516025],[139.679227,35.516381],[139.679644,35.516752],[139.680252,35.517321],[139.680785,35.517794],[139.681388,35.518315],[139.684016,35.520515],[139.687127,35.523107],[139.688872,35.524578],[139.690851,35.526243],[139.691602,35.526872],[139.692755,35.527833],[139.693475,35.528442],[139.694549,35.529341],[139.69664,35.531185],[139.69836,35.532628],[139.699396,35.533391],[139.699861,35.533771],[139.700676,35.534461],[139.701504,35.53518],[139.70197,35.535648],[139.702238,35.535963],[139.706588,35.541161],[139.706912,35.541568],[139.707041,35.541751],[139.707374,35.54227],[139.707722,35.542844],[139.70808,35.543556],[139.709731,35.547408],[139.713416,35.55623],[139.714831,35.559642],[139.715561,35.561351],[139.715663,35.561674],[139.716715,35.564201],[139.717588,35.566289],[139.718222,35.567807],[139.719703,35.571349],[139.72351,35.580445],[139.724894,35.583749],[139.725002,35.584014],[139.725138,35.584288],[139.725226,35.584451],[139.725469,35.5849],[139.72567,35.585222],[139.725937,35.585644],[139.726135,35.585943],[139.726441,35.586427],[139.726718,35.586837],[139.727315,35.58772],[139.728855,35.590111],[139.732947,35.596461],[139.733193,35.596848],[139.733411,35.597249],[139.73357,35.597546],[139.733691,35.597882],[139.733891,35.598547],[139.733956,35.598857],[139.734004,35.599203],[139.73405,35.599514],[139.734108,35.599951],[139.73414,35.60023],[139.734565,35.603606],[139.734791,35.605407],[139.734796,35.605798],[139.734866,35.606603],[139.735009,35.607539],[139.735104,35.608046],[139.735265,35.609152],[139.735534,35.611153],[139.735916,35.614037],[139.735997,35.614529],[139.736444,35.616163],[139.737276,35.619117],[139.737442,35.619857],[139.737786,35.621169],[139.738202,35.622758],[139.738417,35.623567],[139.738566,35.624174],[139.738768,35.625084],[139.7388,35.625321],[139.738831,35.625707],[139.738839,35.626285],[139.738857,35.627163],[139.738822,35.627886],[139.738742,35.629456],[139.738754,35.629988],[139.738829,35.630539],[139.739005,35.631148],[139.739202,35.631735],[139.739515,35.632409],[139.740073,35.633741],[139.741286,35.63665],[139.74166,35.637484],[139.742071,35.638459],[139.742364,35.639175],[139.742571,35.639861],[139.742784,35.640511],[139.742936,35.641151],[139.743087,35.641764],[139.743243,35.642205],[139.74345,35.642651],[139.743725,35.643103],[139.744151,35.643625],[139.744571,35.64401],[139.745089,35.644368],[139.747406,35.645551],[139.74871,35.64616],[139.749854,35.646711],[139.750718,35.647108],[139.751696,35.647579],[139.752746,35.648089],[139.753061,35.648275],[139.753523,35.648593],[139.754014,35.648968],[139.754343,35.649251],[139.754678,35.649559],[139.754973,35.649895],[139.755277,35.650288],[139.755509,35.650633],[139.755699,35.650956],[139.755821,35.651175],[139.756088,35.651738],[139.756313,35.652304],[139.756549,35.653091],[139.75688,35.654241],[139.757439,35.656304],[139.757577,35.656905],[139.757755,35.657651],[139.758309,35.659926],[139.758472,35.660664],[139.758564,35.661265],[139.758615,35.661789],[139.758622,35.662317],[139.75859,35.66303],[139.75855,35.663581],[139.758482,35.664061],[139.758376,35.664681],[139.758304,35.665232],[139.758252,35.665975],[139.758112,35.66675],[139.758057,35.667302],[139.758051,35.667647],[139.758068,35.667951],[139.758122,35.668271],[139.758224,35.668572],[139.758325,35.668854],[139.758501,35.66917],[139.760102,35.672012],[139.760267,35.672285],[139.760415,35.672523],[139.760615,35.672809],[139.760898,35.673137],[139.761322,35.673553],[139.7617,35.673864],[139.762165,35.674211],[139.762727,35.67463],[139.763838,35.675487],[139.764207,35.675785],[139.764477,35.676037],[139.764697,35.676284],[139.764831,35.67645],[139.765029,35.676741],[139.765206,35.677077],[139.765967,35.679006],[139.766062,35.679289],[139.766137,35.679708],[139.766414,35.680458],[139.766698,35.681203],[139.767123,35.682315],[139.767302,35.682717],[139.767425,35.682975],[139.767655,35.683507],[139.767864,35.683944],[139.768006,35.684312],[139.768192,35.684733],[139.768441,35.685329],[139.768669,35.685918],[139.769138,35.68718],[139.769593,35.688306],[139.770341,35.690084],[139.770561,35.690602],[139.771086,35.691758],[139.771568,35.693004],[139.771689,35.693321],[139.771851,35.693718],[139.772166,35.694458],[139.772489,35.695259],[139.772602,35.695564],[139.772708,35.695921],[139.772782,35.696221],[139.772842,35.696547],[139.772968,35.697284],[139.773065,35.697985],[139.773165,35.698838],[139.773245,35.699654],[139.773295,35.700115],[139.773418,35.701174],[139.773487,35.701557],[139.773575,35.701882],[139.773881,35.702796],[139.774052,35.703348],[139.774152,35.703862],[139.774577,35.706255],[139.774914,35.708287],[139.774958,35.708739],[139.774952,35.708976],[139.774912,35.709227],[139.774727,35.710345],[139.774701,35.710546],[139.774703,35.71083],[139.774758,35.711127],[139.774872,35.711471],[139.775015,35.711777],[139.775178,35.71207],[139.776866,35.714506],[139.777152,35.714852],[139.777467,35.715247],[139.778077,35.715926],[139.778803,35.716724],[139.779229,35.717213],[139.779383,35.717451],[139.779491,35.717653],[139.779604,35.71792],[139.77969,35.71819],[139.779755,35.718493],[139.779787,35.718798],[139.77978,35.719091],[139.779741,35.719388],[139.779673,35.719633],[139.779577,35.719887],[139.77943,35.720145],[139.779266,35.72037],[139.778937,35.72076],[139.778064,35.721666],[139.777203,35.722387],[139.776949,35.722591],[139.776814,35.722704],[139.776669,35.722838],[139.775179,35.724215],[139.774414,35.724923],[139.773852,35.725442],[139.773465,35.725761],[139.773186,35.725968],[139.772834,35.726211],[139.772491,35.726426],[139.771773,35.726909],[139.771243,35.727331],[139.769883,35.728535],[139.76939,35.72899],[139.769056,35.729331],[139.767664,35.730911],[139.767405,35.731259],[139.766069,35.733169],[139.765653,35.733693],[139.765275,35.734102],[139.764703,35.734716],[139.763508,35.735878],[139.762206,35.737047],[139.760792,35.738221],[139.76005,35.738851],[139.759576,35.739274],[139.759159,35.739602],[139.758526,35.739981],[139.757816,35.740435],[139.75724,35.740894],[139.756921,35.741134],[139.755818,35.741795],[139.755498,35.741964],[139.754371,35.742639],[139.753433,35.743181],[139.753117,35.743341],[139.751278,35.744182],[139.750996,35.74432],[139.750713,35.744485],[139.750386,35.744673],[139.750081,35.744844],[139.749481,35.745194],[139.749169,35.745397],[139.748857,35.745608],[139.748501,35.745826],[139.747134,35.746537],[139.744947,35.747736],[139.742941,35.748693],[139.742315,35.748985],[139.741962,35.749181],[139.741641,35.7494],[139.741393,35.749617],[139.741179,35.749812],[139.740957,35.750056],[139.740712,35.750352],[139.74049,35.750573],[139.740212,35.750818],[139.739927,35.751029],[139.739199,35.751536],[139.738917,35.751764],[139.737593,35.753049],[139.737182,35.753508],[139.736414,35.754384],[139.736057,35.754809],[139.73586,35.755069],[139.733956,35.757768],[139.733703,35.758115],[139.733445,35.758416],[139.73317,35.75868],[139.732915,35.758904],[139.732559,35.75917],[139.732112,35.759471],[139.731494,35.759895],[139.730874,35.760339],[139.729357,35.761418],[139.728783,35.761828],[139.728452,35.762082],[139.728042,35.762442],[139.72756,35.762984],[139.727382,35.763214],[139.727228,35.763411],[139.72699,35.763741],[139.726556,35.764362],[139.726295,35.764774],[139.726018,35.765248],[139.72578,35.765678],[139.725462,35.766211],[139.724963,35.767076],[139.724385,35.768099],[139.723621,35.769451],[139.722892,35.770731],[139.722684,35.771173],[139.722567,35.771442],[139.722477,35.771853],[139.7224,35.772338],[139.722376,35.772891],[139.722365,35.77341],[139.72237,35.775188],[139.722366,35.775429],[139.722298,35.775835],[139.722188,35.776244],[139.721986,35.776668],[139.721696,35.777164],[139.720594,35.778837],[139.720073,35.779506],[139.71965,35.780045],[139.719507,35.780275],[139.719279,35.780715],[139.718374,35.782507],[139.717851,35.783586],[139.717521,35.784381],[139.717319,35.784912],[139.717164,35.785429],[139.717095,35.785973],[139.717095,35.786486],[139.717114,35.786914],[139.718073,35.795273],[139.718412,35.798385],[139.718428,35.798774],[139.718412,35.799348],[139.71834,35.79986],[139.718186,35.80039],[139.71785,35.801289],[139.717406,35.80212],[139.716969,35.802802],[139.716368,35.80353],[139.715047,35.804881],[139.714176,35.805744],[139.713544,35.806347],[139.711438,35.808452],[139.711038,35.808905],[139.71068,35.809305],[139.710413,35.809566],[139.705753,35.814295],[139.703622,35.81642],[139.701738,35.818289],[139.700181,35.819856],[139.699841,35.820206],[139.699467,35.820558],[139.699145,35.820838],[139.698646,35.821247],[139.698186,35.821598],[139.696811,35.822636],[139.693334,35.82526],[139.693106,35.825458],[139.692856,35.825657],[139.692597,35.825899],[139.692221,35.826251],[139.691692,35.826808],[139.691124,35.82739],[139.689381,35.829113],[139.68888,35.829588],[139.688578,35.829854],[139.688131,35.830236],[139.68758,35.830779],[139.683495,35.834848],[139.682748,35.835513],[139.681916,35.836047],[139.681416,35.83635],[139.680795,35.836721],[139.68064,35.836807],[139.680393,35.836994],[139.680148,35.83719],[139.679737,35.837578],[139.678592,35.838691],[139.67789,35.839399],[139.674943,35.842338],[139.674088,35.843171],[139.673463,35.843676],[139.671674,35.845083],[139.67125,35.845449],[139.670817,35.845851],[139.669483,35.847241],[139.667258,35.849541],[139.666626,35.850176],[139.665601,35.851161],[139.664836,35.851771],[139.664334,35.852139],[139.661483,35.854217],[139.660272,35.855117],[139.659968,35.855378],[139.65965,35.855681],[139.659256,35.856093],[139.65898,35.856393],[139.658752,35.856691],[139.658438,35.857157],[139.657907,35.858151],[139.657544,35.858756],[139.656731,35.859949],[139.656345,35.860496],[139.656154,35.860763],[139.655738,35.861409],[139.655165,35.862218],[139.654567,35.863116],[139.652747,35.865805],[139.652358,35.866324],[139.651922,35.86682],[139.651524,35.867228],[139.651382,35.867368],[139.650728,35.867959],[139.648704,35.869792],[139.647774,35.870608],[139.646106,35.872171],[139.644981,35.873119],[139.644487,35.873555],[139.644192,35.873854],[139.643932,35.874153],[139.64369,35.874451],[139.643447,35.874807],[139.643234,35.875163],[139.64303,35.875544],[139.642783,35.876106],[139.641605,35.878634],[139.640001,35.882386],[139.639721,35.883051],[139.639189,35.88428],[139.638495,35.885699],[139.638062,35.886563],[139.637799,35.887153],[139.637233,35.888363],[139.636181,35.890593],[139.63602,35.89088],[139.635741,35.891323],[139.635414,35.891787],[139.634425,35.89312],[139.63294,35.895121],[139.632022,35.896282],[139.631214,35.897244],[139.630759,35.89779],[139.630378,35.898198],[139.629414,35.899193],[139.628923,35.899648],[139.628047,35.900439],[139.627559,35.900886],[139.627193,35.901301],[139.626859,35.90174],[139.626556,35.902158],[139.626207,35.90267],[139.625851,35.903287],[139.625576,35.903823],[139.62536,35.904289],[139.625202,35.904747],[139.624975,35.905499],[139.624722,35.906204],[139.624252,35.907248],[139.624011,35.907782],[139.624011,35.907782]]}},{"type":"Feature","properties":{"id":"JR-East.ChuoSobuLocal","ja":"中央・総武線各駅停車","en":"Chuo-Sobu Line (Local)","color":"#FFD400"},"geometry":{"type":"LineString","coordinates":[[140.114352,35.61217],[140.113388,35.612689],[140.112654,35.61317],[140.11219,35.613478],[140.111884,35.613693],[140.111325,35.614128],[140.110332,35.614906],[140.109555,35.615559],[140.10896,35.616071],[140.108417,35.616672],[140.107792,35.617358],[140.107181,35.618039],[140.106549,35.618734],[140.105666,35.619693],[140.105037,35.620441],[140.104383,35.621247],[140.103809,35.621946],[140.103213,35.62265],[140.102493,35.623476],[140.101914,35.624119],[140.101229,35.624884],[140.100907,35.625288],[140.10052,35.625806],[140.100256,35.626188],[140.099716,35.626973],[140.098271,35.629042],[140.097367,35.630344],[140.097035,35.630811],[140.091218,35.63886],[140.090576,35.639816],[140.089799,35.640927],[140.088906,35.64222],[140.088419,35.642922],[140.087377,35.644418],[140.086273,35.645964],[140.084883,35.647888],[140.084357,35.648492],[140.083903,35.648934],[140.083323,35.649393],[140.082681,35.649803],[140.082186,35.650097],[140.081978,35.650182],[140.081651,35.650336],[140.081265,35.650496],[140.081022,35.650576],[140.080658,35.650694],[140.080147,35.650843],[140.079501,35.650978],[140.078765,35.651105],[140.077381,35.651291],[140.076288,35.651433],[140.075339,35.651527],[140.073497,35.651717],[140.072054,35.65192],[140.070544,35.652196],[140.069672,35.652432],[140.068822,35.652748],[140.06817,35.653037],[140.067314,35.653466],[140.066615,35.653829],[140.065971,35.654158],[140.06537,35.654474],[140.064335,35.655006],[140.06373,35.655313],[140.062805,35.65578],[140.062261,35.656071],[140.061644,35.656402],[140.060966,35.656878],[140.060202,35.657488],[140.059318,35.658218],[140.058466,35.658845],[140.057628,35.659525],[140.056844,35.660229],[140.056078,35.660971],[140.055289,35.661648],[140.054538,35.662312],[140.053594,35.66314],[140.052684,35.663938],[140.051655,35.664775],[140.050662,35.665597],[140.049397,35.666663],[140.045936,35.669593],[140.042238,35.672728],[140.040131,35.674462],[140.037665,35.676619],[140.034236,35.679481],[140.033546,35.680068],[140.031414,35.681881],[140.030258,35.682867],[140.028711,35.684177],[140.026026,35.686444],[140.024859,35.687522],[140.022562,35.689441],[140.021708,35.690135],[140.020921,35.690716],[140.020501,35.691039],[140.019208,35.692114],[140.018793,35.692466],[140.017895,35.693273],[140.016976,35.694046],[140.015738,35.69508],[140.014048,35.696487],[140.013149,35.69724],[140.012649,35.69765],[140.011878,35.698169],[140.011427,35.698403],[140.010719,35.698747],[140.010037,35.699005],[140.009309,35.699213],[140.008619,35.699362],[140.008008,35.699456],[140.007533,35.699503],[140.007029,35.699546],[140.004841,35.699709],[140.003172,35.699877],[140.002462,35.699984],[140.001928,35.700052],[140.001614,35.700083],[139.989778,35.701264],[139.988745,35.70138],[139.987728,35.701474],[139.987094,35.70153],[139.986501,35.701545],[139.985347,35.701576],[139.984187,35.701689],[139.983196,35.701844],[139.98208,35.701975],[139.978394,35.702295],[139.977375,35.702341],[139.97659,35.702255],[139.975879,35.702125],[139.974657,35.701938],[139.973607,35.701933],[139.972816,35.702039],[139.972258,35.702155],[139.970671,35.702452],[139.969604,35.702786],[139.968266,35.703338],[139.965921,35.704346],[139.963273,35.705497],[139.960678,35.706713],[139.959368,35.707296],[139.958993,35.707461],[139.958546,35.707659],[139.958204,35.707826],[139.95784,35.708002],[139.957104,35.708405],[139.956118,35.708905],[139.955222,35.709298],[139.954703,35.709512],[139.953689,35.709937],[139.952679,35.710361],[139.928861,35.720243],[139.926395,35.721277],[139.91284,35.726915],[139.908074,35.728773],[139.906897,35.729313],[139.906174,35.729649],[139.905365,35.730052],[139.904678,35.730384],[139.903846,35.730727],[139.902693,35.731186],[139.902044,35.731404],[139.900958,35.731775],[139.900044,35.732118],[139.896253,35.733692],[139.894884,35.73428],[139.894349,35.734527],[139.892681,35.735295],[139.892155,35.735477],[139.891563,35.735647],[139.891198,35.735727],[139.890758,35.735808],[139.890304,35.735872],[139.889866,35.735909],[139.889304,35.735946],[139.888766,35.735937],[139.888039,35.735895],[139.887518,35.735841],[139.887081,35.735767],[139.886519,35.735638],[139.886005,35.735494],[139.88546,35.735319],[139.885073,35.735158],[139.884757,35.735013],[139.884445,35.734861],[139.88398,35.734615],[139.883493,35.734328],[139.882787,35.73389],[139.880884,35.732568],[139.880294,35.732155],[139.878964,35.731236],[139.877466,35.73018],[139.876833,35.729711],[139.876135,35.729243],[139.875428,35.728762],[139.874271,35.727965],[139.873382,35.727375],[139.872744,35.72689],[139.871639,35.726111],[139.870937,35.72568],[139.868099,35.723745],[139.867195,35.723],[139.865055,35.721351],[139.863358,35.720112],[139.862104,35.719256],[139.860708,35.71851],[139.858894,35.717444],[139.857721,35.716699],[139.856517,35.71593],[139.854559,35.714678],[139.853146,35.713751],[139.852152,35.713064],[139.848145,35.710331],[139.847331,35.709775],[139.845973,35.708766],[139.844891,35.708016],[139.844312,35.707624],[139.843721,35.707237],[139.843195,35.706871],[139.841573,35.705807],[139.840828,35.705294],[139.839891,35.704389],[139.839258,35.703641],[139.838096,35.701749],[139.837128,35.700097],[139.836775,35.699638],[139.836457,35.699325],[139.835973,35.698928],[139.835638,35.698698],[139.835221,35.698469],[139.83478,35.698254],[139.834279,35.698065],[139.833806,35.697907],[139.833121,35.697723],[139.832486,35.697631],[139.831956,35.697571],[139.831111,35.697521],[139.830277,35.697507],[139.829223,35.697471],[139.82798,35.697397],[139.826394,35.697307],[139.824903,35.697233],[139.821866,35.697027],[139.819676,35.696902],[139.816552,35.696769],[139.814249,35.696655],[139.812591,35.696597],[139.811844,35.696555],[139.81062,35.6965],[139.809912,35.696459],[139.809,35.696419],[139.808204,35.696373],[139.80725,35.696323],[139.806497,35.696286],[139.805439,35.696226],[139.801884,35.696041],[139.797915,35.695827],[139.797387,35.695809],[139.796112,35.695664],[139.795512,35.695647],[139.794525,35.695711],[139.791869,35.695904],[139.791389,35.696009],[139.790873,35.696179],[139.789267,35.696778],[139.788685,35.696984],[139.788187,35.697097],[139.787389,35.69718],[139.786291,35.697267],[139.784459,35.697423],[139.783,35.697544],[139.781924,35.697641],[139.776842,35.698051],[139.775113,35.698187],[139.771065,35.698536],[139.768436,35.698747],[139.767882,35.698796],[139.767522,35.698878],[139.766882,35.699117],[139.76618,35.699351],[139.765312,35.699574],[139.763479,35.700054],[139.763188,35.700203],[139.762658,35.700537],[139.76231,35.700788],[139.761821,35.701084],[139.761241,35.70131],[139.760951,35.701384],[139.760627,35.70144],[139.760148,35.701466],[139.759636,35.70146],[139.758926,35.701411],[139.758326,35.701387],[139.757424,35.701431],[139.756449,35.701632],[139.755412,35.70186],[139.754961,35.701929],[139.754057,35.702009],[139.753252,35.702061],[139.752105,35.702143],[139.751097,35.702216],[139.750122,35.702291],[139.747292,35.702491],[139.747027,35.702502],[139.74668,35.702481],[139.746184,35.702397],[139.745804,35.702286],[139.745398,35.702123],[139.745058,35.70192],[139.744749,35.701705],[139.744464,35.701444],[139.74424,35.701175],[139.744102,35.700999],[139.74394,35.700734],[139.743763,35.70045],[139.743446,35.699991],[139.743078,35.699545],[139.7424,35.698747],[139.74125,35.697351],[139.740932,35.696924],[139.740126,35.695896],[139.739927,35.695598],[139.739434,35.694892],[139.739124,35.694498],[139.738783,35.694054],[139.738377,35.69352],[139.738174,35.693292],[139.738015,35.693123],[139.737759,35.692894],[139.736837,35.692189],[139.736322,35.691808],[139.736026,35.691607],[139.735746,35.691458],[139.734909,35.691042],[139.734536,35.690829],[139.733992,35.690534],[139.733428,35.690246],[139.732938,35.689976],[139.732528,35.689746],[139.732126,35.689442],[139.731827,35.689147],[139.731609,35.688861],[139.731354,35.688469],[139.731239,35.688183],[139.73117,35.687878],[139.731058,35.687413],[139.730985,35.687028],[139.730869,35.686586],[139.730458,35.685229],[139.73023,35.684619],[139.729981,35.684113],[139.729424,35.683413],[139.728693,35.682607],[139.727665,35.682035],[139.726871,35.681653],[139.725879,35.681192],[139.724514,35.680582],[139.723387,35.680095],[139.722857,35.679937],[139.722269,35.679858],[139.721769,35.679854],[139.721367,35.67989],[139.720313,35.68004],[139.718929,35.680238],[139.718229,35.680322],[139.717141,35.680462],[139.716178,35.680603],[139.715124,35.680759],[139.713509,35.680983],[139.711672,35.681182],[139.709353,35.681537],[139.708677,35.681552],[139.707792,35.68148],[139.706662,35.681419],[139.705632,35.681351],[139.70538,35.681357],[139.705016,35.681397],[139.704656,35.681466],[139.704337,35.681558],[139.703957,35.681702],[139.70355,35.681912],[139.703253,35.682123],[139.702931,35.682398],[139.702689,35.682677],[139.702498,35.682958],[139.702343,35.683252],[139.702272,35.683487],[139.701917,35.684823],[139.701744,35.685249],[139.701446,35.686006],[139.701155,35.68667],[139.700927,35.68729],[139.700652,35.688007],[139.700509,35.688614],[139.700271,35.689574],[139.700162,35.690184],[139.700103,35.69117],[139.70009,35.691901],[139.700039,35.692526],[139.699919,35.692988],[139.699769,35.693622],[139.699669,35.694347],[139.699604,35.695],[139.699539,35.695537],[139.699392,35.696112],[139.699227,35.69678],[139.699077,35.697286],[139.698956,35.697765],[139.698868,35.69805],[139.698755,35.698324],[139.698548,35.698741],[139.698284,35.69918],[139.698133,35.699433],[139.697575,35.700354],[139.697045,35.701208],[139.696716,35.701634],[139.696283,35.702108],[139.695667,35.70271],[139.694902,35.703426],[139.694148,35.704027],[139.6937,35.704312],[139.693239,35.704573],[139.692688,35.704843],[139.69236,35.704987],[139.691839,35.705182],[139.69121,35.705383],[139.69055,35.705566],[139.689503,35.705849],[139.688907,35.705982],[139.688362,35.706077],[139.687774,35.706156],[139.687427,35.706197],[139.686785,35.706249],[139.686345,35.706256],[139.685609,35.706249],[139.683385,35.706191],[139.682458,35.706197],[139.681939,35.706181],[139.681174,35.706157],[139.680026,35.706124],[139.679218,35.706097],[139.678419,35.706077],[139.67737,35.706048],[139.676204,35.706015],[139.675378,35.705984],[139.674151,35.705953],[139.672945,35.70591],[139.671981,35.705882],[139.671393,35.70583],[139.670431,35.705789],[139.669337,35.705764],[139.667998,35.705728],[139.666956,35.705699],[139.665752,35.705664],[139.664348,35.705633],[139.663178,35.705619],[139.661394,35.705612],[139.660345,35.70557],[139.65952,35.705533],[139.65868,35.705508],[139.658675,35.705508],[139.658045,35.705489],[139.657583,35.705476],[139.656906,35.705454],[139.655871,35.705425],[139.655196,35.705407],[139.654507,35.705393],[139.653311,35.705358],[139.652774,35.705349],[139.652205,35.705336],[139.650906,35.705289],[139.650365,35.705265],[139.649317,35.705205],[139.648462,35.705196],[139.647143,35.705183],[139.646523,35.705167],[139.645824,35.705151],[139.645257,35.705132],[139.644427,35.70511],[139.643577,35.705087],[139.642668,35.705064],[139.638236,35.704967],[139.637732,35.704953],[139.637339,35.704932],[139.636714,35.704871],[139.636693,35.704873],[139.635747,35.704796],[139.634827,35.704756],[139.634041,35.70474],[139.63305,35.704731],[139.632259,35.704704],[139.63119,35.704681],[139.630486,35.704662],[139.629945,35.704645],[139.628956,35.704616],[139.628,35.704592],[139.626796,35.704553],[139.62617,35.704547],[139.625181,35.704518],[139.624494,35.704497],[139.62371,35.704483],[139.620906,35.70442],[139.619193,35.704357],[139.618075,35.704308],[139.616572,35.704255],[139.615184,35.704229],[139.614605,35.704245],[139.614133,35.704222],[139.613591,35.704208],[139.613591,35.704208],[139.612819,35.704187],[139.612342,35.704166],[139.611748,35.704154],[139.61103,35.704132],[139.610012,35.704106],[139.609644,35.704094],[139.609073,35.704079],[139.608308,35.704056],[139.607351,35.704027],[139.606787,35.704005],[139.605946,35.703977],[139.603707,35.703914],[139.60216,35.703871],[139.601587,35.70384],[139.600935,35.703791],[139.600459,35.70375],[139.599437,35.703689],[139.598989,35.703694],[139.598094,35.703709],[139.597268,35.703719],[139.596297,35.703684],[139.595396,35.703657],[139.594793,35.703645],[139.593821,35.703614],[139.593598,35.703606],[139.592573,35.703577],[139.591701,35.703547],[139.591035,35.70353],[139.589664,35.70349],[139.583925,35.703335],[139.583097,35.703291],[139.582556,35.703245],[139.581875,35.703182],[139.581294,35.703107],[139.580944,35.703082],[139.579678,35.703034],[139.578421,35.703052],[139.577888,35.70307],[139.577315,35.703075],[139.576676,35.703074],[139.575876,35.703072],[139.575378,35.703065],[139.574909,35.703049],[139.574489,35.703039],[139.573491,35.70301],[139.572048,35.70297],[139.567751,35.702855],[139.566128,35.702812],[139.564751,35.702774],[139.563557,35.702738],[139.562887,35.702699],[139.562165,35.702641],[139.561665,35.702612],[139.560991,35.702587],[139.560278,35.702572],[139.559792,35.702567],[139.559792,35.702567]]}},{"type":"Feature","properties":{"id":"JR-East.ChuoRapid","ja":"中央線快速","en":"Chuo Line (Rapid)","color":"#F15A22"},"geometry":{"type":"LineString","coordinates":[[139.766045,35.680338],[139.766168,35.68077],[139.766415,35.68147],[139.766582,35.681828],[139.766977,35.682609],[139.767544,35.683643],[139.767797,35.684173],[139.768197,35.6852],[139.76873,35.68657],[139.769326,35.68811],[139.769867,35.689411],[139.770107,35.689976],[139.770391,35.690723],[139.770532,35.691284],[139.770753,35.691845],[139.771202,35.692742],[139.771437,35.693257],[139.771552,35.693678],[139.771603,35.694147],[139.771632,35.694514],[139.77165,35.694977],[139.771599,35.695328],[139.771476,35.695702],[139.771264,35.696105],[139.770954,35.696505],[139.770348,35.697025],[139.769567,35.697559],[139.76873,35.698191],[139.767893,35.698695],[139.767202,35.698921],[139.766151,35.699254],[139.764929,35.699548],[139.763406,35.699979],[139.762959,35.700243],[139.762283,35.700705],[139.76185,35.70098],[139.761563,35.701106],[139.761291,35.701205],[139.760919,35.701308],[139.760595,35.701369],[139.760308,35.701388],[139.759794,35.701385],[139.759214,35.701351],[139.758495,35.701311],[139.75813,35.701311],[139.757569,35.701351],[139.757062,35.701426],[139.756463,35.701559],[139.755838,35.701689],[139.755315,35.701778],[139.754781,35.701835],[139.752047,35.702047],[139.749639,35.70222],[139.747198,35.702428],[139.746752,35.702399],[139.746258,35.702304],[139.74591,35.702202],[139.745566,35.702058],[139.745234,35.701893],[139.744968,35.701709],[139.744741,35.701532],[139.744535,35.701312],[139.744357,35.701112],[139.744244,35.700931],[139.743938,35.70048],[139.743574,35.699971],[139.743129,35.699425],[139.742915,35.699175],[139.742579,35.698778],[139.740674,35.696459],[139.738408,35.693401],[139.738048,35.693018],[139.737729,35.692735],[139.736544,35.691838],[139.736177,35.691588],[139.736061,35.691495],[139.735945,35.691425],[139.735819,35.691358],[139.734182,35.690494],[139.733743,35.69021],[139.733481,35.690054],[139.733287,35.689938],[139.732595,35.689543],[139.73228,35.689316],[139.732022,35.689094],[139.731759,35.688818],[139.731541,35.688535],[139.73107,35.687844],[139.730894,35.687458],[139.730793,35.68715],[139.730616,35.686389],[139.730341,35.685329],[139.730174,35.684865],[139.729931,35.684433],[139.729602,35.684034],[139.729039,35.683512],[139.728173,35.682899],[139.727008,35.682052],[139.726426,35.681633],[139.726187,35.681454],[139.725898,35.681306],[139.724967,35.680878],[139.723718,35.680312],[139.723378,35.68018],[139.72308,35.680094],[139.722817,35.680028],[139.722548,35.679987],[139.72227,35.679954],[139.721936,35.67995],[139.721621,35.679972],[139.721276,35.680013],[139.720937,35.680058],[139.718946,35.680317],[139.716947,35.680574],[139.715222,35.680819],[139.713912,35.681003],[139.712145,35.681251],[139.710137,35.681544],[139.70958,35.681604],[139.709281,35.681616],[139.708998,35.681616],[139.708719,35.681616],[139.708208,35.681587],[139.705807,35.681431],[139.705554,35.68142],[139.705281,35.681432],[139.705043,35.681461],[139.704749,35.681515],[139.704355,35.681622],[139.704066,35.681737],[139.703797,35.681878],[139.703559,35.682005],[139.703346,35.682157],[139.703108,35.682351],[139.702931,35.682552],[139.702784,35.682717],[139.702655,35.682926],[139.702508,35.683205],[139.702417,35.683461],[139.702293,35.683945],[139.702196,35.68435],[139.70212,35.684628],[139.702051,35.6848],[139.70195,35.685045],[139.701862,35.685265],[139.701766,35.685485],[139.701669,35.685722],[139.701461,35.686237],[139.70124,35.686849],[139.701055,35.687585],[139.700841,35.688488],[139.700519,35.689972],[139.700392,35.691359],[139.700277,35.692241],[139.700037,35.693005],[139.699744,35.693982],[139.699685,35.694608],[139.699609,35.695355],[139.699449,35.69602],[139.699342,35.696407],[139.699034,35.697652],[139.698913,35.698195],[139.698695,35.698739],[139.698448,35.699171],[139.69804,35.699899],[139.697808,35.700296],[139.697329,35.701051],[139.697043,35.70144],[139.696682,35.701869],[139.696341,35.702244],[139.695993,35.702573],[139.69564,35.70292],[139.695195,35.703329],[139.694795,35.703656],[139.694396,35.703963],[139.694114,35.704162],[139.693836,35.704348],[139.69345,35.704567],[139.693028,35.704787],[139.692573,35.705],[139.692061,35.705204],[139.691328,35.705442],[139.690468,35.705704],[139.689948,35.705846],[139.688994,35.706057],[139.68785,35.70624],[139.686774,35.706344],[139.686032,35.706367],[139.685473,35.706374],[139.684817,35.70635],[139.68389,35.706321],[139.682498,35.706281],[139.681153,35.706239],[139.67995,35.706201],[139.67865,35.706163],[139.672986,35.705997],[139.672243,35.705992],[139.67112,35.70599],[139.666741,35.70599],[139.664776,35.705934],[139.663282,35.705868],[139.661697,35.705755],[139.660276,35.705673],[139.659532,35.70561],[139.65872,35.705583],[139.652684,35.705419],[139.651785,35.705396],[139.650832,35.705396],[139.649862,35.705379],[139.648327,35.705303],[139.647494,35.705266],[139.647055,35.705252],[139.638302,35.705046],[139.63627,35.704976],[139.635158,35.704906],[139.633931,35.704832],[139.632213,35.704777],[139.624083,35.704554],[139.621495,35.704525],[139.621061,35.704545],[139.619559,35.704525],[139.617937,35.70445],[139.616942,35.704376],[139.615226,35.704313],[139.614549,35.704314],[139.606536,35.70407],[139.601683,35.703923],[139.600638,35.703893],[139.599398,35.703855],[139.597557,35.703813],[139.595185,35.703728],[139.59113,35.703616],[139.587704,35.703511],[139.583435,35.70339],[139.582337,35.703322],[139.58114,35.703236],[139.579576,35.70318],[139.57807,35.703156],[139.576084,35.703147],[139.567822,35.702943],[139.56518,35.702929],[139.563244,35.702871],[139.562655,35.702806],[139.561474,35.702782],[139.558673,35.702715],[139.556823,35.702626],[139.555056,35.702493],[139.554268,35.7024],[139.553206,35.702379],[139.550617,35.702324],[139.541737,35.70207],[139.538193,35.701976],[139.526856,35.701644],[139.524809,35.701572],[139.522615,35.7015],[139.521148,35.701482],[139.520404,35.701454],[139.519477,35.701421],[139.507158,35.701134],[139.501916,35.70092],[139.500148,35.700849],[139.498691,35.700799],[139.491879,35.700586],[139.48435,35.700358],[139.481886,35.700172],[139.481453,35.700139],[139.479567,35.700081],[139.478943,35.700089],[139.477527,35.70015],[139.476002,35.700117],[139.473489,35.70004],[139.468077,35.699882],[139.466648,35.69978],[139.465159,35.699722],[139.463718,35.699696],[139.462682,35.699705],[139.462023,35.699682],[139.459878,35.699526],[139.455845,35.699422],[139.447745,35.699252],[139.445756,35.699213],[139.443995,35.699162],[139.43971,35.699021],[139.438131,35.698981],[139.434559,35.69886],[139.426958,35.698629],[139.425714,35.698555],[139.424329,35.698458],[139.423253,35.698377],[139.421986,35.698275],[139.419421,35.6981],[139.41613,35.697824],[139.415328,35.697685],[139.414601,35.697562],[139.413826,35.69752],[139.412792,35.697566],[139.412422,35.697642],[139.411512,35.697824],[139.410675,35.697955],[139.409812,35.698094],[139.408933,35.698078],[139.407988,35.697993],[139.407364,35.697862],[139.40703,35.697785],[139.406517,35.697654],[139.405938,35.697455],[139.405378,35.69722],[139.404953,35.697015],[139.404464,35.696751],[139.40407,35.696505],[139.403528,35.696119],[139.402916,35.695586],[139.402405,35.695048],[139.402065,35.694625],[139.401827,35.694289],[139.401634,35.693969],[139.401474,35.693665],[139.401246,35.693253],[139.401087,35.692939],[139.400872,35.692544],[139.400436,35.691747],[139.400022,35.690969],[139.399756,35.690462],[139.399349,35.689687],[139.398259,35.687609],[139.39459,35.680819],[139.392931,35.677676],[139.392644,35.67705],[139.392406,35.676216],[139.391893,35.674484],[139.391593,35.673262],[139.390849,35.670443],[139.390322,35.668907],[139.390037,35.667834],[139.389706,35.666957],[139.389216,35.666],[139.388978,35.665566],[139.388817,35.665326],[139.388817,35.665326],[139.388586,35.664992],[139.388275,35.664599],[139.388029,35.664326],[139.387805,35.664065],[139.387596,35.663854],[139.387016,35.663263],[139.386518,35.662838],[139.385886,35.66235],[139.385202,35.661881],[139.383234,35.660642],[139.382081,35.659885],[139.380873,35.65912],[139.379915,35.658534],[139.378978,35.657915],[139.377608,35.657025],[139.376844,35.65649],[139.374199,35.65494],[139.372763,35.654024],[139.371169,35.653015],[139.3706,35.652703],[139.369973,35.652431],[139.369321,35.652217],[139.368637,35.652058],[139.367828,35.651956],[139.367415,35.651936],[139.366708,35.651959],[139.365989,35.652034],[139.365191,35.65214],[139.364626,35.652196],[139.364143,35.652224],[139.363706,35.652205],[139.363307,35.652169],[139.362737,35.652083],[139.362309,35.65197],[139.361791,35.651807],[139.361114,35.65151],[139.359824,35.650874],[139.359327,35.650641],[139.359008,35.650493],[139.358471,35.650301],[139.358048,35.65019],[139.357634,35.650131],[139.357048,35.650074],[139.356543,35.650078],[139.356062,35.650127],[139.355639,35.650207],[139.355286,35.650311],[139.354935,35.650438],[139.354536,35.650614],[139.354192,35.650784],[139.351874,35.651935],[139.351014,35.652361],[139.349417,35.653143],[139.348548,35.653552],[139.348114,35.653732],[139.347714,35.653875],[139.347157,35.654033],[139.346372,35.654178],[139.345545,35.654317],[139.344996,35.654407],[139.344298,35.654525],[139.34371,35.654624],[139.342825,35.654781],[139.341759,35.654984],[139.340203,35.65524],[139.33927,35.655411],[139.338158,35.655606],[139.33742,35.655748],[139.3357,35.656086],[139.333906,35.656425],[139.333469,35.656482],[139.332433,35.656606],[139.329633,35.656944],[139.329046,35.657032],[139.328011,35.657237],[139.326137,35.657692],[139.324461,35.658103],[139.320247,35.659153],[139.319658,35.659271],[139.319277,35.6593],[139.318902,35.659314],[139.318577,35.659297],[139.318275,35.659261],[139.317843,35.659191],[139.317462,35.659089],[139.31716,35.658994],[139.316849,35.658865],[139.316449,35.658682],[139.31605,35.658465],[139.315638,35.65825],[139.315181,35.657999],[139.310312,35.655402],[139.300164,35.649995],[139.293164,35.646259],[139.292714,35.646038],[139.292276,35.645836],[139.291473,35.645511],[139.290928,35.645328],[139.290297,35.645107],[139.285289,35.643335],[139.283019,35.642439],[139.282109,35.642125],[139.281526,35.641919]]}},{"type":"Feature","properties":{"id":"JR-East.Tokaido","ja":"東海道線","en":"Tokaido Line","color":"#F68B1E"},"geometry":{"type":"LineString","coordinates":[[139.076554,35.102946],[139.077089,35.103291],[139.077593,35.103635],[139.079374,35.104872],[139.079964,35.10524],[139.080846,35.105751],[139.081282,35.106068],[139.081687,35.106336],[139.082246,35.106727],[139.082765,35.10718],[139.083148,35.107601],[139.083384,35.107931],[139.083636,35.108338],[139.083793,35.108627],[139.083853,35.108822],[139.083917,35.109138],[139.083942,35.10937],[139.083936,35.110464],[139.083939,35.110616],[139.083956,35.110964],[139.083987,35.111217],[139.084044,35.111475],[139.084154,35.111803],[139.084292,35.112109],[139.084423,35.112351],[139.08462,35.112633],[139.084853,35.112895],[139.085101,35.113157],[139.085488,35.113442],[139.0857,35.113592],[139.086302,35.113927],[139.088539,35.115108],[139.088818,35.115325],[139.089215,35.115691],[139.089553,35.116099],[139.089881,35.116632],[139.090113,35.117217],[139.090248,35.117783],[139.095627,35.140434],[139.095901,35.141584],[139.096069,35.142109],[139.096291,35.14254],[139.096678,35.143105],[139.097147,35.143596],[139.097673,35.144013],[139.098198,35.144326],[139.098973,35.144746],[139.100133,35.145292],[139.105196,35.14771],[139.105565,35.147905],[139.106009,35.148141],[139.106147,35.148219],[139.106392,35.148384],[139.106661,35.148609],[139.107028,35.148955],[139.107307,35.14925],[139.107536,35.149531],[139.107615,35.14965],[139.10929,35.152426],[139.109454,35.15268],[139.109671,35.152968],[139.109875,35.153194],[139.110144,35.153445],[139.110502,35.153713],[139.110822,35.153906],[139.111206,35.154103],[139.111677,35.154279],[139.11208,35.154381],[139.112412,35.154446],[139.11271,35.154486],[139.112997,35.154509],[139.113252,35.154521],[139.113607,35.154505],[139.114,35.154481],[139.114384,35.154425],[139.114666,35.154355],[139.114971,35.154259],[139.115297,35.15413],[139.116504,35.153659],[139.116892,35.153539],[139.117303,35.153425],[139.117854,35.153298],[139.118368,35.15322],[139.118835,35.153176],[139.119379,35.15316],[139.119776,35.153158],[139.120237,35.153183],[139.12078,35.153242],[139.121322,35.153337],[139.121796,35.15344],[139.122459,35.153606],[139.124019,35.154038],[139.129171,35.155452],[139.130097,35.155728],[139.130577,35.155917],[139.131213,35.15622],[139.131669,35.156493],[139.132195,35.156887],[139.132885,35.157481],[139.133345,35.157954],[139.134043,35.158676],[139.134681,35.159356],[139.136015,35.160796],[139.136213,35.161056],[139.136392,35.161332],[139.136555,35.161676],[139.136674,35.161954],[139.136738,35.162193],[139.136784,35.162436],[139.136804,35.162663],[139.136834,35.162949],[139.136824,35.16326],[139.136834,35.163454],[139.13685,35.163665],[139.136885,35.163933],[139.136908,35.164114],[139.136967,35.164335],[139.137083,35.164679],[139.137238,35.165038],[139.137604,35.165815],[139.13768,35.165987],[139.137769,35.166295],[139.137861,35.166674],[139.137891,35.167036],[139.137908,35.16762],[139.137837,35.168297],[139.137754,35.16874],[139.137678,35.169021],[139.137516,35.16951],[139.137304,35.170005],[139.136965,35.170609],[139.13673,35.170959],[139.133782,35.175155],[139.133578,35.175491],[139.133228,35.176129],[139.133043,35.176659],[139.132897,35.177044],[139.132788,35.177531],[139.13271,35.178025],[139.132684,35.17853],[139.132707,35.179199],[139.132804,35.179829],[139.132976,35.180474],[139.133223,35.181122],[139.133651,35.181911],[139.135171,35.184398],[139.13561,35.185132],[139.135777,35.185455],[139.135928,35.185828],[139.136014,35.186134],[139.136054,35.18636],[139.136107,35.186745],[139.136117,35.187021],[139.13638,35.194186],[139.136354,35.194518],[139.136318,35.194822],[139.136235,35.195162],[139.136144,35.195472],[139.135823,35.196472],[139.13574,35.196837],[139.135708,35.197284],[139.135732,35.197724],[139.135779,35.198022],[139.135973,35.198562],[139.136213,35.199005],[139.13665,35.199647],[139.138607,35.202539],[139.139344,35.20364],[139.139929,35.20457],[139.140319,35.205255],[139.140486,35.205631],[139.140596,35.20596],[139.14069,35.206463],[139.140883,35.208189],[139.140883,35.208449],[139.140857,35.208774],[139.140821,35.209033],[139.140758,35.209294],[139.140647,35.209615],[139.140493,35.209953],[139.140338,35.21019],[139.140129,35.210437],[139.13993,35.210673],[139.139038,35.211616],[139.138805,35.212016],[139.138579,35.212567],[139.13849,35.212997],[139.138453,35.213466],[139.138469,35.213771],[139.138505,35.214031],[139.138578,35.214339],[139.138713,35.214712],[139.138883,35.215042],[139.139106,35.215387],[139.139376,35.215705],[139.13973,35.216042],[139.140124,35.216344],[139.140643,35.216746],[139.140971,35.217042],[139.14119,35.217298],[139.141281,35.217414],[139.141419,35.217619],[139.141555,35.217842],[139.141671,35.218086],[139.141741,35.21828],[139.141812,35.218497],[139.14187,35.218739],[139.141907,35.218962],[139.141928,35.219269],[139.141922,35.219563],[139.141858,35.219928],[139.141789,35.22024],[139.141417,35.221406],[139.141281,35.221821],[139.14084,35.223217],[139.14062,35.224027],[139.140588,35.224441],[139.140588,35.22478],[139.140635,35.225135],[139.140702,35.22548],[139.140808,35.22584],[139.140972,35.226207],[139.141208,35.226675],[139.14155,35.227318],[139.141813,35.228044],[139.141903,35.228586],[139.142195,35.230879],[139.142214,35.231278],[139.142192,35.231648],[139.142154,35.232132],[139.142122,35.232988],[139.142144,35.233222],[139.142196,35.2335],[139.142305,35.233851],[139.14245,35.234196],[139.14262,35.234493],[139.143066,35.235111],[139.143776,35.236103],[139.143916,35.236346],[139.144042,35.236563],[139.144281,35.237114],[139.145845,35.240582],[139.146229,35.241415],[139.146554,35.242015],[139.150113,35.247789],[139.152249,35.251243],[139.153172,35.252575],[139.154888,35.254883],[139.156209,35.256689],[139.157154,35.257934],[139.157611,35.258508],[139.158032,35.258987],[139.158361,35.259386],[139.158725,35.259865],[139.159096,35.260351],[139.1593,35.260607],[139.159763,35.26111],[139.160416,35.261749],[139.161057,35.262362],[139.16234,35.263567],[139.163632,35.264807],[139.164691,35.265846],[139.165426,35.266493],[139.166615,35.267576],[139.167767,35.268654],[139.168684,35.269534],[139.172238,35.272903],[139.172974,35.273516],[139.173594,35.273938],[139.174473,35.27441],[139.175173,35.27469],[139.175768,35.274906],[139.176548,35.275113],[139.177365,35.275265],[139.17859,35.27547],[139.182488,35.27611],[139.18375,35.276346],[139.184355,35.276438],[139.196659,35.278437],[139.197689,35.278596],[139.19831,35.278681],[139.200573,35.278997],[139.201769,35.279193],[139.208042,35.280228],[139.210529,35.280581],[139.213798,35.281158],[139.216363,35.281572],[139.217049,35.281704],[139.217777,35.281901],[139.218848,35.282275],[139.220079,35.282798],[139.221871,35.283623],[139.22394,35.28455],[139.224719,35.284961],[139.225284,35.285331],[139.230015,35.288642],[139.230639,35.289072],[139.231316,35.289499],[139.232022,35.289893],[139.232755,35.290288],[139.233651,35.290709],[139.235197,35.291337],[139.236657,35.291908],[139.240049,35.293251],[139.24228,35.294102],[139.24303,35.294366],[139.24372,35.294595],[139.244923,35.294954],[139.246176,35.295289],[139.253656,35.2973],[139.254219,35.297451],[139.255012,35.297712],[139.256025,35.298129],[139.258729,35.299227],[139.259272,35.299476],[139.259664,35.299631],[139.26056,35.299991],[139.264328,35.301497],[139.270787,35.304098],[139.271344,35.304307],[139.271956,35.304505],[139.272874,35.304763],[139.273684,35.304937],[139.274325,35.305022],[139.275615,35.305193],[139.288224,35.3067],[139.294004,35.307435],[139.302328,35.308444],[139.303606,35.30861],[139.306973,35.309028],[139.308217,35.30922],[139.308988,35.309343],[139.309401,35.309425],[139.310033,35.309589],[139.310708,35.30981],[139.311523,35.310167],[139.312464,35.310708],[139.314995,35.312364],[139.31601,35.31304],[139.317337,35.313905],[139.318668,35.314765],[139.324384,35.318488],[139.326073,35.31961],[139.326859,35.320076],[139.327619,35.320482],[139.328106,35.320705],[139.328601,35.320913],[139.331978,35.3223],[139.335187,35.323617],[139.339924,35.325564],[139.340866,35.325863],[139.341755,35.326023],[139.343764,35.326367],[139.346491,35.326871],[139.347354,35.327048],[139.348489,35.327267],[139.350422,35.32762],[139.352621,35.328072],[139.35363,35.328347],[139.355286,35.328722],[139.357129,35.329131],[139.360148,35.329696],[139.361199,35.329847],[139.362336,35.330106],[139.362918,35.330246],[139.363891,35.330447],[139.371028,35.331749],[139.372016,35.331918],[139.372651,35.331985],[139.3733,35.332005],[139.373892,35.331966],[139.374441,35.331896],[139.37499,35.33178],[139.375709,35.331575],[139.376222,35.331376],[139.376702,35.331207],[139.377536,35.330949],[139.382752,35.32928],[139.383276,35.329111],[139.384069,35.328896],[139.384711,35.328754],[139.385405,35.328631],[139.386372,35.328503],[139.388835,35.328168],[139.392251,35.327727],[139.394799,35.327377],[139.395608,35.327287],[139.396416,35.327257],[139.397298,35.327293],[139.39807,35.327378],[139.39867,35.327488],[139.399488,35.327701],[139.40007,35.327893],[139.400596,35.32808],[139.403591,35.329153],[139.405642,35.329811],[139.407606,35.330481],[139.408896,35.330949],[139.409924,35.331324],[139.41083,35.331677],[139.412088,35.332204],[139.412507,35.332379],[139.412947,35.332542],[139.413833,35.332864],[139.415079,35.333315],[139.416755,35.333913],[139.41883,35.334651],[139.420177,35.335125],[139.420705,35.335287],[139.421285,35.335418],[139.421896,35.335524],[139.422732,35.33561],[139.423394,35.335652],[139.424067,35.335681],[139.44283,35.336614],[139.443726,35.336668],[139.444633,35.336733],[139.445637,35.336795],[139.446752,35.336865],[139.448561,35.336952],[139.449675,35.336968],[139.450624,35.337013],[139.451695,35.337067],[139.469191,35.337937],[139.477936,35.338385],[139.486692,35.338781],[139.487961,35.33884],[139.48849,35.33884],[139.48885,35.338828],[139.4892,35.338774],[139.489947,35.338591],[139.499621,35.336028],[139.500093,35.335906],[139.500584,35.335838],[139.501142,35.335798],[139.501659,35.335802],[139.502075,35.335831],[139.502457,35.335875],[139.503032,35.336004],[139.503586,35.336174],[139.504109,35.336387],[139.504495,35.336593],[139.508669,35.338826],[139.517286,35.343479],[139.524006,35.347087],[139.526078,35.348207],[139.527845,35.349178],[139.528472,35.349606],[139.528943,35.35004],[139.529354,35.350552],[139.529674,35.351081],[139.530084,35.351894],[139.530557,35.352879],[139.531137,35.354269],[139.531524,35.355241],[139.531645,35.355672],[139.531698,35.355965],[139.531718,35.356427],[139.531704,35.356713],[139.531634,35.357123],[139.531542,35.357452],[139.531421,35.357747],[139.531298,35.357979],[139.531157,35.358183],[139.531012,35.358376],[139.530888,35.358521],[139.530011,35.359617],[139.529813,35.359911],[139.529626,35.360276],[139.529471,35.360657],[139.529381,35.36102],[139.529336,35.361437],[139.529345,35.36179],[139.529411,35.362205],[139.529541,35.362619],[139.529784,35.363409],[139.530133,35.364571],[139.530308,35.365132],[139.53035,35.365434],[139.530376,35.365697],[139.530365,35.365974],[139.530325,35.366375],[139.530254,35.366781],[139.530122,35.367239],[139.529527,35.369519],[139.529479,35.369749],[139.529456,35.369994],[139.529456,35.370371],[139.529505,35.370728],[139.529579,35.371027],[139.529689,35.37134],[139.529978,35.371883],[139.530666,35.372994],[139.530997,35.373611],[139.531306,35.374192],[139.531561,35.374704],[139.53202,35.375604],[139.532392,35.376346],[139.532747,35.377035],[139.533331,35.378122],[139.533525,35.378535],[139.533742,35.379043],[139.533918,35.379498],[139.534055,35.379918],[139.534233,35.380468],[139.534381,35.381073],[139.534487,35.381615],[139.534568,35.382178],[139.53465,35.382927],[139.534931,35.385511],[139.535048,35.386647],[139.535199,35.388124],[139.535379,35.390068],[139.535558,35.39175],[139.535752,35.393504],[139.535825,35.394334],[139.535841,35.394671],[139.535815,35.395173],[139.535766,35.395586],[139.535691,35.39602],[139.535531,35.396581],[139.535298,35.397351],[139.535023,35.398231],[139.534766,35.399044],[139.534214,35.400764],[139.533888,35.401842],[139.533801,35.402267],[139.533731,35.402837],[139.533715,35.40336],[139.53374,35.403935],[139.533847,35.404926],[139.533934,35.405521],[139.534061,35.406108],[139.534226,35.40679],[139.534398,35.407548],[139.534553,35.40833],[139.534703,35.409136],[139.534803,35.409538],[139.534925,35.409928],[139.535171,35.41052],[139.535549,35.411196],[139.535866,35.411656],[139.53622,35.412068],[139.536418,35.412285],[139.536779,35.412614],[139.537211,35.412948],[139.538082,35.413517],[139.539156,35.414217],[139.540281,35.414914],[139.541298,35.415504],[139.542335,35.416075],[139.550705,35.42052],[139.552153,35.421285],[139.552731,35.421668],[139.552941,35.421818],[139.553301,35.422112],[139.553767,35.422523],[139.554218,35.422991],[139.554567,35.423421],[139.554906,35.423916],[139.555099,35.424275],[139.555357,35.424813],[139.556552,35.427419],[139.556795,35.428064],[139.556898,35.428565],[139.556923,35.428916],[139.556926,35.429349],[139.556921,35.43176],[139.556964,35.432166],[139.557073,35.432671],[139.557242,35.433187],[139.557476,35.433689],[139.557667,35.433997],[139.557882,35.434322],[139.558229,35.434741],[139.558724,35.435312],[139.56148,35.438384],[139.561959,35.438839],[139.56238,35.439168],[139.562877,35.439479],[139.563508,35.439817],[139.572211,35.444224],[139.575295,35.445786],[139.577005,35.446647],[139.57759,35.446826],[139.578035,35.446924],[139.578567,35.446985],[139.579079,35.446999],[139.579635,35.446955],[139.58011,35.446881],[139.594698,35.444893],[139.595107,35.444844],[139.595499,35.444826],[139.595853,35.444836],[139.596294,35.444877],[139.596733,35.444945],[139.597404,35.445117],[139.598066,35.445364],[139.598592,35.445647],[139.599153,35.446016],[139.599495,35.446287],[139.599991,35.44677],[139.600764,35.447552],[139.602112,35.448887],[139.603238,35.449894],[139.603767,35.450315],[139.60439,35.450762],[139.605055,35.45119],[139.606354,35.451916],[139.607614,35.452604],[139.609261,35.453518],[139.610968,35.454462],[139.611601,35.454818],[139.612061,35.455119],[139.612471,35.455396],[139.612762,35.45563],[139.613286,35.456117],[139.613709,35.456556],[139.614234,35.457114],[139.615097,35.458052],[139.61588,35.45891],[139.617047,35.460158],[139.61823,35.46145],[139.619553,35.462892],[139.620248,35.463633],[139.6206,35.464017],[139.62132,35.464746],[139.622506,35.46596],[139.623149,35.466675],[139.623596,35.467213],[139.62382,35.467513],[139.624363,35.468105],[139.624799,35.46863],[139.625031,35.468908],[139.625592,35.469624],[139.625983,35.470119],[139.626381,35.470557],[139.62686,35.471106],[139.627331,35.471611],[139.628016,35.472371],[139.6294,35.473891],[139.630493,35.475105],[139.633199,35.478127],[139.635066,35.480145],[139.636322,35.481477],[139.636783,35.48193],[139.637104,35.482191],[139.637555,35.482501],[139.638154,35.482804],[139.638642,35.482991],[139.639159,35.483169],[139.640003,35.483456],[139.643828,35.48474],[139.644192,35.48486],[139.644678,35.484992],[139.6453,35.485115],[139.646423,35.485308],[139.647222,35.485414],[139.647863,35.485462],[139.648779,35.485493],[139.649402,35.485527],[139.649916,35.485565],[139.650429,35.485634],[139.65092,35.485728],[139.651508,35.485873],[139.652053,35.48604],[139.652601,35.48624],[139.653105,35.486462],[139.653596,35.486707],[139.653982,35.486911],[139.654707,35.487284],[139.656272,35.488099],[139.660161,35.490129],[139.66048,35.490333],[139.660713,35.490486],[139.660993,35.490701],[139.661609,35.491207],[139.662144,35.491688],[139.663158,35.49259],[139.66418,35.493508],[139.664841,35.494082],[139.666443,35.49542],[139.667251,35.496082],[139.668078,35.496765],[139.669072,35.497586],[139.670425,35.49872],[139.671014,35.499219],[139.671748,35.499856],[139.672312,35.500345],[139.672828,35.500796],[139.673482,35.501385],[139.673738,35.50165],[139.674112,35.502072],[139.674511,35.502608],[139.674792,35.503076],[139.674992,35.50342],[139.67512,35.503719],[139.675266,35.504055],[139.6754,35.504533],[139.675547,35.505133],[139.675713,35.505875],[139.675898,35.506599],[139.676121,35.507581],[139.676321,35.50843],[139.676726,35.510146],[139.676894,35.510819],[139.677105,35.511534],[139.677487,35.512588],[139.677826,35.513474],[139.678039,35.513866],[139.679512,35.516376],[139.679726,35.516641],[139.680122,35.517098],[139.680501,35.51745],[139.681118,35.517987],[139.681889,35.518634],[139.682812,35.519405],[139.691091,35.526335],[139.6929,35.527849],[139.693792,35.528598],[139.69482,35.529469],[139.696005,35.530455],[139.69694,35.531245],[139.698624,35.532643],[139.699604,35.533455],[139.700711,35.534382],[139.701776,35.535288],[139.702396,35.535832],[139.702782,35.53626],[139.703097,35.536638],[139.706624,35.540843],[139.706828,35.541107],[139.707207,35.541667],[139.70756,35.542213],[139.707831,35.542731],[139.70816,35.543402],[139.708439,35.544066],[139.709001,35.54541],[139.710298,35.548524],[139.711142,35.550556],[139.712132,35.552929],[139.713872,35.557107],[139.714813,35.559369],[139.715313,35.560527],[139.715991,35.56203],[139.716313,35.56284],[139.716488,35.563294],[139.716696,35.563878],[139.717197,35.565098],[139.717708,35.566339],[139.718636,35.568586],[139.724322,35.582169],[139.724702,35.583072],[139.725013,35.583816],[139.72522,35.584275],[139.725449,35.584719],[139.725852,35.585379],[139.726201,35.585897],[139.726838,35.586845],[139.727776,35.58813],[139.728556,35.589311],[139.729097,35.590196],[139.729443,35.590796],[139.730048,35.591759],[139.73259,35.595737],[139.733311,35.596887],[139.73355,35.597316],[139.733723,35.597732],[139.733895,35.59825],[139.73399,35.598633],[139.734081,35.599029],[139.734133,35.599448],[139.734242,35.600307],[139.734955,35.605993],[139.735132,35.607364],[139.735302,35.608686],[139.736002,35.613919],[139.736044,35.614256],[139.736168,35.614815],[139.736329,35.615399],[139.737294,35.618836],[139.737544,35.619914],[139.73787,35.621164],[139.738299,35.62277],[139.738542,35.623717],[139.738662,35.624248],[139.7388,35.624865],[139.738908,35.62539],[139.739067,35.626029],[139.739162,35.626969],[139.739179,35.627563],[139.739185,35.628417],[139.739209,35.629643],[139.739319,35.630198],[139.739676,35.631445],[139.739826,35.632394],[139.74005,35.633273],[139.740582,35.634551],[139.741055,35.635685],[139.741467,35.636672],[139.741901,35.637715],[139.742296,35.638649],[139.742759,35.639805],[139.742981,35.640758],[139.743277,35.641757],[139.743451,35.64232],[139.743614,35.642701],[139.743835,35.643097],[139.744048,35.643375],[139.744266,35.643611],[139.744603,35.643927],[139.745097,35.644275],[139.745612,35.644554],[139.74681,35.645146],[139.748107,35.645758],[139.749486,35.646425],[139.750944,35.647135],[139.752451,35.647849],[139.752854,35.648053],[139.753218,35.648285],[139.753788,35.648692],[139.754377,35.649152],[139.75469,35.649446],[139.755138,35.649949],[139.755415,35.650324],[139.75573,35.650823],[139.75591,35.651148],[139.756196,35.651772],[139.756316,35.652067],[139.756607,35.652955],[139.756939,35.654053],[139.757218,35.654954],[139.757593,35.656337],[139.757828,35.657491],[139.757962,35.658089],[139.758384,35.659836],[139.758598,35.660883],[139.758682,35.661573],[139.758707,35.662188],[139.758703,35.662801],[139.758667,35.663295],[139.758583,35.664006],[139.758499,35.664544],[139.758451,35.66502],[139.758443,35.665671],[139.758309,35.666781],[139.758214,35.667515],[139.758224,35.667861],[139.758262,35.668179],[139.758316,35.668449],[139.758394,35.668669],[139.758539,35.669037],[139.758795,35.669498],[139.759129,35.6701],[139.760405,35.672361],[139.760678,35.67277],[139.761031,35.673166],[139.761483,35.673588],[139.762065,35.674027],[139.762757,35.674508],[139.76332,35.67493],[139.763865,35.675371],[139.7641,35.675579],[139.764528,35.675956],[139.764896,35.67638],[139.765062,35.676643],[139.765374,35.677177],[139.765645,35.677722],[139.765994,35.678324],[139.766617,35.679818],[139.766939,35.680711],[139.767404,35.681952],[139.76756,35.682577],[139.76756,35.682577],[139.76756,35.682577]]}}]}